date,broker,type,stock,industry,rating,target_price,note
2026-01-04,Aletheia 真理資本,外資,台積電(2330),,買進（調升目標價）,"2,400 元（前值 2,100 元）",
2026-01-05,伯恩斯坦 Bernstein,外資,台積電(2330),,未載（重申目標價）,"1,800 元（前值 未載）",
2026-01-06,大和 Daiwa,外資,南亞科(2408),,調升目標價（文中未載評等）,245 元（前值 120 元）,
2026-01-07,高盛 Goldman Sachs,外資,台積電(2330),,調升目標價（文中未載評等）,"2,330 元（前值 1,720 元）",
2026-01-07,摩根大通 J.P. Morgan,外資,台積電(2330),,調升目標價（文中未載評等）,"2,100 元（前值 未載）",
2026-01-07,摩根士丹利 Morgan Stanley,外資,鴻海(2317),,優於大盤,317 元（前值 未載）,
2026-01-07,高盛 Goldman Sachs,外資,鴻海(2317),,買進（列優先買進名單）,400 元（前值 400 元）,
2026-01-08,摩根士丹利 Morgan Stanley,外資,奇鋐(3017),,優於大盤（重申）,"1,800 元（前值 未載）",
2026-01-08,摩根士丹利 Morgan Stanley,外資,台達電(2308),,優於大盤（維持）,"1,288 元（前值 1,288 元）",
2026-01-08,摩根士丹利 Morgan Stanley,外資,雙鴻(3324),,中立（維持）,"1,066 元（前值 1,066 元）",
2026-01-09,美系外資（未具名）,外資,聚陽(1477),,賣出（維持）,233 元（前值 未載）,
2026-01-09,摩根士丹利 Morgan Stanley,外資,緯穎(6669),,優於大盤（調升目標價）,"5,500 元（前值 5,160 元）",
2026-01-13,摩根士丹利 Morgan Stanley,外資,緯創(3231),,優於大盤（產業首選）,215 元（前值 未載）,
2026-01-13,摩根士丹利 Morgan Stanley,外資,廣達(2382),,優於大盤,330 元（前值 未載）,
2026-01-13,摩根士丹利 Morgan Stanley,外資,台達電(2308),,優於大盤,"1,288 元（前值 1,288 元）",
2026-01-13,大和 Daiwa,外資,台達電(2308),,買進,"1,400 元（前值 未載）",
2026-01-13,里昂 CLSA,外資,台達電(2308),,優於大盤,"1,300 元（前值 未載）",
2026-01-17,摩根士丹利 Morgan Stanley,外資,南亞科(2408),,優於大盤（調升目標價）,298 元（前值 198 元）,
2026-01-17,摩根士丹利 Morgan Stanley,外資,華邦電(2344),,優於大盤（續列首選；調升目標價）,130 元（前值 88 元）,
2026-01-17,摩根士丹利 Morgan Stanley,外資,旺宏(2337),,優於大盤（調升目標價）,72.5 元（前值 48 元）,
2026-01-19,高盛 Goldman Sachs,外資,台積電(2330),,調升目標價（文中未載評等）,"2,600 元（前值 2,330 元）",
2026-01-20,摩根士丹利 Morgan Stanley,外資,南亞科(2408),,優於大盤（目標價維持）,298 元（前值 298 元）,
2026-01-23,摩根大通 J.P. Morgan,外資,華邦電(2344),,加碼（調升目標價）,140 元（前值 83 元）,
2026-01-27,野村 Nomura,外資,聯電(2303),,買進（調升目標價）,80 元（前值 未載）,
2026-01-28,摩根士丹利 Morgan Stanley,外資,旺宏(2337),,優於大盤（調升目標價）,93 元（前值 72.5 元）,
2026-01-29,美系外資（未具名）,外資,瑞昱(2379),,加碼（維持）,580 元（前值 未載）,
2026-01-30,摩根士丹利 Morgan Stanley,外資,瑞昱(2379),,中立（由優於大盤調降；調降目標價）,550 元（前值 580 元）,
2026-01-30,摩根士丹利 Morgan Stanley,外資,譜瑞-KY(4966),,中立（由優於大盤調降；調降目標價）,570 元（前值 780 元）,
2026-01-30,摩根士丹利 Morgan Stanley,外資,義隆(2458),,優於大盤（維持）,145 元（前值 未載）,
2026-01-30,摩根士丹利 Morgan Stanley,外資,祥碩(5269),,低於大盤（維持）,"1,380 元（前值 未載）",
2026-01-30,摩根士丹利 Morgan Stanley,外資,新唐(4919),,低於大盤（維持）,48 元（前值 未載）,
2026-02-01,麥格理 Macquarie,外資,廣達(2382),,未載,420 元（前值 未載）,
2026-02-01,麥格理 Macquarie,外資,智邦(2345),,未載,"1,900 元（前值 未載）",
2026-02-02,高盛 Goldman Sachs,外資,信驊(5274),,買進（調升目標價）,"12,000 元（前值 7,300 元）",
2026-02-02,摩根士丹利 Morgan Stanley,外資,創意(3443),,優於大盤（目標價維持）,"3,288 元（前值 3,288 元）",
2026-02-02,大和資本 Daiwa,外資,創意(3443),,買進（調升目標價）,"2,920 元（前值 2,450 元）",
2026-02-02,花旗 Citi,外資,創意(3443),,買進（目標價維持）,"2,725 元（前值 2,725 元）",
2026-02-02,美系外資（未具名）,外資,華邦電(2344),,評等未載（調降目標價）,108 元（前值 未載）,
2026-02-03,滙豐 HSBC,外資,遠傳(4904),,買進（調升目標價）,105 元（前值 未載）,
2026-02-03,滙豐 HSBC,外資,中華電(2412),,持有（調升目標價）,120 元（前值 未載）,
2026-02-03,滙豐 HSBC,外資,台灣大(3045),,降至持有（調降目標價）,119 元（前值 未載）,
2026-02-04,摩根大通 J.P. Morgan,外資,創意(3443),,減持（維持）,"1,900 元（前值 未載）",
2026-02-04,麥格理 Macquarie,外資,創意(3443),,優於大盤（調升目標價）,"2,895 元（前值 2,530 元）",
2026-02-04,高盛 Goldman Sachs,外資,景碩(3189),,由中立調升至買進（調升目標價）,370 元（前值 125.68 元）,
2026-02-04,高盛 Goldman Sachs,外資,南電(8046),,買進（調升目標價）,655 元（前值 340 元）,
2026-02-04,高盛 Goldman Sachs,外資,欣興(3037),,中立（調升目標價）,370 元（前值 170 元）,
2026-02-06,摩根士丹利 Morgan Stanley,外資,日月光投控(3711),,優於大盤（調升目標價）,338 元（前值 308 元）,
2026-02-06,高盛 Goldman Sachs,外資,日月光投控(3711),,買進（調升目標價）,350 元（前值 268 元）,
2026-02-06,摩根士丹利 Morgan Stanley,外資,南亞科(2408),,評等未載（調升目標價）,348 元（前值 未載）,
2026-02-06,摩根士丹利 Morgan Stanley,外資,華邦電(2344),,評等未載（調升目標價）,155 元（前值 未載）,
2026-02-06,摩根士丹利 Morgan Stanley,外資,旺宏(2337),,評等未載（調升目標價）,121 元（前值 未載）,
2026-02-06,摩根士丹利 Morgan Stanley,外資,力積電(6770),,評等未載（調升目標價）,88 元（前值 未載）,
2026-02-08,高盛 Goldman Sachs,外資,鴻海(2317),,買進（目標價維持）,400 元（前值 400 元）,
2026-02-08,摩根士丹利 Morgan Stanley,外資,鴻海(2317),,優於大盤（重申）,317 元（前值 317 元）,
2026-02-09,花旗 Citi,外資,日月光投控(3711),,正向評等（調升目標價）,400 元（前值 未載）,
2026-02-09,瑞銀 UBS,外資,日月光投控(3711),,正向評等（調升目標價）,400 元（前值 未載）,
2026-02-09,美系外資（未具名）,外資,聯詠(3034),,中立（調降目標價）,375 元（前值 385 元）,
2026-02-09,美銀 BofA Securities,外資,金像電(2368),,買進（調升目標價）,900 元（前值 755 元）,
2026-02-10,瑞銀 UBS,外資,台積電(2330),,買進（調升目標價）,"2,500 元（前值 1,800 元）",
2026-02-10,瑞銀 UBS,外資,創意(3443),,買進（調升目標價）,"3,000 元（前值 2,900 元）",
2026-02-10,瑞銀 UBS,外資,旭隼(6409),,買進（調升目標價）,"1,780 元（前值 1,776 元）",
2026-02-10,瑞銀 UBS,外資,聯電(2303),,買進（調升目標價）,100 元（前值 56 元）,
2026-02-10,亞系外資（未具名）,外資,智邦(2345),,優於大盤（重申，調升目標價）,"2,100 元（前值 未載）",
2026-02-10,外資（未具名）,外資,瑞昱(2379),,按讚（評等未載）,570 元（前值 未載）,
2026-02-11,Aletheia 資本 Aletheia Capital,外資,鴻勁(7769),,買進（調升目標價）,"5,800 元（前值 3,500 元）",
2026-02-12,里昂 CLSA,外資,台積電(2330),,強力看好,"3,030 元（前值 未載）",
2026-02-12,滙豐 HSBC,外資,信驊(5274),,評等未載（調升目標價）,"13,300 元（前值 7,600 元）",
2026-02-12,摩根士丹利 Morgan Stanley,外資,信驊(5274),,評等未載（調升目標價）,"12,345 元（前值 9,999 元）",
2026-02-12,瑞銀 UBS,外資,信驊(5274),,評等未載（調升目標價）,"11,000 元（前值 8,000 元）",
2026-02-14,美銀 BofA Securities,外資,南電(8046),,評等未載（調升目標價）,490 元（前值 170 元）,
2026-02-14,野村 Nomura,外資,創意(3443),,評等未載（調升目標價）,"2,670 元（前值 未載）",
2026-02-14,滙豐 HSBC,外資,創意(3443),,評等未載（調升目標價）,"3,120 元（前值 未載）",
2026-02-14,高盛 Goldman Sachs,外資,聯亞(3081),,評等未載（調升目標價）,"1,403 元（前值 未載）",
2026-02-14,高盛 Goldman Sachs,外資,聯發科(2454),,評等未載（調升目標價）,"2,200 元（前值 未載）",
2026-02-14,外資（未具名）,外資,群聯(8299),,評等未載（調升目標價）,"2,600 元（前值 未載）",
2026-02-22,美銀 BofA Securities,外資,世芯-KY(3661),,評等未載（調升目標價）,"4,700 元（前值 4,150 元）",
2026-02-22,美銀 BofA Securities,外資,京元電子(2449),,評等未載（調升目標價）,350 元（前值 335 元）,
2026-02-23,摩根士丹利 Morgan Stanley,外資,欣興(3037),,由中立調升至優於大盤（調升目標價）,500 元（前值 120.75 元）,
2026-02-23,摩根士丹利 Morgan Stanley,外資,南電(8046),,由劣於大盤調升至優於大盤（調升目標價）,515 元（前值 165 元）,
2026-02-24,摩根大通 J.P. Morgan,外資,凱基金(2883),,調升至買進,23.1 元（前值 未載）,
2026-02-24,美銀 BofA Securities,外資,台光電(2383),,買進（調升目標價）,"3,000 元（前值 2,300 元）",
2026-02-24,美銀 BofA Securities,外資,台燿(6274),,買進（調升目標價）,760 元（前值 665 元）,
2026-02-26,摩根士丹利 Morgan Stanley,外資,群聯(8299),,降至中立（調升目標價）,"1,800 元（前值 未載）",
2026-02-26,摩根士丹利 Morgan Stanley,外資,國巨(2327),,優於大盤（調升目標價）,325 元（前值 305 元）,
2026-02-26,摩根士丹利 Morgan Stanley,外資,欣興(3037),,優於大盤（調升目標價）,550 元（前值 500 元）,
2026-02-26,摩根士丹利 Morgan Stanley,外資,台積電(2330),,優於大盤（目標價維持）,"2,088 元（前值 2,088 元）",
2026-02-26,美系外資（未具名）,外資,欣興(3037),,評等未載（調升目標價）,未載,
2026-02-26,美系外資（未具名）,外資,南電(8046),,評等未載（調升目標價）,未載,
2026-03-01,摩根士丹利 Morgan Stanley,外資,川湖(2059),,未載（維持目標價）,"4,750 元（前值 4,750 元）",
2026-03-02,大和 Daiwa,外資,廣達(2382),,買進（維持）,370 元（前值 370 元）,
2026-03-02,摩根士丹利 Morgan Stanley,外資,廣達(2382),,未載（調升目標價）,370 元（前值 未載）,
2026-03-03,野村 Nomura,外資,緯穎(6669),,買進（維持），調升目標價,"6,670 元（前值 6,195 元）",
2026-03-03,美系外資（未具名）,外資,聯亞(3081),,買進（維持），調升目標價,"1,603 元（前值 未載）",
2026-03-03,美系外資（未具名）,外資,全新(2455),,買進（維持），調升目標價,267 元（前值 未載）,
2026-03-05,瑞銀 UBS,外資,南亞科(2408),,買進（維持），調升目標價,360 元（前值 340 元）,
2026-03-06,美系外資（未具名）,外資,智邦(2345),,加碼（維持），調升目標價,"1,850 元（前值 未載）",
2026-03-10,美系外資（未具名）,外資,聯亞(3081),,加碼（維持）,"1,081 元（前值 1,081 元）",
2026-03-17,滙豐 HSBC,外資,長榮(2603),,賣出→買進（升評）,280 元（前值 未載）,
2026-03-17,美系外資（未具名）,外資,健策(3653),,未載,"4,655 元（前值 未載）",
2026-03-18,外資（未具名）,外資,定穎(3715),,首度納入追蹤（評等未載）,215 元（前值 未載）,
2026-03-19,瑞銀 UBS,外資,南亞科(2408),,買進,未載,
2026-03-19,瑞銀 UBS,外資,台積電(2330),,買進,未載,
2026-03-19,瑞銀 UBS,外資,世芯-KY(3661),,買進,未載,
2026-03-19,瑞銀 UBS,外資,日月光投控(3711),,買進,未載,
2026-03-19,瑞銀 UBS,外資,聯發科(2454),,買進,未載,
2026-03-19,瑞銀 UBS,外資,廣達(2382),,買進,未載,
2026-03-19,瑞銀 UBS,外資,創意(3443),,買進,未載,
2026-03-19,瑞銀 UBS,外資,華碩(2357),,中立,550 元（前值 未載）,
2026-03-19,瑞銀 UBS,外資,仁寶(2324),,中立,33 元（前值 未載）,
2026-03-19,瑞銀 UBS,外資,群創(3481),,賣出,21 元（前值 未載）,
2026-03-19,美系外資（未具名）,外資,信驊(5274),,買進（維持），調升目標價,"15,000 元（前值 未載）",
2026-03-30,花旗 Citi,外資,台積電(2330),,未載（調升目標價）,"2,800 元（前值 2,600 元）",
2026-04-07,摩根大通 JPMorgan,外資,台積電(2330),,未載,"2,400 元（前值 未載）",
2026-04-10,摩根士丹利 Morgan Stanley,外資,台積電(2330),,優於大盤,"2,288 元（前值 未載）",
2026-04-10,里昂 CLSA,外資,台積電(2330),,未載,"3,030 元（前值 未載）",
2026-04-10,大和資本 Daiwa,外資,廣達(2382),,買進,370 元（前值 未載）,
2026-04-10,大和資本 Daiwa,外資,緯穎(6669),,買進,"6,000 元（前值 未載）",
2026-04-10,大和資本 Daiwa,外資,緯創(3231),,買進,220 元（前值 未載）,
2026-04-13,外資（未具名）,外資,欣興(3037),,加碼（維持）,550 元（前值 未載）,
2026-04-16,美系外資（未具名）,外資,奇鋐(3017),,正向評價，調升目標價,未載,
2026-04-16,美系外資（未具名）,外資,富世達(6805),,正向評價，調升目標價,未載,
2026-04-16,美系外資（未具名）,外資,雙鴻(3324),,調降目標價,未載,
2026-04-16,美系外資（未具名）,外資,建準(2421),,調降目標價,未載,
2026-04-16,外資（未具名）,外資,大立光(3008),,中立（維持），調升目標價,"3,060 元（前值 未載）",
2026-04-17,美系外資（未具名）,外資,台達電(2308),,調升目標價,未載,
2026-04-17,美系外資（未具名）,外資,聯發科(2454),,調升目標價,未載,
2026-04-17,高盛 Goldman Sachs,外資,聯亞(3081),,調升獲利成長預估,未載,
2026-04-17,外資（未具名）,外資,聯亞(3081),,買進（重申），調升目標價,"3,165 元（前值 未載）",
2026-04-18,花旗 Citi,外資,台積電(2330),,買進／優於大盤（原文合併敘述），調升目標價,"2,875 元（前值 2,800 元）",
2026-04-18,野村 Nomura,外資,台積電(2330),,買進／優於大盤（原文合併敘述），調升目標價,"2,820 元（前值 2,735 元）",
2026-04-18,滙豐 HSBC,外資,台積電(2330),,買進／優於大盤（原文合併敘述），調升目標價,"2,800 元（前值 2,700 元）",
2026-04-18,高盛 Goldman Sachs,外資,台積電(2330),,買進／優於大盤（原文合併敘述），維持目標價,"2,750 元（前值 2,750 元）",
2026-04-18,瑞銀 UBS,外資,台積電(2330),,買進／優於大盤（原文合併敘述），調升目標價,"2,650 元（前值 1,500 元）",
2026-04-18,摩根士丹利 Morgan Stanley,外資,台積電(2330),,買進／優於大盤（原文合併敘述），調升目標價,"2,588 元（前值 2,288 元）",
2026-04-18,美銀 BofA Securities,外資,台積電(2330),,買進／優於大盤（原文合併敘述），調升目標價,"2,560 元（前值 2,530 元）",
2026-04-18,麥格理 Macquarie,外資,台積電(2330),,買進／優於大盤（原文合併敘述），調升目標價,"2,550 元（前值 2,400 元）",
2026-04-18,法國巴黎 BNP Paribas,外資,台積電(2330),,買進／優於大盤（原文合併敘述），調升目標價,"2,520 元（前值 1,990 元）",
2026-04-18,瑞穗 Mizuho,外資,台積電(2330),,買進／優於大盤（原文合併敘述），調升目標價,"2,450 元（前值 2,300 元）",
2026-04-18,摩根大通 JPMorgan,外資,台積電(2330),,買進／優於大盤（原文合併敘述），維持目標價,"2,400 元（前值 2,400 元）",
2026-04-18,大和資本 Daiwa,外資,台積電(2330),,買進／優於大盤（原文合併敘述），調升目標價,"2,330 元（前值 2,000 元）",
2026-04-20,外資（未具名）,外資,台光電(2383),,調升目標價,"4,020 元（前值 未載）",
2026-04-20,外資（未具名）,外資,金像電(2368),,調升目標價,"1,380 元（前值 未載）",
2026-04-20,外資（未具名）,外資,臻鼎-KY(4958),,調升目標價,338 元（前值 未載）,
2026-04-23,美系外資（未具名）,外資,聯亞(3081),,中立（Equal-weight，維持），調升目標價,"2,850 元（前值 1,505 元）",
2026-04-23,日系外資（未具名）,外資,聯亞(3081),,賣出（維持），調升目標價,未載,
2026-04-26,美銀 BofA Securities,外資,奇鋐(3017),,買進（維持），調升目標價,"3,540 元（前值 2,225 元）",
2026-04-26,高盛 Goldman Sachs,外資,國巨(2327),,調升目標價,346 元（前值 302 元）,
2026-04-26,高盛 Goldman Sachs,外資,聯發科(2454),,未載,"2,454 元（前值 未載）",
2026-04-26,摩根士丹利 Morgan Stanley,外資,聯發科(2454),,未載,"2,588 元（前值 未載）",
2026-04-26,麥格理 Macquarie,外資,聯發科(2454),,未載,"2,800 元（前值 未載）",
2026-04-26,美銀 BofA Securities,外資,欣興(3037),,調升目標價,875 元（前值 未載）,
2026-04-26,美銀 BofA Securities,外資,南電(8046),,調升目標價,960 元（前值 未載）,
2026-04-26,高盛 Goldman Sachs,外資,台燿(6274),,調升目標價,"1,165 元（前值 未載）",
2026-04-27,摩根士丹利 Morgan Stanley,外資,創意(3443),,優於大盤，調升目標價,"4,888 元（前值 3,288 元）",
2026-04-27,滙豐 HSBC,外資,欣興(3037),,買進，調升目標價,"1,060 元（前值 605 元）",
2026-04-27,滙豐 HSBC,外資,景碩(3189),,買進，調升目標價,643 元（前值 300 元）,
2026-04-27,滙豐 HSBC,外資,南電(8046),,買進，調升目標價,"1,050 元（前值 480 元）",
2026-04-27,高盛 Goldman Sachs,外資,奇鋐(3017),,買進，調升目標價,"3,536 元（前值 2,259 元）",
2026-04-27,瑞銀 UBS,外資,貿聯-KY(3665),,買進，調升目標價,"3,430 元（前值 1,949 元）",
2026-04-27,亞系外資（未具名）,外資,欣興(3037),,調升目標價,未載,
2026-04-27,亞系外資（未具名）,外資,南電(8046),,調升目標價,未載,
2026-04-27,亞系外資（未具名）,外資,景碩(3189),,調升目標價,未載,
2026-04-28,美系外資（未具名）,外資,台達電(2308),,建議加碼，調升目標價,"2,600 元（前值 1,700 元）",
2026-04-30,野村 Nomura,外資,欣興(3037),,未載,"1,350 元（前值 600 元）",
2026-04-30,歐系外資（未具名）,外資,日月光投控(3711),,偏多（原文：九大外資評等全面維持偏多），調升目標價,660 元（前值 未載）,
2026-05-04,高盛 Goldman Sachs,外資,聯發科(2454),,買進（重申）；調升目標價,"5,000 元（前 2,454 元）",
2026-05-04,美系外資（未具名）,外資,台達電(2308),,調升目標價（評等未載）,未載,
2026-05-04,美系外資（未具名）,外資,致茂(2360),,調升目標價（評等未載）,未載,
2026-05-04,摩根士丹利 Morgan Stanley,外資,亞德客-KY(1590),,優於大盤（維持）；調升目標價,"2,000 元（前 1,850 元）",
2026-05-04,里昂 CLSA,外資,創意(3443),,優於大盤（重申）；調升目標價,"6,000 元（前 3,600 元）",
2026-05-05,美系外資（未具名）,外資,智邦(2345),,加碼（維持）；調升目標價,"2,750 元（前 未載）",
2026-05-05,美系外資（未具名）,外資,創意(3443),,加碼（維持）,"4,888 元（前 未載）",
2026-05-05,美系外資（未具名）,外資,家登(3680),,調升目標價（評等未載）,未載,
2026-05-05,美系外資（未具名）,外資,穎崴(6515),,調升目標價（評等未載）,未載,
2026-05-06,高盛 Goldman Sachs,外資,信驊(5274),,買進（維持）；調升目標價,"22,000 元（前 20,000 元）",
2026-05-06,美系外資（未具名）,外資,環球晶(6488),,調升目標價（評等未載）,未載,
2026-05-06,美系外資（未具名）,外資,新唐(4919),,減碼（維持）,98 元（前 未載）,
2026-05-07,亞系外資（未具名）,外資,奇鋐(3017),,調升目標價（評等未載）,未載,
2026-05-07,亞系外資（未具名）,外資,台達電(2308),,調升目標價（評等未載）,未載,
2026-05-07,美系外資（未具名）,外資,技嘉(2376),,調升目標價（評等未載）,未載,
2026-05-07,美系外資（未具名）,外資,研華(2395),,調升目標價（評等未載）,未載,
2026-05-07,大和 Daiwa,外資,智邦(2345),,買進；調升目標價,"3,222 元（前 1,820 元）",
2026-05-08,美系外資（未具名）,外資,智邦(2345),,加碼（維持）；調升目標價,"3,150 元（前 2,750 元）",
2026-05-08,美系外資（未具名）,外資,川湖(2059),,調升目標價（評等未載）,未載,
2026-05-08,美系外資（未具名）,外資,文曄(3036),,調升目標價（評等未載）,未載,
2026-05-08,亞系外資（未具名）,外資,南電(8046),,調升目標價（評等未載）,未載,
2026-05-11,美系外資（未具名）,外資,智邦(2345),,調升目標價（評等未載）,未載,
2026-05-11,美系外資（未具名）,外資,世芯-KY(3661),,優於大盤（維持）,"5,088 元（前 未載）",
2026-05-11,日系外資（未具名）,外資,世芯-KY(3661),,正向看法（維持）；調升目標價,"6,000 元（前 4,700 元）",
2026-05-11,美系外資（未具名）,外資,緯創(3231),,加碼（重申）；調升目標價,210 元（前 205 元）,
2026-05-11,亞系外資（未具名）,外資,上銀(2049),,買進（維持）；調升目標價,440 元（前 300 元）,
2026-05-12,日系外資（未具名）,外資,緯穎(6669),,買進（維持）；調升目標價,"8,500 元（前 6,670 元）",
2026-05-12,美系外資（未具名）,外資,啟碁(6285),,買進（維持）；調升目標價,318 元（前 未載）,
2026-05-13,日系外資（未具名）,外資,瑞昱(2379),,買進（重申）；調升目標價,615 元（前 575 元）,
2026-05-13,美系外資（未具名）,外資,華碩(2357),,減碼（維持）；調升目標價,570 元（前 525 元）,
2026-05-13,日系外資（未具名）,外資,貿聯-KY(3665),,買進（重申）；調升目標價,"3,053 元（前 2,545 元）",
2026-05-15,亞系外資（未具名）,外資,世芯-KY(3661),,調升目標價（評等未載）,"6,542 元（前 5,000 元）",
2026-05-15,亞系外資（未具名）,外資,矽力*-KY(6415),,調升目標價（評等未載）,702 元（前 504 元）,
2026-05-15,美系外資（未具名）,外資,廣達(2382),,加碼（維持）；調降目標價,385 元（前 400 元）,
2026-05-15,摩根士丹利 Morgan Stanley,外資,奇鋐(3017),,優於大盤（維持）；調升目標價,"3,333 元（前 2,950 元）",
2026-05-18,大和 Daiwa,外資,技嘉(2376),,買進（由持有上調兩級）；調升目標價,422 元（前 260 元）,
2026-05-18,摩根士丹利 Morgan Stanley,外資,技嘉(2376),,中立（維持）；調升目標價,375 元（前 295 元）,
2026-05-18,美系外資（未具名）,外資,全新(2455),,買進；調升目標價,504 元（前 未載）,
2026-05-18,外資（未具名）,外資,矽力*-KY(6415),,由中立調升至買進；調升目標價,650 元（前 310 元）,
2026-05-19,摩根士丹利 Morgan Stanley,外資,欣興(3037),,買進（維持）；調升目標價,"1,225 元（前 未載）",
2026-05-19,摩根士丹利 Morgan Stanley,外資,南電(8046),,買進（維持）；調升目標價,"1,275 元（前 未載）",
2026-05-19,摩根士丹利 Morgan Stanley,外資,臻鼎-KY(4958),,升評至買進；調升目標價,570 元（前 未載）,
2026-05-19,美系外資（未具名）,外資,聯電(2303),,由中立調升至買進,138 元（前 未載）,
2026-05-19,瑞銀 UBS,外資,智邦(2345),,初評買進,"3,400 元（前 未載）",
2026-05-20,外資（未具名）,外資,儒鴻(1476),,買進（重申）；調升目標價,560 元（前 540 元）,
2026-05-20,美系外資（未具名）,外資,台燿(6274),,買進（維持）,"1,888 元（前 未載）",
2026-05-21,摩根士丹利 Morgan Stanley,外資,大聯大(3702),,優於大盤（維持）；調升目標價,160 元（前 121 元）,
2026-05-21,摩根士丹利 Morgan Stanley,外資,文曄(3036),,優於大盤（維持）；調升目標價,349 元（前 299 元）,
2026-05-26,摩根士丹利 Morgan Stanley,外資,聯發科(2454),,調升目標價（評等未載）,"5,088 元（前 2,988 元）",
2026-05-27,里昂 CLSA,外資,聯發科(2454),,高度確信優於大盤（重申）；調升目標價,"5,922 元（前 4,500 元）",
2026-06-01,摩根士丹利 Morgan Stanley,外資,緯創(3231),,加碼,210 元（前值 未載）,
2026-06-01,摩根士丹利 Morgan Stanley,外資,廣達(2382),,加碼,385 元（前值 未載）,
2026-06-01,摩根士丹利 Morgan Stanley,外資,南亞科(2408),,未載,380 元（前值 未載）,
2026-06-01,摩根士丹利 Morgan Stanley,外資,華邦電(2344),,未載,222 元（前值 未載）,
2026-06-01,美系外資（未具名）,外資,昇達科(3491),,買進,"2,513 元（前值 未載）",
2026-06-01,摩根士丹利 Morgan Stanley,外資,瑞昱(2379),,中立（維持）,570 元（前值 未載）,
2026-06-05,摩根士丹利 Morgan Stanley,外資,旺宏(2337),,未載（列為記憶體首選）,202 元（前值 未載）,
2026-06-05,花旗 Citigroup,外資,台達電(2308),,買進,"2,480 元（前值 未載）",
2026-06-05,花旗 Citigroup,外資,鴻海(2317),,買進,360 元（前值 未載）,
2026-06-05,花旗 Citigroup,外資,奇鋐(3017),,買進,"3,450 元（前值 未載）",
2026-06-05,花旗 Citigroup,外資,信驊(5274),,買進,"22,500 元（前值 未載）",
2026-06-08,高盛 Goldman Sachs,外資,川湖(2059),,買進（維持）,"7,664 元（前值 4,386 元）",
2026-06-08,摩根士丹利 Morgan Stanley,外資,川湖(2059),,加碼,"6,650 元（前值 未載）",
2026-06-09,花旗 Citigroup,外資,大立光(3008),,中立調升至買進；調升目標價,"5,325 元（前值 3,060 元）",
2026-06-09,野村 Nomura,外資,大立光(3008),,買進（重申）；調升目標價,"4,310 元（前值 未載）",
2026-06-15,大和 Daiwa,外資,台燿(6274),,買進（重申）；調升目標價,"2,122 元（前值 1,680 元）",
2026-06-15,高盛 Goldman Sachs,外資,緯穎(6669),,買進（維持）,"7,147 元（前值 7,147 元，維持）",
2026-06-16,大和 Daiwa,外資,台光電(2383),,買進（維持）；調升目標價,"6,022 元（前值 5,234 元）",
2026-06-16,歐系外資（未具名）,外資,大立光(3008),,買進；調升目標價,"5,000 元（前值 3,150 元）",
2026-06-16,美系外資（未具名）,外資,大立光(3008),,降評至中立,"3,600 元（前值 未載）",
2026-06-16,Aletheia資本 Aletheia Capital,外資,台積電(2330),,買進；調升目標價,"3,500 元（前值 3,000 元）",
2026-06-19,高盛 Goldman Sachs,外資,台光電(2383),,未載（調升目標價）,"6,000 元（前值 未載）",
2026-06-19,花旗 Citigroup,外資,台燿(6274),,未載（調升目標價）,"1,950 元（前值 1,600 元）",
2026-06-21,摩根士丹利 Morgan Stanley,外資,緯穎(6669),,未載（調升目標價）,"7,500 元（前值 5,800 元）",
2026-06-21,麥格理 Macquarie,外資,智邦(2345),,未載,"3,500 元（前值 未載）",
2026-06-21,里昂 CLSA,外資,智邦(2345),,強力看好,"3,500 元（前值 未載）",
2026-06-21,花旗 Citigroup,外資,金像電(2368),,未載（調升目標價）,"1,740 元（前值 未載）",
2026-06-22,摩根大通 JPMorgan,外資,南亞(1303),,優於大盤（維持）；調升目標價,200 元（前值 125 元）,
2026-06-23,麥格理 Macquarie,外資,台積電(2330),,優於大盤（維持）；調升目標價,"3,380 元（前值 2,550 元）",
2026-06-24,摩根士丹利 Morgan Stanley,外資,國巨(2327),,未載（調升目標價）,"1,515 元（前值 未載）",
2026-06-24,大和 Daiwa,外資,南電(8046),,買進；調升目標價,"1,444 元（前值 未載）",
2026-06-24,摩根大通 JPMorgan,外資,創新服務(7828),,首次評等 優於大盤,"4,000 元（前值 未載，初評）",
2026-06-25,瑞銀 UBS,外資,聯發科(2454),,未載（調升目標價）,"6,500 元（前值 5,500 元）",
2026-06-25,摩根士丹利 Morgan Stanley,外資,聯發科(2454),,未載（調升目標價）,"5,588 元（前值 5,088 元）",
2026-06-27,摩根士丹利 Morgan Stanley,外資,華邦電(2344),,未載（調升目標價）,288 元（前值 222 元）,
2026-06-27,摩根士丹利 Morgan Stanley,外資,南亞科(2408),,未載（調升目標價）,550 元（前值 380 元）,
2026-06-27,摩根士丹利 Morgan Stanley,外資,旺宏(2337),,未載（調升目標價）,220 元（前值 202 元）,
2026-06-27,摩根士丹利 Morgan Stanley,外資,力積電(6770),,未載（調升目標價）,111 元（前值 88 元）,
2026-06-29,麥格理 Macquarie,外資,聯發科(2454),,優於大盤（維持）；調升目標價,"10,000 元（前值 5,850 元）",
2026-06-29,瑞銀 UBS,外資,台積電(2330),,買進；調升目標價,"3,400 元（前值 3,000 元）",
2026-06-29,里昂 CLSA,外資,台積電(2330),,強力看好（維持）；調升目標價,"3,330 元（前值 3,250 元）",
2026-06-30,摩根士丹利 Morgan Stanley,外資,台積電(2330),,未載（調升目標價）,"2,888 元（前值 未載）",
2026-07-02,瑞銀 UBS,外資,日月光投控(3711),,買進（重申）；調升目標價,835 元（前值 660 元）,
2026-07-03,高盛,外資,聯發科(2454),,買進,6800,
2026-07-04,高盛,外資,台積電(2330),,買進,3000,
2026-07-06,花旗,外資,台積電(2330),,買入,3800,
2026-07-07,Factset彙整,外資,臻鼎-KY(4958),,強力買進,636.5,
2026-07-07,Factset彙整,外資,南亞科(2408),,買進,548,
2026-07-07,Factset彙整,外資,台光電(2383),,,6600,
2026-07-07,Factset彙整,外資,南電(8046),,,1300,
2026-07-07,Factset彙整,外資,勤誠(8210),,,1790,
2026-07-07,Factset彙整,外資,川湖(2059),,,7115,
2026-07-07,Factset彙整,外資,儒鴻(1476),,,455,
2026-07-07,日系外資(未具名),外資,南亞科(2408),,未揭露,650,
2026-07-08,Factset彙整,外資,台積電(2330),,強力買進,2888,
2026-07-08,Factset彙整,外資,穩懋(3105),,觀望,562.5,
2026-07-08,Factset彙整,外資,聯詠(3034),,,475,
2026-07-08,Factset彙整,外資,創意(3443),,,5699,
2026-07-08,Factset彙整,外資,F-矽力(6415),,,600,
2026-07-08,小摩,外資,台積電(2330),,增持,3100,
2026-07-08,小摩,外資,愛普*(6531),,未揭露,1350,
2026-07-08,美系外資(未具名),外資,順達(3211),,買進(初評),800,
2026-07-09,Goldman Sachs,外資,萬潤(6187),,買進,1550,
2026-07-09,外資(未具名),外資,聯發科(2454),,未揭露,10000,
2026-07-10,凱基投顧,內資,南亞科(2408),,記憶體首選,720,
2026-07-11,瑞銀,外資,台達電(2308),,喊買,待確認,
2026-07-12,美銀,外資,記憶體族群(南亞科2408/華邦電2344/旺宏2337),,無(產業觀點),無,
2026-07-12,伯恩斯坦,外資,記憶體族群(南亞科2408/華邦電2344/旺宏2337),,無(產業觀點),無,
2026-07-12,廣發證券,外資(陸資),記憶體需求面(輝達供應鏈),,無(產業觀點),無,
2026-07-12,未具名法人,內資,載板三雄(欣興3037/南電8046/景碩3189),,無(產業觀點),無,
2026-07-12,高盛,外資,川湖(2059),,未揭露,12000,
2026-07-12,伯恩斯坦,外資,大立光(3008),,優於大盤,5150,
2026-07-12,元大投顧,內資,台積電(2330),,買進,3200,
2026-07-12,中時彙整(六家外資),外資,台積電(2330),,無(彙整),無,
2026-07-13,高盛,外資,南電(8046),,買進(首選),2310,
2026-07-13,高盛,外資,景碩(3189),,買進,1120,
2026-07-13,高盛,外資,欣興(3037),,中立,1140,
2026-07-13,高盛,外資,臻鼎-KY(4958),,買進,824,
2026-07-13,瑞銀,外資,南亞科(2408),,買進,555,
2026-07-13,大摩,外資,南亞科(2408),,優於大盤,580,
2026-07-13,美銀,外資,南亞科(2408),,買進,660,
2026-07-13,本土投顧(未具名),內資,大立光(3008),,買進,5643,
2026-07-13,小摩,外資,台塑(1301),,優於大盤,60,
2026-07-13,小摩,外資,南亞(1303),,優於大盤,200,
2026-07-13,小摩,外資,台化(1326),,優於大盤,60,
2026-07-13,小摩,外資,台塑化(6505),,優於大盤,65,
2026-07-13,官股投顧(未具名),內資,力積電(6770),,買進,85,
2026-07-14,官股投顧(未具名),內資,南亞科(2408),,強力買進,1000,
2026-07-14,民營金控投顧(未具名),內資,南亞科(2408),,增持,521,
2026-07-14,民營金控投顧(未具名),內資,華邦電(2344),,增持,123,
2026-07-14,民營金控投顧(未具名),內資,旺宏(2337),,買進,182,
2026-07-14,民營金控投顧(未具名),內資,群聯(8299),,增持,2735,
2026-07-14,TechNews彙整(七家法人),外資,台積電(2330),,無(彙整),無,
2026-07-15,美銀,外資,萬潤(6187),,買進(初評),1500,
2026-07-15,大摩,外資,台積電(2330),,加碼(法說前情境分析),無(未揭露),
2026-07-15,小摩,外資,南亞(1303),,優於大盤,300,
2026-07-15,統一投顧,內資,南亞(1303),,未揭露(看多),300,
2026-07-15,Factset彙整,外資,聯電(2303),,,92.5,
2026-07-15,Factset彙整,外資,晶碩(6491),,,410,
2026-07-15,小摩,外資,力積電(6770),,優於大盤,100,
2026-07-15,大和資本,外資,南電(8046),,未揭露(產業首選),2444,
2026-07-16,小摩,外資,華邦電(2344),,加碼,360,
2026-07-16,麥格理,外資,聯電(2303),,優於大盤(初評),258,
2026-07-16,Factset彙整,外資,力積電(6770),,,88.8,
2026-07-16,歐系外資(未具名),外資,南茂(8150),,未揭露(升評),156,
2026-07-16,本土投顧(未具名),內資,南亞科(2408),,買進,548,
2026-07-16,高盛,外資,穎崴(6515),,買進,13000,
2026-07-16,大型本國投顧(未具名),內資,勤誠(8210),,無(預估上修),無,
2026-07-16,美銀,外資,台積電(2330),,買進,3100,
2026-07-16,Wedbush,外資,台積電(2330),,跑贏大盤,3000,
2026-07-16,海納國際(SIG),外資,台積電(2330),,買進,ADR 600美元,
2026-07-16,Needham,外資,台積電(2330),,買進,ADR 480美元,
2026-07-16,野村,外資,台積電(2330),,未揭露,3425,
2026-07-16,Factset彙整,外資,台積電(2330),,,3090,
2026-07-16,麥格理,外資,台積電(2330),,優於大盤,4200,
2026-07-16,瑞穗,外資,台積電(2330),,未揭露,3150,
2026-07-16,法巴,外資,台積電(2330),,未揭露,2890,
2026-07-16,麥格理,外資,欣興(3037),,優於大盤,1400,
2026-07-16,麥格理,外資,景碩(3189),,優於大盤,945,
2026-07-16,歐系外資(未具名),外資,台達電(2308),,買進(維持),2750,
2026-07-17,美系外資(未具名),外資,台積電(2330),,無(觀點),無,
2026-07-17,鉅亨彙整(外資圈),外資,台積電(2330),,無(彙整),無,
2026-07-17,亞系外資(未具名),外資,台積電(2330),,中立(降評),2700,
2026-07-17,凱基投顧,內資,光寶科(2301),,增持,275,
2026-07-17,統一投顧,內資,光寶科(2301),,買進,240,
2026-07-18,瑞銀,外資,台積電(2330),,未揭露(看多),3650,
2026-07-18,滙豐,外資,台積電(2330),,未揭露(看多),3400,
2026-07-18,小摩,外資,台積電(2330),,未揭露(看多),3200,
2026-07-18,高盛,外資,台積電(2330),,未揭露(看多),3100,
2026-07-18,大和資本,外資,台積電(2330),,未揭露(看多),3000,
2026-07-18,大摩,外資,台積電(2330),,加碼(拉回就買),2988,
2026-07-18,Factset彙整,外資,台積電ADR(TSM),,,ADR 513美元,
2026-07-19,本土投顧(老字號未具名),內資,凱基金(2883),,買進,37,
2026-07-19,本土投顧(老字號未具名),內資,國泰金(2882),,買進(調升),120,
2026-07-19,蔡明翰(資深分析師/鈔錢部署),內資,南亞科(2408),,無(觀點評析),無,
2026-07-19,旺得富彙整(法人低接方向),內資,記憶體錯殺4檔(旺宏2337/華邦電2344/力積電6770/群聯8299),,無(產業觀點),無,
2026-07-19,美銀,外資,記憶體族群(DRAM/NAND通路調查),,無(產業觀點),無,
2026-07-19,美銀,外資,長鑫存儲供應鏈(記憶體),,無(產業觀點),無,
2026-07-19,Factset彙整,外資,台積電(2330),,,3160,
2026-07-19,Factset彙整,外資,玉山金(2884),,,36,
2026-07-19,大和資本,外資,台燿(6274),,買進,2122,
2026-07-19,大和資本,外資,信驊(5274),,買進,20220,
2026-07-19,大和資本,外資,嘉澤(3533),,買進,3533,
2026-07-19,大和資本,外資,台達電(2308),,買進,2922,
2026-07-20,老牌投顧(未具名),內資,力成(6239),,買進,400,
2026-07-20,龍頭券商旗下投顧(未具名),內資,中砂(1650),,買進,760,
2026-07-20,龍頭券商旗下投顧(未具名),內資,帆宣(6196),,買進,650,
2026-07-20,龍頭券商旗下投顧(未具名),內資,崇越(5434),,買進,650,
2026-07-20,龍頭券商旗下投顧(未具名),內資,京鼎(3413),,買進,380,
2026-07-20,郭明錤(天風國際),外資,台積電CoPoS供應鏈(面板/載板廠),,無(產業觀點),無,
2026-07-20,高盛,外資,台光電(2383),,買進,9500,
2026-07-20,高盛,外資,台燿(6274),,買進,2860,
2026-07-20,小摩,外資,貿聯-KY(3665),,優於大盤,3100,
2026-07-20,瑞銀,外資,緯穎(6669),,買進(ODM首選),7000,
2026-07-20,瑞銀,外資,緯創(3231),,未揭露(看多),225,
2026-07-20,法人(未具名),內資,鈊象(3293),,買進,無,
2026-07-20,Factset彙整,外資,台化(1326),,樂觀5中立3,67.45,
2026-07-20,統一投信,內資,漲價四大族群(ABF/CCL/被動元件/AWS輝達谷歌鏈),,無(產業觀點),無,
2026-07-21,民營金控投顧(未具名),內資,台達電(2308),,買進(維持),2500,
2026-07-21,大和資本,外資,邁科(6831),,買進(初評),1150,
2026-07-21,大摩,外資,記憶體族群(美光等 關聯台股南亞科2408/華邦電2344/旺宏2337),,無(產業觀點),無,
2026-07-22,富邦投顧,內資,南亞科(2408),,買進,548,
2026-07-22,中信投顧,內資,南亞科(2408),,增持,521,
2026-07-22,玉山投顧,內資,南亞科(2408),,買進,600,
2026-07-22,國票投顧,內資,南亞科(2408),,強力買進,750,
2026-07-22,市值王金控旗下投顧(未具名),內資,欣興(3037),,買進,1100,
2026-07-22,龍頭券商旗下投顧(未具名),內資,華通(2313),,買進,256,
2026-07-22,大型投顧(未具名),內資,研華(2395),,未揭露(看好),450,
2026-07-22,大型投顧(未具名),內資,樺漢(6414),,買進(最推之一),345,
2026-07-22,大型投顧(未具名),內資,神基(3005),,買進(最推之一),130,
2026-07-22,本土民營金控旗下投顧(未具名),內資,台塑(1301),,增加持股,70,
2026-07-22,摩根大通(小摩),外資,聯發科(2454),,看多,5300,
2026-07-22,未具名法人,內資,南亞(1303),,買進,340,
2026-07-22,凱基投顧等(彙整),內外資,ABF三雄(南電8046/欣興3037/景碩3189),,無(產業觀點),無,
2026-07-22,瑞銀,外資,鴻海(2317),,買進(維持),320,
2026-07-22,本土投顧(未具名),內資,南亞科(2408),,未揭露(看好),720,
2026-07-22,大摩,外資,旺宏(2337),,大中華區半導體首選,無,
2026-07-22,本土券商(未具名),內資,旺宏(2337),,未揭露(看好),220,
2026-07-22,本土大咖法人(未具名),內資,華邦電(2344),,強力買進(維持),285,
2026-07-23,大摩,外資,國巨*(2327),,優於大盤,1465,
2026-07-23,凱基投顧,內資,國巨*(2327),,買進(初次研究),1250,
2026-07-23,滙豐,外資,緯穎(6669),,看多,8400,
2026-07-23,滙豐,外資,緯創(3231),,看多,待確認,
2026-07-23,美系外資(未具名),外資,台達電(2308),,買進(維持),2280,
2026-07-23,美系外資(未具名),外資,神達(3706),,買進(維持),117,
2026-07-23,美系外資(未具名),外資,信驊(5274),,優於大盤(重申),20888,
2026-07-23,富邦證券,內資,聯發科(2454),,看多,6000,
2026-07-23,法人(未具名),內資,環球晶(6488),,未揭露(續看好),1600,
2026-07-23,本土老牌投顧(未具名),內資,尖點(8021),,買進(維持),600,
2026-07-23,法人(未具名),內資,長興(1717),,買進(初評),86,
2026-07-23,法人(未具名),內資,緯創(3231),,買進(重申),240,
2026-07-23,大摩,外資,旺宏(2337),,NAND首選(優於大盤),220,
2026-07-23,Factset彙整,外資,台化(1326),,樂觀5中立2,70,
2026-07-23,Factset彙整,外資,景碩(3189),,,940,
2026-07-23,Factset彙整,外資,國巨*(2327),,,1262.5,
2026-07-24,法人(未具名),內資,臻鼎-KY(4958),,增加持股(維持),695,
2026-07-24,日系外資(未具名),外資,邁科(6831),,買進(重申),1325,
2026-07-24,美系外資(未具名),外資,信邦(3023),,買進(維持),370,
2026-07-24,野村,外資,鴻勁(7769),,看多,11100,
2026-07-24,野村,外資,穎崴(6515),,看多,8315,
2026-07-24,野村,外資,旺矽(6223),,看多,8000,
2026-07-24,野村,外資,致茂(2360),,看多,2845,
2026-07-24,玉山證券,內資,志聖(2467),,看多,673,
2026-07-24,中國信託綜合證券,內資,勤誠(8210),,看多,1685,
2026-07-24,中國信託綜合證券,內資,長廣(7795),,看多,500,
2026-07-24,券商2家(未具名),待確認,竑騰(7751),,看多,1595~1625,
2026-07-24,宏遠證券,內資,世界健身-KY(2762),,看多,107,
2026-07-24,國泰(證券/投顧),內資,英業達(2356),,中立,65,
2026-07-24,本土法人(未具名),內資,中鋼(2002),,買進(維持),23,
2026-07-24,法人(未具名),內資,亞德客-KY(1590),,未揭露(看好),無,
2026-07-24,花旗,外資,國巨*(2327),,買進(維持),1500,
2026-07-25,金控龍頭旗下投顧(未具名),內資,台塑(1301),,買進(初評),78,
2026-07-25,官股金控旗下投顧(未具名),內資,華邦電(2344),,強力買進,285,
2026-07-25,本土法人(未具名),內資,力積電(6770),,買進(中立升評),80,
2026-07-26,民營金控旗下投顧(未具名),內資,巨大(9921),,增持(維持),108,
2026-07-26,統一投顧(總經理廖婉婷),內資,AI硬體供應鏈(台積電2330/HBM/GPU),,無(產業觀點),無,
2026-07-26,本土法人(未具名),內資,華通(2313),,買進,315,
2026-07-26,Factset彙整(10位分析師),外資,穎崴(6515),,共識(未列評等),12600,
2026-07-26,歐系外資(未具名),外資,南茂(8150),,看好(調升目標價),待確認,
2026-07-26,國泰證期,內資,長興(1717),,看好(未明列評等),75,
2026-07-26,法人(未具名),內資,帆宣(6196),,買進(沿用),650,
2026-07-26,法人(未具名),內資,威剛(3260),,看好(無評等),無,
2026-07-27,龍頭券商旗下投顧(未具名),內資,漢翔(2634),,買進(首度升評),80,
2026-07-27,本土投顧(未具名),內資,樺漢(6414),,買進(維持),463,
2026-07-27,本土投顧(未具名),內資,神基(3005),,買進(維持),125,
2026-07-27,野村,外資,致茂(2360),,買進(重啟研究),2845,
2026-07-27,大摩/花旗,外資,國巨*(2327),,優於大盤/買進(維持),1465,
2026-07-27,公司/業界,待確認,臻鼎-KY(4958),,無(公司動態),無,
2026-07-27,日系外資(未具名),外資,穩懋(3105),,買進(由持有調升),449,
2026-07-27,美系外資A(未具名),外資,穩懋(3105),,賣出(維持),142,
2026-07-27,美系外資B(未具名),外資,穩懋(3105),,減碼(維持),300,
2026-07-27,大摩,外資,記憶體族群(南亞科2408/華邦電2344/威剛3260/十銓4967),,看多(產業觀點),無,
2026-07-27,大摩,外資,群創(3481),,保守(未揭露評等),無,
2026-07-27,大摩,外資,友達(2409),,最保守(未揭露評等),無,
2026-07-27,美系外資B(未具名),外資,萬潤(6187),,買進(維持),1550,
2026-07-27,美系外資A(未具名),外資,萬潤(6187),,買進(初評),1500,
2026-07-27,瑞銀(UBS),外資,萬潤(6187),,買進(首次評等),1550,
2026-07-27,本土老牌投顧(未具名),內資,亞翔(6139),,買進,1100,
2026-07-27,券商2家(未具名),內資,亞翔(6139),,看多,1280~1500,
2026-07-27,本土老牌投顧(未具名),內資,欣銓(3264),,買進(維持),270,
2026-07-27,本土大型投顧(未具名),內資,穩懋(3105),,買進(維持),461,
2026-07-27,法人(未具名),內資,南亞(1303),,未明列評等,260,
2026-07-27,Factset彙整(9位分析師),外資,川湖(2059),,共識(未列評等),9000,
2026-07-27,Factset彙整(15位分析師),外資,台燿(6274),,共識(未列評等),1975,
2026-07-27,第一金證券,內資,長榮航(2618),,看多,48,
2026-07-27,Factset彙整(15位分析師),外資,台燿(6274),,共識(未列評等),1975,
2026-07-27,國票投顧,內資,中鋼(2002),,買進(維持),24,
2026-07-27,華南投顧,內資,中鋼(2002),,買進(維持),22.8,
2026-07-27,美系外資(未具名),外資,聯發科(2454),,產業首選TopPick(維持),5588,
2026-07-27,永豐投顧,內資,穩懋(3105),,買進(維持),395,
2026-07-28,本土大咖投顧(未具名),內資,華碩(2357),,買進,1200,
2026-07-28,本土大咖投顧(未具名),內資,技嘉(2376),,買進,440,
2026-07-28,本土大咖投顧(未具名),內資,微星(2377),,買進,160,
2026-07-28,本土大咖投顧(未具名),內資,華擎(3515),,買進,310,
2026-07-28,法人(未具名),內資,台達電(2308),,買進(維持),2565,
2026-07-28,法人(未具名),內資,光寶科(2301),,買進(維持),280,
2026-07-28,高盛,外資,旺矽(6223),,買進(維持),8000,
2026-07-28,Factset彙整(22位分析師),外資,聯電(2303),,積極12/中立10/保守3,120,
2026-07-28,Factset彙整(13位分析師),外資,京元電子(2449),,共識(未列評等),361.9,
2026-07-28,Factset彙整(7位分析師),外資,台塑(1301),,共識(未列評等),70,
2026-07-28,Factset彙整(10位分析師),外資,華航(2610),,共識(未列評等),24.5,
2026-07-28,本土投顧(未具名),內資,記憶體族群(旺宏2337/華邦電2344/南亞科2408/力積電6770),,無(產業觀點),無,
2026-07-28,永豐投顧,內資,大盤策略,,無(大盤觀點),無,
2026-07-28,富達國際,外資,全球AI主題,,無(產業觀點),無,
2026-07-28,玉山投信(毛宗毅),內資,美股與算力指數,,無(產業觀點),無,
2026-07-28,花旗,外資,國巨*(2327),,買進(重申),1500,
2026-07-28,摩根士丹利(大摩),外資,記憶體三雄(旺宏2337/南亞科2408/華邦電2344),,優於大盤(重申),無,
2026-07-28,法人(未具名),待確認,矽格(6257),,看好(未明列評等),335,
2026-07-28,大和資本,外資,台燿(6274),,買進(維持),2320,
2026-07-28,美系外資(未具名),外資,貿聯-KY(3665),,加碼(維持),3665,
2026-07-28,日系外資(未具名),外資,貿聯-KY(3665),,買進(維持),3053,
2026-07-28,高盛,外資,昇達科(3491),,買進(維持),2513,
2026-07-28,本土老牌投顧(未具名),內資,奇鋐(3017),,買進(維持),3835,
2026-07-28,美系外資(未具名),外資,寶雅(5904),,買進(重申),745,
2026-07-28,永豐投顧,內資,晶碩(6491),,買進(維持),372,
2026-07-28,統一投顧,內資,晶碩(6491),,買進(維持),417,
2026-07-28,永豐投顧,內資,視陽(6782),,買進(維持),279,
2026-07-28,統一投顧,內資,視陽(6782),,買進(維持),256,
2026-07-28,永豐投顧,內資,望隼(4771),,買進(維持),243,
2026-07-28,統一投顧,內資,望隼(4771),,買進(維持),263,
2026-07-28,法人(未具名),內資,川湖(2059),,獲利上修(未列評等),無,
2026-07-28,高盛,外資,旺矽(6223),,買進(重申),8000,
2026-07-28,美系外資(未具名),外資,聯發科(2454),,未載明評等,5300,
2026-07-28,歐系外資(未具名),外資,南茂(8150),,調升目標價(未揭露),待確認,
2026-07-28,本土大型金控旗下投顧(未具名;自由財經標籤指凱基待確認),內資,旺宏(2337),,增持(維持),218,
2026-07-28,Factset彙整(5位分析師),外資,台塑化(6505),,積極樂觀4位/中立2,90,
2026-07-29,金控龍頭旗下投顧(未具名),內資,昇達科(3491),,推薦(未明列評等),1930,
2026-07-29,金控龍頭旗下投顧(未具名),內資,啟碁(6285),,推薦(未明列評等),292,
2026-07-29,金控龍頭旗下投顧(未具名),內資,華通(2313),,推薦(未明列評等),324,
2026-07-29,金控龍頭旗下投顧(未具名),內資,穩懋(3105),,推薦(未明列評等),500,
2026-07-29,本土投顧(未具名),內資,上銀(2049),,買進(維持),431,
2026-07-29,法人(未具名),內資,威剛(3260),,看好(無評等),無,
2026-07-29,施羅德投信,內資,大盤策略,,逢低買進(大盤觀點),無,
2026-07-29,專家評論(陳榮華)引述大摩/花旗,外資,國巨*(2327),,大摩增持/花旗買進(引述既有報告),1465,
2026-07-29,Factset彙整(10位分析師),外資,旺宏(2337),,共識(未列評等),183,
2026-07-29,本土法人(未具名),內資,欣興(3037),,買進(上修EPS),1200,
2026-07-29,Factset彙整(20位分析師),外資,欣興(3037),,共識(未列評等),1175,
2026-07-29,Factset彙整(13位分析師),外資,智原(3035),,共識(未列評等),198.5,
2026-07-29,日系外資(未具名),外資,智原(3035),,買進(維持),195,
2026-07-29,美系外資(未具名),外資,智原(3035),,偏空(評等待確認),待確認,
2026-07-29,Factset彙整(6位分析師),外資,力積電(6770),,積極樂觀5位/中立0/保守0,100,
2026-07-29,Factset彙整(6位分析師),外資,群創(3481),,積極1/中立4/保守1,70,
2026-07-29,美系外資/花旗(沿用既有報告),外資,國巨*(2327),,優於大盤/買進(沿用),1465/1500,
2026-07-29,公司法說(無券商評等),－,聯電(2303),,無(公司展望),無,
2026-07-29,中信投顧,內資,大盤策略,,無(大盤觀點),無,
2026-07-29,Factset彙整(22位分析師),外資,聯電(2303),,共識(未列評等),120,
2026-07-29,Factset彙整(20位分析師),外資,亞德客-KY(1590),,共識(未列評等),1900,
2026-07-29,Factset彙整(16位分析師),外資,瑞昱(2379),,共識(未列評等),617.5,
2026-07-29,台新投顧(總經理黃文清),內資,大盤策略,,無(大盤觀點),無,
2026-07-29,公司財報(無券商評等),－,台光電(2383),,無(公司財報),無,
2026-07-29,公司法說(無券商評等),－,順達(3111),,無(公司展望),無,
2026-07-29,第一金投顧(黃詣庭),內資,大盤策略,,無(大盤觀點),無,
2026-07-29,台新投顧(副董事長李鎮宇),內資,大盤策略,,無(大盤觀點),無,
2026-07-29,美系外資(未具名),外資,力成(6239),,未揭露(上調),360,
2026-07-29,歐系外資(未具名),外資,力成(6239),,未揭露(上調),260,
2026-07-29,本土法人(多家彙整),內資,力成(6239),,未揭露,400,
2026-07-30,高盛,外資,台光電(2383),,買進(維持),10200,
2026-07-30,高盛,外資,台燿(6274),,買進(維持),3010,
2026-07-30,外資A(未具名),外資,國巨*(2327),,未揭露(下調),1450,
2026-07-30,外資B(未具名),外資,國巨*(2327),,未揭露(下調),1280,
2026-07-30,本土法人(多家彙整),內資,國巨*(2327),,未揭露(下調),688~1240,
2026-07-30,摩爾投顧(蔡慶龍),內資,聯發科(2454),,無(產業觀點),無,
2026-07-30,FactSet彙整,外資,力成(6239),,共識(未列評等),310,
2026-07-30,公司法說(無券商評等),－,台達電(2308),,無(公司展望),無,
2026-07-30,法人(未具名),內資,南亞(1303),,無(觀點),無,
2026-07-30,倫元投顧(陳學進),內資,大盤策略,,無(大盤觀點),無,
2026-07-30,日系外資(未具名),外資,欣興(3037),,買進(維持),1500,
2026-07-30,美系外資A(未具名),外資,欣興(3037),,買進(維持),1500,
2026-07-30,美系外資B(未具名),外資,欣興(3037),,加碼(維持),1465,
2026-07-30,美系外資C(未具名),外資,欣興(3037),,中立(維持),1220,
2026-07-30,美系外資D(未具名),外資,欣興(3037),,買進(維持),1200,
2026-07-30,美系外資A(未具名),外資,聯電(2303),,加碼(維持),138,
2026-07-30,美系外資B(未具名),外資,聯電(2303),,買進(維持),125,
2026-07-30,高盛,外資,國巨*(2327),,買進(維持),1280,
2026-07-30,花旗,外資,國巨*(2327),,買進(維持),1450,
2026-07-30,高盛,外資,信驊(5274),,買進(重申),22000,
2026-07-31,日系外資(未具名),外資,日月光投控(3711),,未揭露(上調),800,
2026-07-31,日美歐系外資(5家彙整),外資,日月光投控(3711),,未揭露(上調),628~750,
2026-07-31,本土法人(5家彙整),內資,日月光投控(3711),,未揭露(上調),700以上,
2026-07-31,公司法說(無券商評等),－,聯發科(2454),,無(公司展望),無,
2026-07-31,公司法說(無券商評等),－,光寶科(2301),,無(公司財報),無,
2026-07-31,法人(未具名),內資,川湖(2059),,無(觀點),無,
2026-07-31,法人(未具名),內資,京元電子(2449),,無(觀點),無,
2026-07-31,本土法人(未具名),內資,奇鋐(3017),,無(偏多),無,
2026-07-31,法人(未具名),內資,緯穎(6669),,無(觀點),無,
2026-07-31,法人(未具名),內資,新盛力(4931),,無(觀點),無,
2026-07-31,統一投顧,內資,大盤策略,,無(大盤觀點),無,
2026-07-31,國泰證期研究部,內資,大盤策略,,無(大盤觀點),無,
2026-07-31,兆豐國際投顧(副總黃國偉),內資,大盤策略,,無(大盤觀點),無,
2026-07-31,集邦科技TrendForce,研調,記憶體與被動元件產業,,無(產業研調),無,
2026-07-31,美系外資A(推定高盛),外資,鴻勁(7769),,買進(維持),12500,
2026-07-31,美系外資B(推定花旗),外資,鴻勁(7769),,買進(維持),11000,
2026-07-31,美系外資C(推定大摩),外資,鴻勁(7769),,加碼(維持),10008,
2026-07-31,美系外資A(未具名),外資,瑞昱(2379),,買進(維持),630,
2026-07-31,美系外資B(未具名),外資,瑞昱(2379),,中立,717,
2026-07-31,歐系外資(未具名),外資,瑞昱(2379),,中立(維持),690,
2026-07-31,日系外資(未具名),外資,瑞昱(2379),,買進(維持),未揭露,
2026-07-31,富邦投顧陳奕光/第一金投顧黃詣庭/凱基投顧朱晏民(3家彙整),內資,大盤策略,,無(大盤觀點),無,
2026-07-31,聯邦投信(009804經理人周彥名),內資,大盤策略,,無(大盤觀點),無,
2026-08-01,富邦投顧(董事長陳奕光),內資,大盤策略,,無(大盤觀點),無,
2026-08-01,分析師(未具名),內資,大盤策略,,無(大盤觀點),無,
2026-08-01,花旗,外資,日月光投控(3711),,買進(維持),750,
2026-08-01,摩根士丹利(大摩),外資,日月光投控(3711),,優於大盤(重申),628,
2026-08-01,本土投顧(未具名),內資,日月光投控(3711),,買進,685,
2026-08-01,高盛(具名確認),外資,鴻勁(7769),,買進(維持),12500,
2026-08-01,花旗(具名確認),外資,鴻勁(7769),,買進(維持),11000,
2026-08-01,摩根士丹利(具名確認),外資,鴻勁(7769),,優於大盤(維持),10008,
2026-08-01,本土大型投顧(未具名),內資,全新(2455),,買進,475,
2026-08-01,本土大型投顧(未具名),內資,環宇-KY(4991),,買進,865,
2026-08-01,本土大型投顧(未具名),內資,晶技(3042),,買進,245,
2026-08-01,本土大型投顧(未具名),內資,源傑科技(7917),,未給評等(看好),無,
2026-08-01,民營金控旗下投顧,內資,中鋼(2002),,買進,23,
2026-08-01,民營金控旗下投顧,內資,東和鋼鐵(2006),,買進,79,
2026-08-01,民營金控旗下投顧,內資,豐興(2015),,買進,72,
2026-08-01,大型本國投顧(未具名),內資,亞德客-KY(1590),,調升目標價(評等未明示),待確認,
2026-08-01,法人(未具名),內資,新日興(3376),,未給評等,無,
2026-08-01,凱基投顧朱晏民/群益投顧蔡明彥/第一金投顧黃詣庭/台新投顧黃文清(4家彙整),內資,大盤策略,,無(大盤觀點),無,
2026-08-01,FactSet分析師共識(11位分析師),彙整,光寶科(2301),,積極樂觀7/中立5/保守0,250,
2026-08-01,FactSet分析師共識(7位分析師),彙整,中興電(1513),,積極樂觀4/中立1,191,
2026-08-02,輝達NVIDIA(資深副總裁Gilad Shainer)+集邦科技TrendForce,研調,光通訊產業(CPO/矽光子),,無(產業消息),無,
2026-08-02,法人(未具名),內資,東典光電(6588),,未給評等(短線價位觀點),107,
2026-08-02,台新投顧(總經理黃文清)/安聯投信(蕭惠中)/施羅德投信(柯鴻旼)(3家彙整),內資,大盤策略,,無(大盤觀點),無,
2026-08-02,公司訊息(無券商評等),－,鴻勁(7769),,無(公司訊息),無,
2026-08-02,公司展望(無券商評等),－,PC三雄(宏碁2353/微星2377/華碩2357),,無(公司展望),無,
2026-08-02,元大投顧/永豐投顧(2家彙整),內資,大盤策略,,無(大盤觀點),無,
2026-08-02,法人(未具名),內資,主題選股(華通2313/宇瞻8271/聯一光3441),,無(操作建議),無,
2026-08-02,公司法說(無券商評等),－,聯發科(2454),,無(公司財測),無,
2026-08-03,統一投顧(協理陳晏平),內資,大盤策略,,無(大盤觀點),無,
2026-08-03,第一金投顧(協理黃奕銓),內資,大盤策略,,無(大盤觀點),無,
2026-08-03,群益投顧(董事長蔡明彥),內資,大盤策略,,無(大盤觀點),無,
2026-08-03,凱基投信(投資長歐陽渭棠),內資,大盤策略,,無(大盤觀點),無,
2026-08-03,台新投顧黃文清/華南投顧呂仁傑/永豐投顧曾信凱/元富投顧江浩農(4家彙整),內資,大盤策略,,無(大盤觀點),無,
2026-08-03,富邦/永豐/台新/統一(4家大型法人彙整),內資,大盤策略,,無(大盤觀點),無,
2026-08-03,產業消息(無券商評等),－,Google TPU供應鏈(台積電2330/聯發科2454/鴻海2317/英業達2356),,無(產業消息),無,
2026-08-03,法人(未具名),內資,竑騰(7751),,無(營收預估),無,
2026-08-03,法人(未具名),內資,中興電(1513),,無(營運看好),無,
2026-08-03,法人(未具名),內資,中磊(5388),,無(獲利預估),無,
2026-08-03,公司展望(無券商評等),－,背光模組三雄(瑞儀6176/中光電5371/達運6120),,無(公司展望),無,
2026-08-03,－(近24小時無新觀點),－,萬潤(6187),,無新評等,無新目標價,
2026-08-03,高盛(分析師虞成敬),外資,聯發科(2454),,買進(維持),7000,
2026-08-03,花旗(分析師陳佳儀),外資,聯發科(2454),,買進(維持),6800,
2026-08-03,滙豐,外資,聯發科(2454),,中立(維持),4250,
2026-08-03,麥格理/美銀/瑞銀(轉述提及),外資,聯發科(2454),,買進或優於大盤,麥格理10000(外資圈最高) 美銀瑞銀待確認,
2026-08-03,摩根士丹利(大摩),外資,南亞科(2408),,優於大盤,580,
2026-08-03,摩根大通(小摩),外資,華邦電(2344),,優於大盤,360,
2026-08-03,摩根士丹利(大摩),外資,愛普*(6531),,優於大盤(維持),1555,
2026-08-03,本土法人(多家彙整),內資,晶碩(6491),,偏多(維持),400~441,
2026-08-03,高盛(產業觀點),外資,PCB/ABF載板族群,,無(產業觀點),無,
2026-08-03,中國信託投信(經理人葉松炫)+法人(未具名),內資,PCB族群(欣興3037/景碩3189/台燿6274/聯茂6213/金居8358),,無(ETF產品觀點/族群觀察),無,
2026-08-03,富邦投顧(董事長陳奕光),內資,大盤策略,,無(大盤觀點),8月區間40000~45000點,
2026-08-03,台新投顧(總經理黃文清)+法人(未具名),內資,大盤策略,,無(大盤觀點),8月區間39000~46000點,
2026-08-03,公司訊息(無券商評等),－,盛群(6202),,無(公司展望),無,
2026-08-03,權證專欄(市場預估 非券商評等),－,奇鋐(3017)/貿聯-KY(3665),,無(權證操作建議),無,
2026-08-03,－(近24小時無新觀點),－,萬潤(6187),,無新評等,無新目標價,
2026-08-04,元大投顧,內資,友達(2409),,持有-超越同業(維持),23.8,
2026-08-04,凱基投顧,內資,友達(2409),,持有(維持),23.6,
2026-08-04,高盛(閉門會議),外資,台積電(2330),,未明示(閉門會議觀點),無(本則未列目標價),
2026-08-04,高盛(閉門會議),外資,聯發科(2454),,未明示(閉門會議觀點),無(本則未列目標價),
2026-08-04,瑞銀(高級亞洲及中國經濟分析師鄧維慎)+外資共識彙整,外資,台灣總經+外資共識9檔,,無(總經觀點),無,
2026-08-04,華南投顧(董事長呂仁傑),內資,大盤策略,,無(大盤觀點),Q3 39000~45000點 Q4上看50000點,
2026-08-04,－(近24小時無新觀點),－,萬潤(6187),,無新評等,無新目標價,
2026-08-04,證交所/櫃買中心(制度變革 非券商觀點),－,市場制度,,無(制度公告),無,
2026-08-04,高盛,外資,景碩(3189),,買進(重申),1125,
2026-08-04,本土法人(原文未具名投顧),內資,光寶科(2301),,買進,370,
2026-08-04,本土法人(原文未具名),內資,聯發科(2454),,強力買進(由買進上修),5625,
2026-08-04,花旗(分析師陳佳儀),外資,台灣半導體產業6檔(台積電2330/聯電2303/日月光投控3711/台達電2308/聯發科2454/創意3443),,買進(六檔全數),本則未列個別目標價,
2026-08-04,法人(原文未具名),內資,鴻勁(7769),,買進(維持),7000,
2026-08-04,法人(未具名),內資,川湖(2059),,無評等(獲利上修),本則未列目標價,
2026-08-04,多家外資(未具名),外資,國巨*(2327),,正向,千元以上(數字待確認),
2026-08-04,永誠國際投顧(投資總監陳威良),內資,國巨*(2327)與禾伸堂(3026),,技術面反彈目標(非正式評等),國巨750元/禾伸堂656~657元,
2026-08-04,康和證券(投資總監廖繼弘)+永豐投顧(總經理黃柏棠)+凱基投顧,內資,大盤策略,,無(大盤觀點),壓力45000~46000點 最佳情境42000~45000點震盪,
2026-08-04,TrendForce(研調機構 非券商評等),－,AI伺服器/CSP資本支出/DRAM產業,,無(研調數據),無,
2026-08-04,美系外資(8/4轉述 與8/3同批報告),外資,南亞科(2408)與華邦電(2344),,優於大盤,南亞科580/華邦電360,
2026-08-04,－(近24小時無新觀點),－,萬潤(6187),,無新評等,無新目標價,
2026-08-05,麥格理,外資,聯電(2303),,正向,258,
2026-08-05,瑞銀,外資,聯電(2303),,正向,230,
2026-08-05,中信投顧+金控旗下投顧,內資,聯電(2303),,買進(升評),本則未列目標價,
2026-08-05,花旗環球,外資,頎邦(6147),,買進,230,
2026-08-05,瑞銀(分析師蘇厚合),外資,頎邦(6147),,買進(維持),290,
2026-08-05,凱基投顧,內資,南亞科(2408),,增持,720,
2026-08-05,群益投顧,內資,南亞科(2408),,買進,556,
2026-08-05,群益投顧(券商歸屬待確認),內資,十銓(4967),,買進,本則未列目標價,
2026-08-05,元大投顧,內資,全新(2455),,買進(維持),430,
2026-08-05,永豐投顧,內資,全新(2455),,買進(維持),373,
2026-08-05,本土法人(未具名),內資,昇達科(3491),,買進(維持),1900,
2026-08-05,本土大型投顧(未具名),內資,台燿(6274),,買進(維持),1600,
2026-08-05,大和資本證券,外資,聯發科(2454),,買進(升評),本則未列目標價,
2026-08-05,本土投顧(未具名),內資,聯發科(2454),,買進,5400,
2026-08-05,花旗環球(研究部主管陳佳儀),外資,半導體五天王(台積電2330/聯電2303/日月光投控3711/聯發科2454/創意3443),,五檔全數正向,本則未列個別目標價,
2026-08-05,富邦投顧(董事長陳奕光)+華南投顧(董事長呂仁傑),內資,大盤策略,,無(大盤觀點),壓力43785(月線)~44142(季線) 支撐41967(5日線)~41610(7/31低點),
2026-08-05,工商時報證券投資總監廖繼弘(專欄)+玉山投顧(總經理陳正偉),內資,大盤策略,,無(大盤觀點),短線42000~45000點震盪 月均量須回升至1.2兆元 日成交金額須站上1.3兆元,
2026-08-05,輝達/產業訊息(無券商評等),－,光通訊CPO族群(穩懋3105/全新2455/環宇-KY4991/華星光4979/IET-KY4971),,無(產業訊息),無,
2026-08-05,公司法說(無券商評等),－,世界先進(5347)與環球晶(6488),,無(公司展望),無,
2026-08-05,研調機構/市場數據(非券商評等),－,記憶體產業/緯創3231/市場制度,,無(研調數據),無,
2026-08-05,－(近24小時無新觀點),－,萬潤(6187),,無新評等,無新目標價,
2026-08-05,外資(未具名),外資,緯穎(6669),,看多,10000,
2026-08-05,法人(未具名),內資,聯電(2303),,正向(未明示評等),本則未列目標價,
2026-08-05,法人(未具名),內資,和碩(4938),,正向(未明示評等),本則未列目標價,
2026-08-05,公司財報(無新券商評等),－,帆宣(6196),,無新評等,無新目標價(沿用7/20 650元),
2026-08-05,公司財報+法說(無新券商評等),－,研華(2395),,無新評等,無新目標價(沿用628元),
2026-08-05,公司財報(無新券商評等),－,威剛(3260),,無新評等,無目標價,
2026-08-05,公司財報(無新券商評等),－,臻鼎-KY(4958),,無新評等,無新目標價(沿用695元),
2026-08-05,公司財報(無新券商評等),－,聯詠(3034),,無新評等,無新目標價(沿用475元),
2026-08-05,美國FCC政策研擬(非券商評等),－,光通訊族群(聯亞3081/全新2455/華星光4979/聯鈞3450/波若威3163/訊芯-KY6451/前鼎4908/眾達-KY4977),,無(政策訊息),無,
2026-08-05,市場數據/產業訊息(非券商評等),－,大盤/力積電6770/永擎7711/文曄3036/環球晶6488,,無(市場數據),無,
2026-08-05,－(近24小時無新觀點),－,萬潤(6187),,無新評等,無新目標價,
2026-08-06,花旗環球(分析師陳佳儀),外資,世界先進(5347),,正向(未明示評等),185(升至),
2026-08-06,凱基投顧,內資,世界先進(5347),,買進(升評),2字頭(200以上),
2026-08-06,金控旗下投顧(未具名),內資,世界先進(5347),,買進(升評),2字頭(200以上),
2026-08-06,野村+摩根大通,外資,世界先進(5347),,未明示(正向),2字頭(200以上),
2026-08-06,國泰證期研究+中信投顧,內資,世界先進(5347),,未明示(正向),2字頭(200以上),
2026-08-06,元大投顧,內資,世界先進(5347),,買進,200,
2026-08-06,高盛證券,外資,大立光(3008),,維持正向(未明示評等字眼),6263,
2026-08-06,美銀證券,外資,大立光(3008),,調升至買進,5600,
2026-08-06,摩根大通(分析師楊維倫),外資,大立光(3008),,未揭露(擇優布局),本則未列目標價,
2026-08-06,富邦投顧,內資,景碩(3189),,買進(維持),1000,
2026-08-06,永豐投顧,內資,景碩(3189),,未明示(族群買進想法不變),1020,
2026-08-06,永豐投顧,內資,欣興(3037),,未明示(族群買進想法不變),1575,
2026-08-06,老字號本土法人(未具名),內資,南亞(1303),,買進(維持),228,
2026-08-06,群益證券,內資,南亞(1303),,看多,228,
2026-08-06,元大投顧,內資,奇鋐(3017),,看多,3855,
2026-08-06,投顧研究機構(未具名),內資,奇鋐(3017),,買進,本則未列目標價,
2026-08-06,金控旗下投顧研究機構(未具名),內資,晶技(3042),,買進,本則未列目標價(沿用8/1 245元),
2026-08-06,15家投顧+外資券商(均未具名),內外資,亞德客-KY(1590),,均給予買進,1750~2000(區間),
2026-08-06,群益證券,內資,穩懋(3105),,看多,456,
2026-08-06,群益證券,內資,環宇-KY(4991),,看多,564,
2026-08-06,群益證券,內資,台玻(1802),,看多,63,
2026-08-06,5家券商(未具名 屬性待確認),待確認,達發(6526),,皆看多,630~750(區間),
2026-08-06,中國信託綜合證券,內資,仁大資訊(7767),,看多,60,
2026-08-06,2家券商(未具名 1買進1中立),待確認,富邦媒(8454),,買進與中立(分歧),275~285(區間),
2026-08-06,凱基投顧+統一投顧+中信投顧,內資,環球晶(6488),,增加持股/買進/增加持股,1500/1350/1080,
2026-08-06,法人(未具名),內資,華碩(2357),,無評等,無目標價(僅EPS預估),
2026-08-06,美系外資(未具名),外資,上銀(2049),,無評等(青睞),無目標價,
2026-08-06,法人(未具名),內資,德微(3675),,無評等,無目標價,
2026-08-06,法人(未具名),內資,麗臺(2465),,無評等,無目標價,
2026-08-06,公司法說(無新券商評等),－,研華(2395),,無新評等,無新目標價(沿用628元),
2026-08-06,公司/財訊(無券商評等),－,聯電(2303),,無(公司展望),無,
2026-08-06,董事會決議(無券商評等),－,南亞科(2408),,無(公司決議),無,
2026-08-06,法人(未具名 無評等),－,光通訊8檔(聯亞3081/全新2455/訊芯-KY6451/前鼎4908/華星光4979/聯鈞3450/波若威3163/上詮3363),,無(法人點名),無,
2026-08-06,康和證券(投資總監廖繼弘)+富邦投顧(董事長陳奕光)+統一投顧(董事長黎方國)+兆豐期貨(經理郭偉政),內資,大盤策略,,無(大盤觀點),壓力45000~48000前波大量套牢區 統一投顧估40000~44500反覆打底,
2026-08-06,第一金投顧(董事長黃詣庭)+台新投顧(總經理黃文清),內資,大盤策略,,無(大盤觀點),以均線描述未給點位(8/5跳空站上20日均線並突破60日均線),
2026-08-06,－(近24小時無新觀點),－,萬潤(6187),,無新評等,無新目標價,
2026-08-06,美系外資(未具名),外資,新唐(4919),,減碼(維持),95,
2026-08-06,美系外資(未具名),外資,義隆(2458),,加碼(維持),250,
2026-08-06,美系外資(未具名),外資,智邦(2345),,加碼(維持),3800,
2026-08-06,美系外資A(未具名),外資,信驊(5274),,買進(維持),20455,
2026-08-06,美系外資B(未具名),外資,信驊(5274),,買進(維持),20888,
2026-08-06,Factset彙整,外資,緯創(3231),,共識(未列評等),243,
2026-08-06,Factset彙整,外資,嘉澤(3533),,共識(未列評等),3000,
2026-08-06,Factset彙整,外資,新日興(3376),,共識(未列評等),276,
2026-08-06,－(近24小時無新觀點),－,萬潤(6187),,無新評等,無新目標價,
2026-08-06,－(未變動不重複計列),－,旺宏(2337)與環球晶(6488),,無變動,183 / 1442.5,
2026-08-06,Factset彙整,外資,啟碁(6285),,超越市場,302,
2026-08-06,Factset彙整,外資,順德(2351),,加碼,233,
2026-08-06,Factset彙整,外資,研華(2395),,超越市場(重申),550,
2026-08-06,Factset彙整,外資,力成(6239),,強力買進,335,
2026-08-06,Factset彙整,外資,文曄(3036),,共識(未列評等),305,
2026-08-06,Factset彙整,外資,慧洋-KY(2637),,共識(未列評等),88,
2026-08-07,瑞銀證券,外資,力積電(6770),,買進(升評),100,
2026-08-07,摩根大通,外資,力積電(6770),,未明示(正向),100,
2026-08-07,摩根士丹利,外資,力積電(6770),,未明示(正向),111,
2026-08-07,法人(未具名),內資,緯創(3231),,買進,253,
2026-08-07,法人(未具名),內資,國巨*(2327),,買進,688,
2026-08-07,台新證券,內資,順達(3211),,買進,485,
2026-08-07,花旗環球證券,外資,金像電(2368),,正向(未明示評等),本則未列目標價,
2026-08-07,投顧研究機構(未具名),內資,金像電(2368),,正向(未明示評等),本則未列目標價,
2026-08-07,大和資本證券,外資,金像電(2368)與世芯-KY(3661),,產業正向(未列個股評等),本則未列目標價,
2026-08-07,法人+金控旗下研究機構(均未具名),內資,世芯-KY(3661),,正向(未明示評等),本則未列目標價,
2026-08-07,群益金鼎證券,內資,達發(6526),,正向(未明示評等),本則未列目標價,
2026-08-07,法人(未具名),內資,緯穎(6669),,無評等,無目標價,
2026-08-07,－(無券商評等),－,東鋼(2006),,無評等,無目標價,
2026-08-07,第一金投顧(董事長黃詣庭),內資,15檔籌碼穩定股,,選股建議(無個別評等),無個別目標價,
2026-08-07,萬寶投顧(總監蔡明彰)+永豐投顧(總經理黃柏棠),內資,大盤策略,,無(大盤觀點),44K~45K以上為套牢深水區 上檔關卡45234點與45000點,
2026-08-07,－(近24小時無新觀點),－,萬潤(6187),,無新評等,無新目標價,
2026-08-07,摩根士丹利(大摩 分析師葉馨),外資,穎崴(6515),,優於大盤(維持),12000,
2026-08-07,摩根士丹利(大摩 分析師葉馨),外資,旺矽(6223),,優於大盤(維持),8000,
2026-08-07,美系外資(未具名),外資,愛普*(6531),,加碼(維持)+升列首選股Top Pick,1666,
2026-08-07,Factset彙整,外資,研華(2395),,加碼,649,
2026-08-07,Factset彙整,外資,力成(6239),,強力買進,360,
2026-08-07,Factset彙整,外資,新日興(3376),,強力買進,261,
2026-08-07,Factset彙整,外資,聯詠(3034),,中立,530,
2026-08-07,Factset彙整,外資,信驊(5274),,共識(未列評等),20059.09,
2026-08-07,Factset彙整,外資,川湖(2059),,共識(未列評等),9970,
2026-08-07,Factset彙整,外資,鴻海(2317),,共識(未列評等),320,
2026-08-07,Factset彙整,外資,華邦電(2344),,共識(未列評等),236,
2026-08-07,Factset彙整,外資,智邦(2345),,共識(未列評等),3500,
2026-08-07,Factset彙整,外資,統一超(2912),,共識(未列評等),277.5,
2026-08-07,－(共識未變動不重複計列),－,智原(3035),,無變動,195,
2026-08-07,－(近24小時無新觀點),－,萬潤(6187),,無新評等,無新目標價,
2026-08-07,市場數據(非券商評等),－,大盤/川湖2059/文曄3036,,無(市場數據),無,
2026-08-07,高盛(美商高盛),外資,上詮(3363),,買進,本則未列目標價,
2026-08-07,投顧法人(未具名),內資,台燿(6274),,調升(未明示評等),調升目標價(數字未揭露),
2026-08-07,投顧法人(未具名),內資,景碩(3189),,調升(未明示評等),調升目標價(數字未揭露),
2026-08-07,日系外資+美系外資(均未具名),外資,南電(8046),,產業正向(未列個股評等),本則未列目標價,
2026-08-08,大和資本證券(分析師鄭盛元),外資,川湖(2059),,買進(重申),15000,
2026-08-08,瑞銀證券,外資,川湖(2059),,買進(重申),14000,
2026-08-08,摩根士丹利(大摩),外資,川湖(2059),,優於大盤(重申),10000,
2026-08-08,本土大型投顧(原文未具名),內資,研華(2395),,買進(升評),760,
2026-08-08,－(待確認 不採用),外資,國巨(2327),,調降目標價維持買進,1280(待確認),
2026-08-08,－(近24小時無新觀點),－,萬潤(6187),,無新評等,無新目標價,
2026-08-08,市場數據(非券商評等),－,大盤/川湖2059,,無(市場數據),無,
2026-08-08,官股龍頭金控旗下投顧(原文未具名),內資,華邦電(2344),,買進(重申),350,
2026-08-08,本土法人(原文未具名),內資,上銀(2049),,買進(維持),460,
2026-08-08,本土法人(原文未具名),內資,聯詠(3034),,中立(降評),622,
2026-08-08,法人(原文未具名),內資,欣興(3037)/景碩(3189)/南電(8046)/臻鼎-KY(4958),,產業正向(未列個股評等),本則未列目標價,
2026-08-08,安聯投信(台灣大壩基金經理人蕭惠中),內資,大盤策略,,無(大盤觀點),無個股目標價,
2026-08-08,－(重複 已收錄不重複計列),外資,力積電(6770),,買進(升評),100,
2026-08-08,－(待確認 經查為舊報告 不採用),外資,國巨(2327),,維持買進/增持(三家),大摩1465 高盛1280 花旗1450(均為7月底報告),
2026-08-08,－(重複 疑似舊資料),內資,南亞(1303),,買進,228(待確認),
2026-08-08,－(近24小時無新觀點),－,萬潤(6187),,無新評等,無新目標價,
2026-08-08,市場數據(非券商評等),－,大盤/本週漲幅榜,,無(市場數據),無,
2026-08-09,本土法人(原文未具名),內資,昇達科(3491),,買進,1940,
2026-08-09,本土大咖投顧(原文未具名),內資,昇達科(3491),,買進,1780,
2026-08-09,本土法人(原文未具名),內資,昇達科(3491),,增加持股,1560,
2026-08-09,本土法人(原文未具名),內資,南電(8046),,買進,1800,
2026-08-09,本土券商(原文未具名),內資,南電(8046),,買進(重申),1600,
2026-08-09,本土法人(原文未具名),內資,譜瑞-KY(4966),,持有-超越同業,710,
2026-08-09,本土法人(原文未具名),內資,愛普*(6531),,買進,1430,
2026-08-09,本土老牌投顧(原文未具名),內資,華邦電(2344),,增加持股,204,
2026-08-09,－(近24小時無新觀點),－,萬潤(6187),,無新評等,無新目標價,
2026-08-09,－(待確認 經查為舊報告 不採用),外資,國巨(2327),,維持買進(兩家),高盛1280 花旗1450,
2026-08-09,－(重複 已於8/8盤後判定),內資,南亞(1303),,買進,228,
2026-08-09,高盛(具名)+麥格理+花旗,外資,上銀2049/所羅門2359/樺漢6414/時碩/新代,,產業正向(未列個股評等),無,
2026-08-09,－(無評等目標價 不計列),內資,創意3443/聯茂6213/京元電2449,,無(僅財報或獲利預估),無,
2026-08-09,市場數據(非券商評等),－,大盤/週末休市,,無(市場數據),無,
2026-08-09,Factset彙整(15位分析師),外資,京元電子(2449),,共識(14樂觀/1中立/0悲觀),348,
2026-08-09,本土法人(原文未具名),內資,奇鋐(3017),,買進,3580,
2026-08-09,－(重複 已於8/8盤後判定為舊報告),外資,國巨(2327),,維持買進(兩家),高盛1280 花旗1450,
2026-08-09,－(重複 已於8/8盤後收錄),外資,川湖(2059),,買進/優於大盤(三家),大和15000 瑞銀14000 大摩10000,
2026-08-09,－(重複 已於8/7收錄),外資,愛普*(6531),,加碼(首選股),1666,
2026-08-09,－(重複延伸 同一份報告),內資,欣興3037/景碩3189/南電8046/臻鼎-KY4958,,產業正向(未列個股評等),無,
2026-08-09,－(無評等目標價 不計列),－,弘塑3131/聯亞3081/華城1519/中興電1513/亞力1514/志聖2467/宏致3605/永擎7711/中美晶5483/南亞1303,,無(僅財報營收或公司說法),無,
2026-08-09,－(近24小時無新觀點),－,萬潤(6187),,無新評等,無新目標價,
2026-08-09,市場數據(非券商評等),－,大盤/週日休市,,無(市場數據),無,
2026-08-10,高盛,外資,穎崴(6515),,未載評等,14800,
2026-08-10,花旗,外資,穎崴(6515),,未載評等,下修(數值未揭露),
2026-08-10,大和資本,外資,信驊(5274),,未載評等,19800,
2026-08-10,大和資本,外資,創意(3443),,買進(升評),5125,
2026-08-10,大和資本,外資,富世達(6805),,未載評等,2615,
2026-08-10,大和資本,外資,景碩(3189),,未載評等,1068,
2026-08-10,高盛,外資,南電(8046),,未載評等,2500,
2026-08-10,花旗,外資,南電(8046),,未載評等,1600,
2026-08-10,摩根士丹利(大摩),外資,南亞科(2408),,正向(未載具體評等),樂觀情境1160(基本情境含於外資區間550~710),
2026-08-10,摩根士丹利(大摩),外資,華邦電(2344),,正向(未載具體評等),288,
2026-08-10,美系外資(原文未具名),外資,AES-KY(6781),,買進,1680,
2026-08-10,本土老牌投顧(原文未具名),內資,研華(2395),,買進(維持),750,
2026-08-10,本土法人(原文未具名),內資,貿聯-KY(3665),,買進(重申),3380,
2026-08-10,統一投顧+兆豐國際投顧,內資,南亞科2408/華邦電2344/群聯8299/景碩3189,,無(未列個股評等),無,
2026-08-10,摩根士丹利(大摩),外資,韓股(非台股個股),,加碼(升評),無,
2026-08-10,摩根士丹利(大摩),外資,AI基礎建設供應鏈台廠30家,,無(供應鏈定位圖 非評等),無,
2026-08-10,－(重複 8/7早盤已收錄),外資,旺矽(6223),,優於大盤(維持),8000,
2026-08-10,－(重複 8/7早盤已收錄),外資,穎崴(6515),,優於大盤(維持),12000,
2026-08-10,－(舊報告 經查為7/29出具),外資,信驊(5274),,買進(重申),22000,
2026-08-10,－(舊報告 經查為8/3~8/4出具),外資,景碩(3189),,買進(重申),1125,
2026-08-10,－(重複 同一份報告 8/8盤後已收錄),內資,華邦電(2344),,買進(重申),350,
2026-08-10,－(近24小時無新觀點),－,萬潤(6187),,無新評等,無新目標價,
2026-08-10,市場數據(非券商評等),－,大盤/美股/本週行事曆,,無(市場數據),無,
2026-08-10,澳系外資(原文未具名),外資,川湖(2059),,優於大盤表現,16500,
2026-08-10,美系外資(原文未具名),外資,川湖(2059),,建議加碼,15000,
2026-08-10,美系外資A(原文未具名),外資,緯穎(6669),,買進(維持),10000,
2026-08-10,美系外資B(原文未具名),外資,緯穎(6669),,加碼(維持),7500,
2026-08-10,法人(原文未具名),內資,華新(1605),,買進(維持),50,
2026-08-10,法人(原文未具名),內資,巨大(9921),,買進(維持),110,
2026-08-10,大型本國投顧(原文未具名),內資,聯茂(6213),,原文未明示評等,調升(數值未揭露 待確認),
2026-08-10,瑞銀(UBS),外資,南亞科(2408),,買進,未揭露,
2026-08-10,摩根士丹利(大摩),外資,台積電2330/日月光投控3711/聯發科2454/信驊5274,,優於大盤(重申 四檔皆是),未揭露,
2026-08-10,－(近24小時無新券商觀點 惟公司財報出爐),－,萬潤(6187),,無新評等,無新目標價,
2026-08-10,市場數據(非券商評等),－,大盤/台積電營收,,無(市場數據),無,
2026-08-11,本土法人(原文未具名),內資,南亞科(2408),,強力買進(維持),1000,
2026-08-11,本土法人(原文未具名),內資,晶豪科(3006),,強力買進(維持),400,
2026-08-11,本土法人(原文未具名),內資,華邦電(2344),,強力買進(維持),275,
2026-08-11,摩根士丹利(大摩),外資,華城(1519),,買進(初評),810,
2026-08-11,摩根士丹利(大摩),外資,中興電(1513),,中立(初評),未給,
2026-08-11,美系外資(原文未具名),外資,雙鴻(3324),,未載評等,1550,
2026-08-11,日系外資(原文未具名),外資,雙鴻(3324),,買進(維持),1600,
2026-08-11,本土投顧(原文未具名),內資,騰輝電子-KY(6672),,買進(維持),330,
2026-08-11,金控系投顧(原文未具名),內資,南亞(1303),,原文未給評等文字,242,
2026-08-11,中信投顧(具名),內資,亞翔(6139),,買進,1500,
2026-08-11,中國信託證券(副標具名 內文稱本國投顧),內資,富世達(6805),,買進(維持),2400,
2026-08-11,法人(原文未具名 研判為投顧),內資,旺矽(6223),,買進(維持),8240,
2026-08-11,外資(原文未具名),外資,信驊(5274),,原文未給評等文字,20000元以上(區間 待確認),
2026-08-11,－(重複 8/10盤後已收錄),外資,台積電2330/日月光投控3711/聯發科2454/信驊5274,,優於大盤(重申 四檔皆是),未揭露,
2026-08-11,－(無評等目標價 不計列),內資,京元電子(2449),,無(僅EPS預估),無,
2026-08-11,－(無評等目標價 不計列),－,奇鋐3017/日月光投控3711/緯穎6669/聯亞3081/華城1519(財報稿),,無(權證專區或純財報稿),無,
2026-08-11,－(發稿早於窗口 剔除),－,富采3714/景碩3189/勤誠8210/聯茂6213,,各有評等目標價 惟時點在窗口外,無,
2026-08-11,－(近24小時無新券商觀點 惟券商屬性查核有重大成果),－,萬潤(6187),,無新評等,無新目標價,
2026-08-11,法人(原文未具名 研判內資投顧),內資,國巨*(2327),,買進(維持),688,
2026-08-11,FactSet外資共識彙整(11位分析師),外資,華邦電(2344),,共識(原表未列評等),236,
2026-08-11,法人(原文未具名 研判內資),內資,欣銓(3264),,原文未給評等,調升約3成(絕對值未揭露 待確認),
2026-08-11,FactSet外資共識彙整,外資,雙鴻(3324),,符合市場,1380,
2026-08-11,FactSet外資共識彙整,外資,啟碁(6285),,符合市場(自超越市場降級),330,
2026-08-11,FactSet外資共識彙整,外資,旭隼(6409),,原表未列評等,1035,
2026-08-11,－(重複 8/10已收錄同組數字),外資,南電(8046),,買進(重申 並列入強推清單),2500,
2026-08-11,－(重複 同一份報告 8/11早盤已判定窗口外),內資,富采(3714),,原文未給評等,63,
2026-08-11,－(無評等無目標價 不計列),外資,台燿(6274),,重申正向(非制式評等),無,
2026-08-11,－(發稿早於窗口 剔除),內資,巨大(9921),,增持,120,
2026-08-11,－(無評等無目標價 不計列),－,聖暉*(5536),,無,無,
2026-08-11,－(無評等無目標價 不計列),－,德宏5475/富喬1815/建榮5340/台玻1802,,無(產業報價觀點),無,
2026-08-11,－(無評等無目標價 不計列),－,京元電子2449/日月光投控3711,,無,無,
2026-08-11,－(近24小時無新券商觀點),－,萬潤(6187),,無新評等,無新目標價,
2026-08-12,高盛(Goldman Sachs),外資,金居(8358),,買進(維持),940,
2026-08-12,摩根士丹利(大摩),外資,金像電(2368),,優於大盤(維持),1660,
2026-08-12,摩根大通(小摩),外資,欣興(3037),,原文未給評等文字,1500(待確認),
2026-08-12,統一投顧(具名),內資,南亞(1303),,買進(維持),300,
2026-08-12,華南投顧(具名),內資,南亞(1303),,強力買進(升評),240,
2026-08-12,群益投顧(具名),內資,南亞(1303),,買進,未給,
2026-08-12,大型民營金控旗下投顧(原文未具名),內資,日月光投控(3711),,原文未明示評等,760,
2026-08-12,大型民營金控旗下投顧(原文未具名),內資,京元電子(2449),,原文未明示評等,380,
2026-08-12,法人(原文未具名),內資,聯發科(2454),,強力買進(維持),5625,
2026-08-12,本土投顧(原文未具名),內資,雙鴻(3324),,買進(維持),1280,
2026-08-12,本土投顧(原文未具名),內資,啟碁(6285),,買進(維持),340,
2026-08-12,官股金控旗下投顧(原文未具名),內資,鴻海(2317),,買進(並列入8月投組清單),350,
2026-08-12,永豐金證券(副標具名 內文稱本國投顧/本土投顧),內資,勤誠(8210),,買進,1400,
2026-08-12,兆豐證券(副標具名 內文稱法人),內資,貿聯-KY(3665),,買進(近期頻頻重申),未給,
2026-08-12,本國投顧(原文未具名),內資,台達電(2308),,原文未明示(同期18家內外資分別給買進 增加持股),2205,
2026-08-12,本國投顧(原文未具名),內資,光寶科(2301),,原文未明示評等,300,
2026-08-12,－(重複 8/11早盤已收錄同組數字),內資,南亞科(2408),,強力買進(重申),1000,
2026-08-12,－(重複 8/11早盤已收錄同組數字),內資,國巨*(2327),,買進,688,
2026-08-12,－(近24小時無新券商觀點),－,萬潤(6187),,無新評等,無新目標價,
2026-08-12,瑞銀證券(UBS 分析師蘇厚合),外資,南茂(8150),,正向(原文未列制式評等),166,
2026-08-12,摩根大通證券(J.P. Morgan),外資,中砂(1560),,正向(原文僅載同升推測合理股價 未列制式評等),調升(絕對數字未載 待確認),
2026-08-12,麥格理證券(Macquarie 分析師賴昱璋),外資,中砂(1560),,正向(原文僅載同升推測合理股價 未列制式評等),調升(絕對數字未載 待確認),
2026-08-12,法人(原文未具名 未標內外資 研判內資),內資,臻鼎-KY(4958),,買進(維持),600,
2026-08-12,－(無評等目標價 不計列),－,奇鋐3017/鴻海2317/華碩2357(法說與財報稿),,無,無,
2026-08-12,－(近24小時無新券商觀點),－,萬潤(6187),,無新評等,無新目標價,
2026-08-13,統一投顧（分析師廖婉婷，具名）,內資,台光電(2383),,上調（原文未載評等文字）,6400,
2026-08-13,統一投顧（分析師廖婉婷，具名）,內資,台燿(6274),,上調（原文未載評等文字）,1910,
2026-08-13,統一投顧（分析師廖婉婷，具名）,內資,聯茂(6213),,上調（原文未載評等文字）,550,
2026-08-13,本土法人（原文未具名；股價數據標註兆豐證券）,內資,聯茂(6213),,未載評等文字,610,
2026-08-13,統一投顧（分析師廖婉婷，具名）,內資,騰輝電子-KY(6672),,上調（原文未載評等文字）,330,
2026-08-13,統一投顧（分析師廖婉婷，具名）,內資,金居(8358),,買進（維持）,630,
2026-08-13,FactSet共識(鉅亨網外資評等表),外資,健鼎(3044),,強力買進,646,
2026-08-13,FactSet共識(鉅亨網外資評等表),外資,金像電(2368),,原文未載評等文字,1695,
2026-08-13,FactSet共識(鉅亨網外資評等表),外資,臻鼎-KY(4958),,原文未載評等文字,640,
2026-08-13,FactSet共識(鉅亨網外資評等表),外資,南電(8046),,原文未載評等文字,1500,
2026-08-13,花旗環球證券（Citi）,外資,台鏈多檔(產業報告),,看好（ABF 載板、先進製程、封測）；金像電、健鼎「可逢低買進」,未給,
2026-08-13,FactSet共識(鉅亨網外資評等表),外資,中砂(1560),,強力買進,850,
2026-08-13,國泰綜合證券（副標具名；內文行文為「本國投顧」）,內資,研華(2395),,增加持股,702,
2026-08-13,FactSet共識(鉅亨網外資評等表),外資,英業達(2356),,中立,58,
2026-08-13,統一投顧（具名）,內資,巧新(1563),,買進（升評）,72（推測合理股價）,
2026-08-13,FactSet共識(鉅亨網外資評等表),外資,智伸科(4551),,原文未載評等文字,240,
2026-08-13,本土投顧（原文未具名）,內資,日電貿(3090),,未載評等文字,202,
2026-08-13,法人（原文未具名，研判內資）,內資,裕民(2606),,買進,77.8,
2026-08-13,－(重複 8/12盤後已收錄同組數字),外資,南茂(8150),,正向(原文未列制式評等),166,
2026-08-13,－(重複 8/12盤後已收錄同組數字),外資,中砂(1560),,正向(調升 原文未載數字),調升(數字未載),
2026-08-13,－(重複 8/12盤後已收錄同組數字),內資,南亞(1303),,買進(維持),300,
2026-08-13,－(重複 8/12盤後已收錄同組數字),內資,聯發科(2454),,強力買進(維持),5625,
2026-08-13,－(重複 8/12盤後已收錄同組數字),內資,京元電子(2449),,看好其後續營運(原文未給制式評等),380,
2026-08-13,－(有見報但無評等無目標價 不計列),內資,和碩(4938),,無評等,無目標價,
2026-08-13,－(有見報但無評等無目標價 不計列),內資,長榮(2603),,無評等,無目標價,
2026-08-13,萬寶投顧(投資總監蔡明彰 具名),內資,AI鏈ABC架構(多檔),,長線看好度C>A>B(無個股評等),未給,
2026-08-13,摩根大通(外資)+金控旗下投顧(內資 未具名),外資,折疊iPhone供應鏈(未指名台廠),,無評等,未給,
2026-08-13,－(有見報但無評等無目標價 不計列),內資,光聖(6442)/志聖(2467)/均華(6640),,無評等,無目標價,
2026-08-13,－(近24小時無新券商觀點),－,萬潤(6187),,無新評等,無新目標價,
2026-08-13,高盛證券（Goldman Sachs）,外資,南電(8046),,買進(重申 列入強推清單),2500,
2026-08-13,日系外資（原文未具名）,外資,鴻海(2317),,買進(維持),435,
2026-08-13,美系外資（原文未具名）,外資,鴻海(2317),,買進(維持),400,
2026-08-13,FactSet共識（鉅亨網速報）,外資,鴻海(2317),,未載評等文字(22位分析師),340.79,
2026-08-13,FactSet共識（鉅亨網速報）,外資,華碩(2357),,未載評等文字(14位分析師 樂觀6 中立8 悲觀1),860,
2026-08-13,法人（原文未具名）,內資,奇鋐(3017),,買進(維持),3890,
2026-08-13,FactSet共識（鉅亨網速報）,外資,奇鋐(3017),,未載評等文字(19位分析師),3880,
2026-08-13,法人（原文未具名）,內資,華城(1519),,正向(維持 原文未列制式評等),980,
2026-08-13,法人（原文未具名）,內資,中興電(1513),,維持(原文未列制式評等),181,
2026-08-13,FactSet共識（鉅亨網速報）,外資,中興電(1513),,5位分析師 積極樂觀3 中立2 悲觀0,195,
2026-08-13,法人（原文未具名）,內資,亞力(1514),,維持(原文未列制式評等),151,
2026-08-13,法人（原文未具名）,內資,東元(1504),,未載評等文字,81,
2026-08-13,FactSet共識（鉅亨網速報）,外資,藥華藥(6446),,未載評等文字(9位分析師),1419.84,
2026-08-13,FactSet共識（鉅亨網速報）,外資,智伸科(4551),,未載評等文字,239,
2026-08-13,－(重複 8/13早盤已收錄同一報告),外資,台鏈多檔(花旗產業報告),,看好(未逐檔給目標價),未給,
2026-08-13,－(重複 8/12早盤已收錄同組數字),內資,鴻海(2317),,買進(維持),350,
2026-08-13,－(有見報但無評等無目標價 不計列),內資,健策(3653),,無評等,無目標價,
2026-08-13,－(公司法說自述 非券商觀點),－,聯亞(3081),,無評等,無目標價,
2026-08-13,－(近24小時無新券商觀點),－,萬潤(6187),,無新評等,無新目標價,
2026-08-14,花旗環球證券（Citi 具名）,外資,國巨*(2327),,買進（重申）,1450,
2026-08-14,FactSet共識（鉅亨網速報）,外資,玉晶光(3406),,原文未載評等文字（5位分析師 樂觀2 中立2 悲觀1）,655,
2026-08-14,FactSet共識（鉅亨網速報）,外資,上銀(2049),,原文未載評等文字（18位分析師 樂觀12 中立4 悲觀2）,415.5,
2026-08-14,FactSet共識（鉅亨網速報）,外資,群聯(8299),,原文未載評等文字（13位分析師）,2998,
2026-08-14,－(公司法說自述 非券商觀點),－,嘉澤(3533),,無評等,無目標價,
2026-08-14,－(公司法說自述 非券商觀點),－,東元(1504),,無評等,無目標價,
2026-08-14,統一投顧董事長黎方國＋群益投顧董事長蔡明彥＋台新投顧總經理黃文清（均具名）,內資,12檔人氣股(多檔),,無個股評等,無個股目標價,
2026-08-14,－(近24小時無新券商觀點),－,萬潤(6187),,無新評等,無新目標價,
2026-08-14,美系外資（原文未具名）,外資,世芯-KY(3661),,加碼（維持）,5088,
2026-08-14,富邦投顧（具名）,內資,群聯(8299),,買進（維持）,2730(前值3145),
2026-08-14,凱基投顧（具名）,內資,群聯(8299),,增加持股（維持）,2750,
2026-08-14,美系外資（原文未具名）,外資,嘉澤(3533),,買進（維持）,2500(前值3000),
2026-08-14,歐系外資（原文未具名）,外資,嘉澤(3533),,買進（維持）,2650(前值3080),
2026-08-14,日系外資（原文未具名）,外資,嘉澤(3533),,買進（維持）,2850(前值3533),
2026-08-14,統一投顧（總經理廖婉婷，具名）,內資,金像電(2368),,買進（維持目標價）,1700,
2026-08-14,統一投顧（總經理廖婉婷，具名）,內資,健鼎(3044),,買進,660,
2026-08-14,統一投顧（總經理廖婉婷，具名）,內資,尖點(8021),,買進,600,
2026-08-14,統一投顧（總經理廖婉婷，具名）,內資,博智(8155),,買進,500,
2026-08-14,統一投顧（總經理廖婉婷，具名）,內資,華通(2313),,買進,320,
2026-08-14,統一投顧（總經理廖婉婷，具名）,內資,定穎投控(3715),,中立（由買進降評）,150／130（原文兩處數字不一致，待確認）,
2026-08-14,FactSet 共識（鉅亨網外資評等表）,外資,元太(8069),,原文未載評等文字,233,
2026-08-14,FactSet 共識（鉅亨網外資評等表）,外資,中砂(1560),,強力買進（沿用8/12評等）,860(前值850),
2026-08-14,FactSet 共識（鉅亨網外資評等表）,外資,仁寶(2324),,符合市場,35.75(前值31),
2026-08-14,FactSet 共識（鉅亨網外資評等表）,外資,廣達(2382),,無（原文評等欄位載「無」）,412.5,
2026-08-14,FactSet 共識（鉅亨網外資評等表）,外資,玉山金(2884),,原文未載評等文字,37.9,
2026-08-14,FactSet 共識（鉅亨網外資評等表）,外資,統一超(2912),,原文未載評等文字,277.5,
2026-08-14,FactSet 共識（鉅亨網外資評等表）,外資,長榮航(2618),,原文未載評等文字,46.25,
2026-08-14,FactSet 共識（鉅亨網外資評等表）,外資,文曄(3036),,原文未載評等文字,310,
2026-08-14,FactSet 共識（鉅亨網外資評等表）,外資,智伸科(4551),,原文未載評等文字,232.5(前值239),
2026-08-14,－(近24小時無新券商觀點),－,萬潤(6187),,無新評等,無新目標價,
2026-08-15,ALETHEIA Capital（具名）,外資,旺矽(6223),,原文未載評等文字（僅載目標價）,10000,
2026-08-15,Aletheia 資本（具名）,外資,鴻勁(7769),,原文未載評等文字（僅載目標價）,10000,
2026-08-15,花旗環球證券（Citi 具名）,外資,穎崴(6515),,看好（原文未載標準評等代碼）,10000(維持),
2026-08-15,金控龍頭旗下投顧（原文未具名機構）,內資,玉山金(2884),,買進（維持）,43(前值37),
2026-08-15,統一投顧（總經理廖婉婷，具名）,內資,臻鼎-KY(4958),,買進（維持）,640(前值660),
2026-08-15,群益投顧（具名）,內資,群聯(8299),,買進（由區間操作升評）,2730(前值2450),
2026-08-15,國泰證期（具名）,內資,群聯(8299),,買進（維持）,2900(前值3000),
2026-08-15,中信投顧（具名）,內資,群聯(8299),,增持（維持）,2785(前值2735),
2026-08-15,－(雜誌專欄 非券商觀點),－,騰輝電子-KY(6672),,無券商評等,上看420元(非券商),
2026-08-15,－(有見報但目標價數字未載 待確認),內資,健鼎(3044),,法人調升(未載評等代碼),待確認,
2026-08-15,－(有見報但目標價數字未取得 待補),內資,聯亞(3081),,法人調高(未載評等代碼),待確認,
2026-08-15,－(法人觀點 無個股目標價),內資,南亞科(2408)／聯發科(2454)等10檔,,無個股評等,無個股目標價,
2026-08-15,－(近24小時無新券商觀點),－,萬潤(6187),,無新評等,無新目標價,
2026-08-15,美系外資（工商時報未具名）,外資,聯亞(3081),,買進（維持）,4401(前值4307),
2026-08-15,日系外資（工商時報未具名）,外資,聯亞(3081),,賣出（維持）,900(前值586),
2026-08-15,美系外資（工商時報未具名）,外資,奇鋐(3017),,買進（維持）,3986(前值未載),
2026-08-15,日系外資（工商時報未具名）,外資,健策(3653),,買進,6770(前值未載),
2026-08-15,亞系外資（工商時報未具名）,外資,健策(3653),,建議加碼 Overweight（重申）,6100(前值5160),
2026-08-15,亞系外資（工商時報未具名）,外資,東陽(1319),,買進（由持有升評）,115(前值81),
2026-08-15,美系外資（工商時報未具名）,外資,臻鼎-KY(4958),,買進（重申）,925(前值824),
2026-08-15,美系外資（工商時報未具名）,外資,緯創(3231),,買進（維持）,281(前值246),
2026-08-15,美系外資（工商時報未具名）,外資,和碩(4938),,中立（維持）,96(前值85),
2026-08-15,凱基投顧（具名）,內資,南亞科(2408),,原文未載制式評等文字,720,
2026-08-15,里昂證券（CLSA 具名 惟數字未取得）,外資,金像電(2368),,待確認,待確認,
2026-08-15,－(法人未具名 不計列),內資,家登(3680)／仁新(6696),,無具名券商評等,家登上看500元以上 仁新推估1050元,
2026-08-15,－(法人觀點 無個股目標價),－,力積電(6770)／南亞科(2408)／群創(3481)等15檔,,無個股評等,無個股目標價,
2026-08-15,－(分析師節目觀點 非券商報告),－,南亞科(2408)／華邦電(2344)／旺宏(2337)／力積電(6770),,無評等,無目標價,
2026-08-15,－(近24小時無新券商觀點),－,萬潤(6187),,無新評等,無新目標價,
2026-08-16,里昂證券（CLSA 具名 分析師陳碩文）,外資,金像電(2368),,原文未載評等,原文未載目標價,
2026-08-16,－(近24小時無新券商觀點),－,萬潤(6187),,無新評等,無新目標價,
2026-08-16,法人（工商時報未具名）,－,川湖(2059),,買進（維持）,15500(原文未載該券商前值),
2026-08-16,法人（工商時報未具名）,－,長榮(2603),,中立（維持）,原文未載目標價,
2026-08-16,法人（工商時報未具名）,－,陽明(2609),,中立（維持）,原文未載目標價,
2026-08-16,法人（工商時報未具名）,－,萬海(2615),,中立（維持）,原文未載目標價,
2026-08-16,－(重複 已收錄不計列),外資,東陽(1319),,買進（由持有升評）,115(前值81),
2026-08-16,－(近24小時無新券商觀點),－,萬潤(6187),,無新評等,無新目標價,
2026-08-17,花旗環球證券（具名）,外資,華碩(2357),,看多（原文未載制式評等代碼）,1100(原文未載前值),
2026-08-17,凱基投顧（具名）,內資,華碩(2357),,原文未載制式評等文字,1100(原文未載前值),
2026-08-17,野村證券（具名 分析師李佳伶）,外資,廣達(2382),,看多（原文未載制式評等代碼）,626(原文未載前值),
2026-08-17,瑞銀／花旗環球／大和資本（具名 惟數字未載）,外資,廣達(2382),,調升（方向已載）,待確認,
2026-08-17,滙豐證券（HSBC 具名）,外資,長榮(2603),,買進（重申）,270(前值255),
2026-08-17,瑞銀證券／摩根大通證券（具名 策略團隊）,外資,大盤／19檔優先清單,,無個股評等,無個股目標價,
2026-08-17,摩根士丹利（具名 惟無評等無目標價）,外資,筆電ODM族群（廣達2382等）,,無評等,無目標價,
2026-08-17,－(法人／供應鏈 無個股目標價),－,信驊(5274)／15檔基本面雙優／16檔績優股,,無評等,無目標價,
2026-08-17,－(近24小時無新券商觀點),－,萬潤(6187),,無新評等,無新目標價,
2026-08-17,美系券商（經濟日報未具名）,外資,南亞科(2408)／華邦電(2344)／力積電(6770),,重申正向（原文未載評等代碼）,原文未載目標價,
2026-08-17,FactSet外資共識（鉅亨網外資評等表 評等日20260817）,外資,仁寶(2324)／旺宏(2337)／華邦電(2344)／華碩(2357)／長榮航(2618)／智伸科(4551)／緯穎(6669),,本表評等欄位全數為空,見各檔明細,
2026-08-17,法人（經濟日報未具名）,－,長榮(2603)／陽明(2609)／萬海(2615),,中立（暫維持）,原文未載目標價,
2026-08-17,資深證券分析師（經濟日報未具名）,－,欣興(3037)／南電(8046)／景碩(3189)／臻鼎-KY(4958),,無評等（僅稱值得留意）,無目標價,
2026-08-17,－(近24小時無新券商觀點),－,萬潤(6187),,無新評等,無新目標價,
2026-08-18,花旗環球／摩根大通／瑞銀證券（三家併稱 瑞銀分析師蘇厚合具名）,外資,世芯-KY(3661),,重申正向（原文未載制式評等代碼）,6600~6800(原文未載前值),
2026-08-18,金控旗下投顧研究機構（原文未載名稱）＋摩根大通（具名 惟未給目標價）,內資,創意(3443),,原文未載評等文字,8000(原文未載前值),
2026-08-18,法人（工商時報未具名）,－,南亞(1303),,買進,原文未載目標價,
2026-08-18,法人（工商時報未具名）,－,群聯(8299),,買進,原文未載目標價,
2026-08-18,摩根士丹利（具名 惟無評等無目標價）,外資,愛普(6531)／旺宏(2337)／華邦電(2344)／力積電(6770)／南亞科(2408),,無評等,無目標價,
2026-08-18,－(法人／研究機構／供應鏈 無個股評等與目標價),－,聯電(2303)／世界先進(5347)／力積電(6770)／奇鋐(3017)／雙鴻(3324)／健策(3653)／15檔強勢股,,無評等,無目標價,
2026-08-18,－(近24小時無新券商觀點),－,萬潤(6187),,無新評等,無新目標價,
2026-08-18,美系外資（工商時報未具名）,外資,技嘉(2376),,中立（維持）,487(維持不變 無調整),
2026-08-18,日系外資（工商時報未具名）,外資,技嘉(2376),,買進（重申）,490(前值422 上調16.1%),
2026-08-18,美系外資（工商時報未具名）,外資,力旺(3529),,加碼（★首度給予 無前次評等）,3330(首次評等 無前值),
2026-08-18,FactSet外資共識（鉅亨網外資評等表 評等日20260818）,外資,力旺(3529)／旺矽(6223)／智邦(2345)／技嘉(2376)／6472(名稱待確認),,見各檔明細,見各檔明細,
2026-08-18,美系外資（工商時報未具名 08/17補收錄）,外資,技嘉(2376),,買進（重申）,595(前值480 上調23.96%),
2026-08-18,三家美系外資（工商時報未具名 08/17補收錄）,外資,世芯-KY(3661),,A買進（維持）／B買進（重申）／C加碼（維持）,A 6100(前值6000 +1.67%)／B 6800(維持)／C 5088(維持),
2026-08-18,本土法人（工商時報未具名 08/17補收錄）,內資,長榮航(2618),,買進,48(原文未載前值),
2026-08-18,元大投顧／凱基投顧／富邦投顧（三家具名 08/17補收錄）,內資,廣達(2382),,元大買進（維持）／凱基原文未載評等／富邦原文未載評等,元大395(前值385 +2.60%)／凱基500(前值430 +16.28%)／富邦440(前值472 ★-6.78%),
2026-08-18,－(近24小時無新券商觀點),－,萬潤(6187),,無新評等,無新目標價,
2026-08-19,瑞銀證券（具名）,外資,勤誠(8210),,正向（★首次覆蓋／初評 原文未載制式評等代碼）,1450(推測合理股價 首次覆蓋無前值),
2026-08-19,摩根士丹利（★具名確認 即08/18未具名之美系外資）,外資,力旺(3529),,正向（★首次覆蓋／初評 原文未載制式評等代碼；同源08/18紀錄為「加碼」）,3330(推測合理股價 首次覆蓋無前值 與08/18已收錄數字相同),
2026-08-19,－(近24小時無新券商觀點),－,萬潤(6187),,無新評等,無新目標價,
2026-08-19,美系外資（工商時報未具名）,外資,儒鴻(1476),,買進（維持）,460(維持不變 原文未載前值),
2026-08-19,日系外資（工商時報未具名）,外資,儒鴻(1476),,買進（維持）,460(前值560 ★下修17.86%),
2026-08-19,美系外資（工商時報未具名）,外資,鴻勁(7769),,買進（維持）,7800(維持不變 無調整),
2026-08-19,美系外資（工商時報未具名）,外資,大聯大(3702),,加碼（維持）,160(原文未載前值),
2026-08-19,法人（工商時報未具名 未區分內外資）,－,聯詠(3034),,Trading Buy,601(原文未載前值),
2026-08-19,摩根士丹利（★具名）,外資,群創(3481),,持有（維持）,60(維持不變),
2026-08-19,FactSet外資共識（鉅亨網外資評等表 評等日20260819）,外資,群創(3481),,中立,65(前值70 ★下修7.14%),
2026-08-19,FactSet外資共識（鉅亨網外資評等表 評等日20260819）,外資,力旺(3529),,本表評等欄為空,3785(08/18表列值3842.5 兩日−1.50%),
2026-08-19,里昂證券（★具名 08/19早盤補收錄）,外資,台積電(2330),,強力看好（維持）,3700(前值3330 ★上修11.1%),
2026-08-19,16家本國投顧及外資券商（併稱 個別數字未載 08/19早盤補收錄）,－,世芯-KY(3661),,買進,4640~6800(區間),
2026-08-19,FactSet外資共識（鉅亨網外資評等表 評等日20260818 補收錄）,外資,智易(3596),,強力買進,232.5(前值240 下修3.13%),
2026-08-19,FactSet外資共識（鉅亨網外資評等表 評等日20260818 補收錄）,外資,長榮(2603),,本表評等欄為空,234.5(本表未載前值),
2026-08-19,－(法人／研究機構 無評等或無目標價),－,強茂(2481)／環球晶(6488)／光通訊族群／祥碩(5269),,無評等或無目標價,無,
2026-08-19,－(近24小時無新券商觀點),－,萬潤(6187),,無新評等,無新目標價,
2026-08-20,本土大型券商（工商時報／中時新聞網未具名）,內資,仁寶(2324),,買進（★由「持有」調升）,55(前值35 ★上調57%),
2026-08-20,美銀證券（★具名 分析師劉宇喬）,外資,台積電(2330),,買進（維持）,3100(★維持不變 無調整),
2026-08-20,－(近24小時無新券商觀點),－,萬潤(6187),,無新評等,無新目標價,
2026-08-20,美系外資（工商時報未具名）,外資,華碩(2357),,中立（維持）,1109(前值1082 ★上調2.50%),
2026-08-20,亞系外資（工商時報未具名）,外資,南俊國際(6584),,買進（維持）,1022(維持不變 無調整),
2026-08-20,瑞銀證券（★具名 分析師陳玟瑾）,外資,台股策略焦點股10檔／貿聯-KY(3665) 研華(2395) 上銀(2049) 信邦(3023) 旭隼(6409) 亞德客-KY(1590) 巨大(9921) 美利達(9914) 儒鴻(1476) 聚陽(1477),,「買」（原文用語 未載制式評等代碼）,★全文未列任何目標價,
2026-08-20,摩根大通（★具名）／高盛（★具名）,外資,SK海力士（韓股 非台股／台股連動=南亞科(2408) 華邦電(2344)）,,摩根大通 增持（維持）／高盛 買入（維持）,摩根大通275萬韓元／高盛350萬韓元（兩家原文均未載前值）,
2026-08-20,－(法人／研究機構 無評等或無目標價),－,旺矽(6223)／長榮(2603)陽明(2609)萬海(2615)／世芯-KY(3661)／微星(2377)／聯發科(2454),,無評等或無目標價,無,
2026-08-20,－(近24小時無新券商觀點),－,萬潤(6187),,無新評等,無新目標價,
2026-08-21,野村證券（★具名）,外資,台光電(2383),,原文未載制式評等代碼（論述明確偏多）,8015(原文稱「升至」 ★未載前值 調幅無法計算),
2026-08-21,美銀證券（★具名 08/19未具名美系外資之具名化）,外資,鴻勁(7769),,買進（重申）,★本篇未載目標價數字（本系統既有紀錄7800元）,
2026-08-21,－(近24小時無新券商觀點),－,萬潤(6187),,無新評等,無新目標價,
2026-08-21,FactSet外資共識（鉅亨網外資評等表 board/ratediff.aspx）（評等日20260821）,外資,健鼎(3044),,強力買進,680(前653.5 上修4.06%),
2026-08-21,FactSet外資共識（鉅亨網外資評等表 board/ratediff.aspx）（評等日20260821）,外資,億豐(8464),,本表評等欄為空,456(本表未載前值),
2026-08-21,FactSet外資共識（鉅亨網外資評等表 board/ratediff.aspx）（評等日20260820）,外資,健策(3653),,強力買進,6100(前5550 ★上修9.91%),
2026-08-21,FactSet外資共識（鉅亨網外資評等表 board/ratediff.aspx）（評等日20260820）,外資,貿聯-KY(3665),,本表評等欄為空,3172.5(本表未載前值),
2026-08-21,FactSet外資共識（鉅亨網外資評等表 board/ratediff.aspx）（評等日20260820）,外資,中租-KY(5871),,本表評等欄為空,126.47(本表未載前值),
2026-08-21,FactSet外資共識（鉅亨網外資評等表 board/ratediff.aspx）（評等日20260820）,外資,聯茂(6213),,強力買進,570(前515 ★上修10.68%),
2026-08-21,FactSet外資共識（鉅亨網外資評等表 board/ratediff.aspx）（評等日20260820）,外資,旭隼(6409),,本表評等欄為空,1035(本表未載前值 ★已低於表列現價1040),
2026-08-21,FactSet外資共識（鉅亨網外資評等表 board/ratediff.aspx）（評等日20260820）,外資,文曄(3036),,強力買進,320(前310 上修3.23%),
2026-08-21,FactSet外資共識（鉅亨網外資評等表 board/ratediff.aspx）（評等日20260820）,外資,譜瑞-KY(4966),,中立,660(前639 上修3.29%),
2026-08-21,FactSet外資共識（鉅亨網外資評等表 board/ratediff.aspx）（評等日20260820）,外資,旺矽(6223),,本表評等欄為空,8250(08/18表列8500超越市場 ★兩個評等日之間下修2.94%),
2026-08-21,FactSet外資共識（鉅亨網外資評等表 board/ratediff.aspx）（評等日20260820）,外資,上銀(2049),,本表評等欄為空,440(本表未載前值),
2026-08-21,FactSet外資共識（鉅亨網外資評等表 board/ratediff.aspx）（評等日20260820）,外資,鴻海(2317),,強力買進,355(前344.58 上修3.02%),
2026-08-21,FactSet外資共識（鉅亨網外資評等表 board/ratediff.aspx）（評等日20260819 ★08/19盤後場次遺漏之補收錄）,外資,儒鴻(1476),,本表評等欄為空,425(本表未載前值),
2026-08-21,FactSet外資共識（鉅亨網外資評等表 board/ratediff.aspx）（評等日20260819 ★08/19盤後場次遺漏之補收錄）,外資,欣興(3037),,強力買進,1280(前1242.5 上修3.02%),
2026-08-21,FactSet外資共識（鉅亨網外資評等表 board/ratediff.aspx）（評等日20260819 ★08/19盤後場次遺漏之補收錄）,外資,中信金(2891),,強力買進,65(前63 上修3.17%),
2026-08-21,FactSet外資共識（鉅亨網外資評等表 board/ratediff.aspx）（評等日20260819 ★08/19盤後場次遺漏之補收錄）,外資,南電(8046),,本表評等欄為空,1550(本表未載前值),
2026-08-21,瑞銀證券（★具名 ★單一二級來源 待確認 ★補收錄）,外資,萬潤(6187),,原文未載制式評等代碼（論述明確偏多）,1700(前1550 ★上修9.68%),
2026-08-21,－(近24小時無新券商觀點),－,萬潤(6187),,無新評等,無新目標價,
2026-08-21,－(法人／研究機構 無評等或無目標價),－,凱基投顧台股盈餘預估／健鼎(3044)／勤凱(4760)／電子硬體供應鏈9檔／亞德客-KY(1590)／和泰車(2207),,無評等或無目標價,無,
2026-08-22,FactSet外資共識（鉅亨網外資評等表 archive/board/ratediff.aspx gt=qfii）（評等日20260821）,外資,群聯(8299),,本表評等欄為空,2750(本表未載前值 ★與既有共識2998元落差約8%且方向相反 待確認),
2026-08-22,FactSet外資共識（鉅亨網外資評等表 archive/board/ratediff.aspx gt=qfii）（評等日20260821）,外資,中鋼(2002),,本表評等欄為空,22(本表未載前值),
2026-08-22,FactSet外資共識（鉅亨網外資評等表 archive/board/ratediff.aspx gt=qfii）（評等日20260821）,外資,微星(2377),,中立（維持）,155(前150 上修3.33%),
2026-08-22,FactSet外資共識（鉅亨網外資評等表 archive/board/ratediff.aspx gt=qfii）（評等日20260821）,外資,貿聯-KY(3665),,本表評等欄為空,3125(08/20表列3172.5 ★兩評等日之間下修1.50% 本系統回算 待確認),
2026-08-22,FactSet外資共識（鉅亨網外資評等表 archive/board/ratediff.aspx gt=qfii）（評等日20260821）,外資,保瑞(6472),,本表評等欄為空,505(08/18表列493.5 ★上修2.33% 本系統回算),
2026-08-22,FactSet外資共識（鉅亨網外資評等表 archive/board/ratediff.aspx gt=qfii）（評等日20260820 ★08/21場次遺漏之補收錄）,外資,健鼎(3044),,本表評等欄為空,655(本表未載前值),
2026-08-22,－(近24小時無新券商觀點),－,萬潤(6187),,無新評等,無新目標價,
2026-08-22,－(近24小時無新券商觀點),－,全市場/大盤,,無新評等,無新目標價,
2026-08-22,－(法人／研究機構 無評等或無目標價),－,第一金投顧／富邦投顧／康和證券／凱基投顧／杜金龍(五則合併),,無評等或無目標價,無,
2026-08-22,－(近24小時無新券商觀點),－,萬潤(6187),,無新評等,無新目標價,
2026-08-22,資料勘誤(非券商觀點),－,08/22早盤場次市場數據列,,勘誤,－,
2026-08-23,－(近24小時無新券商觀點),－,全市場/大盤,,無新評等,無新目標價,
2026-08-23,－(近24小時無新券商觀點),－,萬潤(6187),,無新評等,無新目標價,
2026-08-23,－(法人／研究機構 無評等或無目標價),－,16檔法人青睞名單／台新投顧黃文清／兆豐國際投顧黃國偉／安聯蕭惠中,,無評等或無目標價,無,
2026-08-23,花旗證券（★具名 ★補收錄）,外資,聯發科(2454),,買進（維持）,6800(維持 ★原文未載前值),
2026-08-23,－(近24小時無新券商觀點),－,萬潤(6187),,無新評等,無新目標價,
2026-08-23,－(法人／供應鏈 無券商名 無評等 無目標價),－,藥華藥(6446)保瑞(6472)美時(1795)東洋(4105)／全新(2455)聯亞(3081)IET-KY(4971)／大盤,,無評等或無目標價,無,
2026-08-24,美銀證券（★具名）,外資,欣興(3037),,買進（重申）,1400(★原文未載前值 待確認),
2026-08-24,美銀證券（★具名）,外資,南電(8046),,買進（重申）,1700(★原文未載前值 待確認),
2026-08-24,美銀證券（★具名）,外資,景碩(3189),,買進（重申）,1250(★原文未載前值 待確認),
2026-08-24,摩根大通（★具名）,外資,長榮(2603),,★原文未載評等文字（論述明確偏多 上調2027年獲利）,332(上調 ★原文未載前值),
2026-08-24,凱基投顧（★具名）,內資,長榮(2603),,★原文未載評等文字,255(調升 ★原文未載前值),
2026-08-24,法人（工商時報未具名 ★券商名稱待確認 ★補收錄）,－,強茂(2481),,強力買進（維持）,205(上調 ★原文未載前值),
2026-08-24,中國信託證券（★具名）,內資,華邦電(2344),,買進,★原文未載目標價,
2026-08-24,－(近24小時無新券商觀點),－,萬潤(6187),,無新評等,無新目標價,
2026-08-24,－(法人／研究機構 無評等或無目標價),－,奇鋐(3017)／輝達(美股)／台股9月行情四大名師／15檔輝達概念股／15檔技術面強勢股,,無評等或無目標價,無,
2026-08-24,美系外資A（★原文未具名）,外資,聯電(2303),,加碼（維持）,138(★原文未載前值),
2026-08-24,美系外資B（★原文未具名）,外資,聯電(2303),,買進（維持）,125(前值88 ★調升42.05%),
2026-08-24,麥格理證券（★具名 ★補收錄）,外資,旺矽(6223),,★原文未載評等,9500(前值7950 ★調升18.87%),
2026-08-24,美銀證券（★具名 ★補收錄）,外資,旺矽(6223),,★原文未載評等,8500(前值8250 調升3.03%),
2026-08-24,高盛證券（★具名 ★補收錄）,外資,旺矽(6223),,★原文未載評等,8500(前值8000 調升6.25%),
2026-08-24,摩根士丹利（★具名 ★補收錄）,外資,旺矽(6223),,★原文未載評等,8000(重申 無變動),
2026-08-24,Aletheia（★原文未標類別 ★補收錄）,外資,旺矽(6223),,★原文未載評等,10000(★未說明是否本次新調整),
2026-08-24,瑞銀證券（★具名 分析師陳玟瑾）,外資,亞德客-KY(1590),,買進,1877(★原文未載前值),
2026-08-24,瑞銀證券（★具名 分析師陳玟瑾）,外資,上銀(2049),,買進,484(★原文未載前值),
2026-08-24,瑞銀證券（★具名 分析師陳玟瑾）,外資,研華(2395),,買進,744(★原文未載前值),
2026-08-24,瑞銀證券（★具名 分析師陳玟瑾）,外資,信邦(3023),,買進,340(★原文未載前值),
2026-08-24,元大投顧（★具名 ★法人圈最高）,內資,光寶科(2301),,逢低買進／買進（原文稱多數法人）,370(★原文未載前值),
2026-08-24,花旗環球（★具名）,外資,英業達(2356),,★原文未載評等,★原文未載目標價,
2026-08-24,美系大行（★原文未具名）,外資,貿聯-KY(3665),,重申正向,★原文未載目標價,
2026-08-24,凱基投顧（★具名）,內資,貿聯-KY(3665),,★原文未載評等,★原文未載目標價,
2026-08-24,本土投顧（★原文未具名 ★補收錄）,內資,華航(2610),,★調升至買進（前評等原文未載）,23.2(★原文未載前值),
2026-08-24,本土投顧（★原文未具名 ★補收錄）,內資,長榮航(2618),,★調升至買進（前評等原文未載）,★原文未載目標價,
2026-08-24,瑞銀證券（★具名 ★交叉驗證結案 非新增觀點）,外資,萬潤(6187),,★原文未載評等,1700(前值1550 +9.68%),
2026-08-24,－(法人／供應鏈／分析師 無評等或無目標價),－,摩根士丹利NB ODM產業／輝達(美股)／矽晶圓六壯士／奇鋐3017／自行車雙雄／力旺3529健策3653／陽明2609,,無評等或無目標價,無,
2026-08-25,摩根士丹利（★具名）,外資,貿聯-KY(3665),,★原文未載評等文字（重申看好）,3665(★原文未載前值),
2026-08-25,瑞銀證券（★具名 分析師陳玟瑾）,外資,貿聯-KY(3665),,★原文未載評等文字（重申看好）,3617(★上調 原文未載前值),
2026-08-25,廣發證券（★具名 海外電子通信主管蒲得宇）,外資,貿聯-KY(3665),,★原文未載評等文字（持續看好）,★原文未載目標價,
2026-08-25,美銀證券（★具名）,外資,貿聯-KY(3665),,★原文未載評等文字（持續力挺）,★原文未載目標價,
2026-08-25,中信投顧（★具名）,內資,上銀(2049),,買進（維持）,★原文未載目標價,
2026-08-25,FactSet（共識彙總 非個別券商）,彙總,技嘉(2376)／臻鼎-KY(4958)／矽力*-KY(6415)／仁寶(2324)／世芯-KY(3661)／長榮(2603)／文曄(3036)／群聯(8299),,見內文,見內文,
2026-08-25,中國信託證券（★具名 但無評等無目標價）,內資,世芯-KY(3661),,★原文未載評等,★原文未載目標價,
2026-08-25,－(近24小時無新券商觀點),－,萬潤(6187),,無新評等,無新目標價,
2026-08-25,－(法人／供應鏈 無評等或無目標價),－,萬海(2615)裕民(2606)／川湖(2059)／新代(7750)／晶技(3042)南亞科(2408)／譜瑞-KY(4966)祥碩(5269)／個股行情短評／大盤評論,,無評等或無目標價,無,
2026-08-25,外資（★原文未具名）,外資,創意(3443),,★原文未載評等,6388(★原文未載前值),
2026-08-25,美系外資（★未具名 ★序列同08/14加碼5088者 ★疑摩根士丹利 待查證）,外資,世芯-KY(3661),,★本篇未載評等文字（08/14同序列為加碼）,5888(前值5088 +15.72% 本系統回算),
2026-08-25,美系外資（★未具名 ★非大摩之另一家 ★補收錄）,外資,貿聯-KY(3665),,買入（重申）,3088(前值3230 ★下修4.40% 本系統回算),
2026-08-25,日系外資（★未具名 ★補收錄）,外資,貿聯-KY(3665),,買進（維持）,3065(前值3053 +0.39% 本系統回算),
2026-08-25,－(近24小時無新券商觀點),－,萬潤(6187),,無新評等,無新目標價,
2026-08-26,廣發證券（★具名 海外電子通信主管蒲得宇）,外資,聯電(2303),,★原文未載評等（調高推測合理股價）,160(★原文未載前值),
2026-08-26,本國投顧（★原文未具名）,內資,華邦電(2344),,買進（維持）,218(★上調 原文未載前值),
2026-08-26,摩根士丹利（★具名 大中華區半導體主管詹家鴻）,外資,創意(3443),,優於大盤,6288(★上調 原文未載前值),
2026-08-26,摩根士丹利（★具名）,外資,聯發科(2454),,優於大盤,★原文未載目標價,
2026-08-26,摩根士丹利（★具名 ★查證結案 非新增觀點）,外資,世芯-KY(3661),,優於大盤,5888(前值5088 +15.72%),
2026-08-26,投顧法人（★未具名 ★補收錄）,內資,新代(7750),,★原文未載評等,★調升目標價（新數字原文未載 待確認）,
2026-08-26,－(近24小時無新券商觀點),－,萬潤(6187),,無新評等,無新目標價,
2026-08-26,－(法人/基金經理人/外資座談 無評等或無目標價),－,富喬(1815)／CPO族群／美利達(9914)／佳世達(2352)／千金股法說／ASIC四大台廠,,無評等或無目標價,無,
2026-08-26,國內法人（★原文未具名）,內資,華航(2610),,買進,26(★原文未載前值),
2026-08-26,投顧法人（★未具名）,內資,瀚荃(8103),,★原文未載評等,★調升目標價（新數字原文未載 待確認）,
2026-08-26,FactSet（共識彙總 非個別券商）,彙總,統一(1216)／台塑(1301)／台化(1326)／義隆(2458)／群創(3481)／長榮(2603)／F-矽力(6415)等9檔,,見內文,見內文,
2026-08-26,－(近24小時無新券商觀點),－,萬潤(6187),,無新評等,無新目標價,
2026-08-27,ALETHEIA（★具名 調研機構 全名屬性待確認）,外資,光聖(6442),,買進（★原文語境「不改其志」疑為重申）,3333(★原文未載前值),
2026-08-27,高盛證券（★具名 無評等無目標價）,外資,聯亞(3081),,★原文未載評等,★原文未載目標價,
2026-08-27,瑞銀證券（★具名 UBS Evidence Lab ★補收錄）,外資,被動元件MLCC產業（村田／三星電機／TDK／太陽誘電／國巨2327）,,★台股個股無評等（日韓廠=村田／三星電機／TDK買入 太陽誘電中性）,★無台股目標價（村田13200日圓 三星電機250萬韓元 TDK4950日圓 太陽誘電17700日圓）,
2026-08-27,－(近24小時無新券商觀點),－,萬潤(6187),,無新評等,無新目標價,
2026-08-27,－(法人／權證版／總經 無評等或無目標價),－,鴻海(2317)技嘉(2376)／南亞科(2408)華邦電(2344)／聯發科(2454)群聯(8299)／大立光(3008)／台光電(2383)／台灣總經,,無評等或無目標價,無,
2026-08-27,摩根大通（★具名 科技產業分析師洪一軒）,外資,台積電(2330)／日月光投控(3711)／聯發科(2454)／創意(3443)／世芯-KY(3661)／台達電(2308)／奇鋐(3017)／信驊(5274)／南亞科(2408)／欣興(3037)／台光電(2383)／智邦(2345)／緯穎(6669)／鴻海(2317)／廣達(2382),,優於大盤（15檔全數 ★未載新舊變動）,★原文未載任何個股目標價,
2026-08-27,凱基投顧（★具名 ★補收錄）,內資,華通(2313),,★原文未載評等文字（看好語境）,360(推測合理股價 ★原文未載前值),
2026-08-27,金控旗下投顧（★原文未具名 ★補收錄）,內資,啟碁(6285),,★原文未載評等文字（看好語境）,280(推測合理股價 ★原文未載前值),
2026-08-27,投顧法人（★未具名）,內資,順德(2351),,★原文未載評等,★調升目標價（新數字原文未載 待確認）,
2026-08-27,－(近24小時無新券商觀點),－,萬潤(6187),,無新評等,無新目標價,
2026-08-27,－(法人／專欄 無評等或無目標價),－,鴻海(2317)廣達(2382)技嘉(2376)仁寶(2324)英業達(2356)緯創(3231)／AI硬體供應鏈專欄,,無評等或無目標價,無,
2026-08-28,大和資本（★初評）,外資,旺矽(6223),,買進（初評）,8415(初評無前值),
2026-08-28,花旗環球（★具名 陳佳儀）,外資,旺矽(6223),,買進（維持）,7200(★原文未載前值),
2026-08-28,麥格理證券（★初評）,外資,環宇-KY(4991),,優於大盤（初評）,710(初評無前值),
2026-08-28,摩根士丹利（★具名 詹家鴻）,外資,南亞科(2408)／華邦電(2344),,★原文未載評等（記憶體正向循環中看好）,南亞科1230(★樂觀情境非正式目標價 待確認)／華邦電未載,
2026-08-28,－(近24小時無新券商觀點),－,萬潤(6187),,無新評等,無新目標價,
2026-08-28,中信投顧（★具名 權證版）,內資,視陽(6782),,正向投資評等（★權證版制式用語）,★原文未載目標價,
2026-08-28,宏遠投顧（★具名 權證版）,內資,來億-KY(6890),,正向投資評等（★權證版制式用語）,★原文未載目標價,
2026-08-28,－(近24小時無新券商觀點),－,萬潤(6187),,無新評等,無新目標價,
2026-08-29,摩根士丹利（★具名機構 分析師未載）,外資,輝達台系供應鏈15檔(台積電2330／京元電子2449／穎崴6515／信驊5274／鴻勁7769／日月光投控3711／廣達2382／鴻海2317／緯創3231／致茂2360／勤誠8210／貿聯-KY3665／川湖2059／欣興3037／國巨2327),,優於大盤（15檔全數 ★未載新舊變動）,15檔逐檔載明（★未載前值）,
2026-08-29,投顧法人（★未具名 ★補收錄）,內資,奇鋐(3017),,★原文未載評等,★調高目標價（新數字原文未載 待確認）,
2026-08-29,－(近24小時無新券商觀點),－,萬潤(6187),,無新評等,無新目標價,
2026-09-02,摩根士丹利（★具名 詹家鴻）,外資,聯發科(2454),,優於大盤（維持）＋首選,5588(維持 ★查證結案=07/27「美系外資5588首選」即大摩),
2026-09-02,花旗環球（★具名 陳佳儀）,外資,聯發科(2454),,買進（維持）,6800(維持 08/21既有值),
2026-09-02,大和資本（★具名 徐禕成 ★補收錄08/31）,外資,聯發科(2454),,買進（維持）,5200(上調 ★原文未載前值),
2026-09-02,花旗環球（★具名 ★補收錄09/01）,外資,順達(3211),,買進＋90天戰術性買進觀察,800(維持 ★07/08美系外資初評800研判同源),
2026-09-02,金控旗下投顧（★未具名 ★補收錄09/01）,內資,頎邦(6147),,買進（初評）,250(初評無前值),
2026-09-02,本國投顧（★未具名）,內資,兆豐金(2886),,買進（維持）,53(上調 ★原文未載前值),
2026-09-02,本國投顧（★未具名）,內資,凱基金(2883),,買進,41(★較07/19本土投顧37上調 原文未載前值),
2026-09-02,本土投顧（★未具名 權證版 永豐金證券供稿）,內資,帆宣(6196),,★原文未載評等（看好語境）,666(★原文稱維持 但本系統既有07/20為650 是否同一券商待查),
2026-09-02,大型投顧法人（★未具名 ★補收錄08/31）,內資,強茂(2481),,★原文未載評等（調高獲利預估）,★調高目標價（新數字原文未載 待確認）,
2026-09-02,FactSet共識（彙總 非個別券商）,彙總,南亞(1303)／南亞科(2408)／國泰金(2882)／仁寶(2324),,見內文,見內文,
2026-09-02,－(法人 無評等或無目標價),－,華星光(4979)／聯電(2303)／南亞科(2408)華邦電(2344)／SEMICON Taiwan策略,,無評等或無目標價,無,
2026-09-02,－(近24小時無新券商觀點),－,萬潤(6187),,無新評等,無新目標價,
2026-09-02,投顧法人（★未具名）,內資,世芯-KY(3661),,★調高投資評等（新評等文字未載）,★調高目標價（新數字原文未載 待確認）,
2026-09-02,投顧法人（★未具名）,內資,華通(2313),,★原文未載評等（調高獲利預估）,★調高目標價（新數字原文未載 待確認）,
2026-09-02,美系大行（★未具名）,外資,愛普*(6531)／旺宏(2337),,重申正向（★無評等文字）,★未載,
2026-09-02,美系大行（★未具名 ★補收錄08/31）,外資,欣興(3037),,重申正向（★無評等文字）,★未載,
2026-09-02,花旗（★具名機構 ★非台股背景）,外資,建滔積層板(港股1888)／台光電(2383)聯茂(6213)台燿(6274)背景,,建滔買入（重申）,建滔95港元(2027年預估PE 20-21倍),
2026-09-02,－(近24小時無新券商觀點),－,萬潤(6187),,無新評等,無新目標價,
2026-09-03,摩根大通（★具名機構 ★補收錄09/02 17:47）,外資,南亞(1303),,優於大盤（維持）,350(上調 前值300=本系統07/15紀錄 市場新高),
2026-09-03,摩根士丹利（★具名機構 分析師未載）,外資,愛普*(6531),,優於大盤（維持）＋族群首選,1666(維持 ★08/07「美系外資1666首選」同源 查證結案),
2026-09-03,摩根士丹利（★具名機構 分析師未載）,外資,旺宏(2337),,優於大盤（維持 NAND首選）,220(維持 前值220=07/23大摩紀錄),
2026-09-03,瑞銀證券（★具名 林莉鈞）／野村證券（★具名 鄭明宗）／中信投顧,外資×2＋內資,矽力*-KY(6415),,瑞銀★評等文字未載（正向）／野村買進／中信投顧升評至買進,瑞銀700(★前值未載)／野村★未載／中信★未載,
2026-09-03,六家本國投顧（★未具名）＋本國投顧（權證版 國泰綜合證券供稿）,內資,宜鼎(5289),,買進（六家）／買進（維持）,1695至2360區間／2080(★前值未載),
2026-09-03,外資（★未具名 先探雜誌轉述）,外資,大立光(3008)／玉晶光(3406),,★原文未載評等,★同步上調（大立光升幅74% 玉晶光升幅逾一倍 ★新數字原文未載 待確認）,
2026-09-03,－(法人／權證版 無評等或無目標價),－,台特化(4772)／光寶科(2301)／聯發科(2454)／鴻海(2317)緯創(3231)仁寶(2324)／金融股,,無評等或無目標價,無,
2026-09-03,－(近24小時無新券商觀點),－,萬潤(6187),,無新評等,無新目標價,
2026-09-03,法人（★未具名 外資/內資未載）,★未載,台達電(2308),,買進（維持）,2400(維持 ★前值未載 38倍PE ★本系統首次紀錄2400 既有序列2205-2922),
2026-09-03,大型投顧法人（★未具名）,內資(推測),日月光投控(3711),,買進（維持）,★未載（僅稱獲利及利潤率仍有上檔空間）,
2026-09-03,投顧法人（★未具名）,內資(推測),大銀微系統(4576),,買進（維持）,★調升目標價（新舊數字原文未載 待確認）,
2026-09-03,麥格理證券／摩根大通（★具名 ★補收錄09/01）,外資,聯發科(2454),,優於大盤,麥格理10000(大幅調升 法人圈最高 ★既有紀錄已含)／摩根大通5600(★首次取得出處),
2026-09-03,摩根大通（重述 不計新增）,外資,南亞(1303),,優於大盤（維持）,350(早盤場次已收錄),
2026-09-03,－(法人／期貨研究部 無評等或無目標價),－,鴻勁(7769)／南電(8046)／華碩(2357)微星(2377)／台特化(4772)／緯創(3231)／族群策略,,無評等或無目標價,無,
2026-09-03,－(近24小時無新券商觀點),－,萬潤(6187),,無新評等,無新目標價,
2026-09-04,大和資本證券（★具名 簡威瑟）,外資,南電(8046),,★原文未載評等文字（力挺語境）,2460(升 ★前值原文未載 本系統07/15大和紀錄2444),
2026-09-04,金控旗下投顧（★未具名）,內資,奇鋐(3017),,★原文未載評等（看好語境）,4500(調升 ★前值原文未載 ★08/29「投顧調高TP無數字」查證結案),
2026-09-04,中信投顧（★具名）,內資,雙鴻(3324),,買進（維持）,★原文未載,
2026-09-04,群益金鼎證券（★副標具名 內文稱法人）,內資,華通(2313),,買進,★原文未載,
2026-09-04,台新證券（★副標具名 內文稱法人）,內資,長榮航(2618),,買進,50(★前值未載 本系統最高紀錄 既有第一金48/本土法人48),
2026-09-04,法人（★未具名 外資/內資未載）,★未載,台積電(2330),,買進,3115(★前值未載 本系統首次紀錄 介於美銀3100與FactSet 3160之間 既有序列2700-3700),
2026-09-04,摩根士丹利（★具名 產業報告）＋本土法人／瑞銀（理財周刊引述出貨預估）,外資,CPO測試供應鏈：汎銓(6830)／致茂(2360)／萬潤(6187)／旺矽(6223)／穎崴(6515)／鴻勁(7769)／世芯-KY(3661),,無個股評等,無,
2026-09-04,－(法人／供應鏈 無評等或無目標價),－,台積電(2330)／日月光投控(3711)／南電(8046)／國泰金(2882)／玉山金(2884)／欣興(3037)臻鼎(4958)／兆豐金(2886)聯發科(2454),,無評等或無目標價,無,
2026-09-04,－(近24小時無新券商觀點),－,萬潤(6187),,無新評等,無新目標價,
2026-09-04,法人（★未具名 外資/內資未載）,★未載,祥碩(5269),,買進（維持）,1825(前值1800 小幅上修+1.4%),
2026-09-04,美系外資（★未具名）,外資,亞德客-KY(1590),,買進（維持）,1925(★前值未載 高於瑞銀08/24 1877與FactSet 1900),
2026-09-04,高盛（★具名 ODM產業分歧報告）,外資,鴻海(2317)／緯穎(6669)／緯創(3231)＝買進；廣達(2382)／英業達(2356)／仁寶(2324)＝相對中立,,買進(鴻海/緯穎/緯創)／相對中立(廣達/英業達/仁寶) ★新舊未載,★六檔全數未載,
2026-09-04,多家外資（★未具名 ★研判為既有報告重述）,外資,國巨(2327),,買（原文喊買）,上看1450(★未點名券商 與花旗08/14重申1450相同 非新調整),
2026-09-04,－(投顧法人／大摩／大型本國投顧／法人 無評等或無目標價),－,CCL台光電(2383)台燿(6274)聯茂(6213)南亞(1303)／載板欣興(3037)南電(8046)臻鼎-KY(4958)／精測(6510)穎崴(6515)旺矽(6223)鴻勁(7769)志聖(2467)中砂(1560)／鈺齊-KY(9802)志強-KY(6768)聚陽(1477)／中華化(1727)／仁寶(2324)／南亞科(2408)富邦金(2881)／信驊(5274)上詮(3363)統新(6426),,無評等或無目標價,無,
2026-09-04,－(近24小時無新券商觀點),－,萬潤(6187),,無新評等,無新目標價,
2026-09-05,高盛（★具名 ODM產業報告 ★補收錄09/04 23:57紙本版完整清單）,外資,奇鋐(3017)＝買進；和碩(4938)＝賣出；技嘉(2376)／華碩(2357)＝中立,,奇鋐買進／和碩賣出／技嘉華碩中立（★新舊未載）,★四檔全數未載,
2026-09-05,－(法人／投顧／權證版 無評等或無目標價),－,緯創(3231)／台光電(2383)台燿(6274)聯茂(6213)／景碩(3189)／聯電(2303)／信驊(5274)／京元電(2449)富喬(6217)／大銀微系統(4576)／瑞銀論壇名單,,無評等或無目標價,無,
2026-09-05,－(近24小時無新券商觀點),－,萬潤(6187),,無新評等,無新目標價,
2026-09-06,日系外資（★未具名）,外資,鴻海(2317),,買進（維持）,435(上調 前值352 +23.6% ★本系統首次取得該前值),
2026-09-06,美系外資（★未具名）,外資,鴻海(2317),,買進（維持）,400(上調 前值360 +11.1% ★本系統首次取得該前值),
2026-09-06,★未具名券商（原文：09/04最新出爐的券商報告）,★未載,大成鋼(2027),,看多（維持）,55(前值★未載),
2026-09-06,美系外資（★未具名）,外資,華城(1519),,喊買（原文用詞）,★原文未載,
2026-09-06,大型投顧法人（★未具名）,內資,華碩(2357)／微星(2377),,正向看待（★原文未載正式評等）,★未載,
2026-09-06,大型本國投顧（★未具名）,內資,聯友金屬-創(7610),,★原文未載,★未載（稱評價具進一步上修空間 有機會比價國外大廠）,
2026-09-06,法人（★未具名 載體萬寶週刊 文/張文赫）,內資,健策(3653),,★原文未載,★未載,
2026-09-06,法人（★未具名 載體萬寶週刊 文/黃清照）,內資,國巨*(2327),,★非正式評等（稱可搶中級反彈）,★未載,
2026-09-06,分析師（★未具名）,★未載,新日興(3376),,★原文未載,★未載（估今年EPS 5.5元）,
2026-09-06,凱基投顧 朱晏民／群益投顧 蔡明彥（★具名）,內資,華通(2313)全新(2455)晶技(3042)佳世達(2352)晶宏(3141)亞光(3019)倉和(6538)信邦(3023)艾迪森 大銀微系統(4576)聯亞(3081)上銀(2049)晶碩(6491)東和鋼鐵(2006),,★原文未載（僅稱可望領漲抗跌）,★未載,
2026-09-06,－(近24小時無新券商觀點),－,萬潤(6187),,無新評等,無新目標價,
2026-09-06,法人（★未具名 外資/內資未載）,★未載,聯發科(2454),,強力買進（維持）,5625(★前值未載),
2026-09-06,法人（★未具名 外資/內資未載）,★未載,南亞(1303),,買進（維持）,★原文未載,
2026-09-06,統一投顧 廖婉婷（★具名）／法人（★未具名）,內資,台虹(8039)／健策(3653)奇鋐(3017)雙鴻(3324)／臻鼎-KY(4958)／長榮航太(2645),,★皆未給評等,★皆未載,
2026-09-06,安聯投信 蕭惠中／永豐金證券 蘇威嘉／統一投顧 黎方國（★皆具名）,內資,ABF載板 被動元件 散熱 PCB族群／精測(6510)旺矽(6223)聖暉(5536)等／大盤,,無個股評等,無,
2026-09-06,－(近24小時無新券商觀點),－,萬潤(6187),,無新評等,無新目標價,
2026-09-07,麥格理證券（★具名 外資圈首家覆蓋）,外資,新應材(4749),,優於大盤（初評）,★8字頭（800-899區間 確切數字原文未載 列待確認）／無前值(初評),
2026-09-07,統一投顧（★具名）,內資,華星光(4979),,買進（初評）,800／無前值(初評),
2026-09-07,本土投顧（★未具名）,內資,志聖(2467),,★原文未載評等文字（僅稱目標價上看755元）,755（前值★未載）,
2026-09-07,本土投顧（★未具名）,內資,世芯-KY(3661),,買進,★原文未載,
2026-09-07,本土投顧（★未具名）,內資,大立光(3008),,買進（重申）,★原文未載,
2026-09-07,高盛 策略師慕天輝（★具名 ★市場層級非個股評等）,外資,台股大盤／族群配置,,加碼台灣（Overweight）,指數12個月高點上調至54000點,
2026-09-07,－(法人／投顧／外銀 無評等或無目標價),－,緯創(3231)廣達(2382)緯穎(6669)台達電(2308)技嘉(2376)光寶科(2301)華碩(2357)英業達(2356)鴻海(2317)／盟立(2464)微星(2377)台化(1326)／永豐金(2890)台新新光金(2887)／上詮(3363),,無評等或無目標價,無,
2026-09-07,－(近24小時無新券商觀點),－,萬潤(6187),,無新評等,無新目標價,
2026-09-07,瑞銀證券 UBS 艾藍迪Randy Abrams（★具名）,外資,大立光(3008),,★賣出（由「買進」直接降評 跳過中性 調降2級）,5000（基本情境 原文稱維持不變 前值★未載）／樂觀9000 悲觀2500,
2026-09-07,滙豐證券 HSBC（★具名）,外資,聯電(2303),,買進（★原文未載係新評/調升/維持）,212（前值★未載）,
2026-09-07,美系外資（★未具名 原文用詞美系外資/外資/法人）,外資,聯發科(2454),,★未載（原文僅稱法人看好AI成長前景）,7000（原文稱「最高看至」 前值★未載）,
2026-09-07,摩根大通（★具名 ★既有報告重述 非本場次新調整）,外資,南亞(1303),,優於大盤（維持）,350（前值300 待確認 ★係09/03既有紀錄之重述）,
2026-09-07,美系大行（★未具名）,外資,欣興(3037)／南電(8046),,重申正向（★非標準評等用語 未載Buy/Outperform等級）,★未載,
2026-09-07,－(法人／投顧／分析師 無評等或無目標價),－,台積電(2330)／信驊(5274)／欣興(3037)南電(8046)景碩(3189)臻鼎(4958)金像電(2368)／AI供應鏈17檔／統新(6426)／友達(2409)群創(3481)／鴻海(2317),,無評等或無目標價,無,
2026-09-07,－(近24小時無新券商觀點),－,萬潤(6187),,無新評等,無新目標價,
2026-09-08,麥格理證券 Macquarie（★具名）,外資,南亞(1303),,優於大盤（★初評 初次納入研究範圍）,424（★外資圈新天價）／無前值(初評),
2026-09-08,高盛證券（★具名）＋某金控旗下投顧（★未具名）,外資＋內資,緯創(3231),,買進（內外資均給買進 ★未載新評/調升/維持）,★「股價可超越280元」（模糊表述 非精確目標價）／前值★未載,
2026-09-08,凱基投顧／「法人」（★歸屬含糊 未明確區分）,內資,信邦(3023),,買進（持續看好 ★未載新評或維持）,398／前值★未載,
2026-09-08,★未具名法人（工商時報權證專欄 外資/內資未載）,★未載,鴻海(2317),,買進（★未載新評/調升/維持）,327／前值★未載,
2026-09-08,★未具名法人（工商時報權證專欄 外資/內資未載）,★未載,大銀微系統(4576),,買進（★未載新評/調升/維持）,280／前值★未載,
2026-09-08,瑞銀證券 UBS 艾藍迪Randy Abrams（★具名 ★既有紀錄重述 非本場次新調整）,外資,大立光(3008),,★賣出（09/07由買進直接降2級 跳過中立）,5000（★本場次補=原文稱維持不變 前值5000係2026年7月報告）／樂觀9000 悲觀2500,
2026-09-08,★未具名美系外資（工商時報權證專欄）,外資,國巨*(2327),,重申正向看法（★非標準評等用語 未給買進/優於大盤等制式評等）,★未載,
2026-09-08,－(近24小時無新券商觀點),－,萬潤(6187),,無新評等,無新目標價,
2026-09-08,美系外資（★未具名 原文用詞美系外資/美系券商）,外資,全新(2455),,買進（維持）,793（前值505 ★調升+57.0%）,
2026-09-08,美系外資（★未具名）,外資,智邦(2345),,優於大盤 Overweight（維持）,3500（維持 前值★未載）,
2026-09-08,美系外資（★未具名）,外資,臻鼎-KY(4958),,買進（維持）,925（維持 前值★未載）,
2026-09-08,美系外資（★未具名）,外資,台光電(2383),,買進（維持）,10200（維持 前值★未載）,
2026-09-08,美系外資（★未具名）,外資,台燿(6274),,買進（維持）,3010（維持 前值★未載）,
2026-09-08,美系外資（★未具名）,外資,川湖(2059),,建議加碼（維持）,15000（維持 前值★未載）,
2026-09-08,高盛證券 Goldman Sachs（★具名 ★本場次唯一具名券商）,外資,上詮(3363),,買進,★原文未載,
2026-09-08,摩根大通（★具名 ★既有紀錄重述＋查證結案）／麥格理（★具名 既有紀錄重述）,外資,南亞(1303),,小摩優於大盤（維持）／麥格理優於大盤（初評）,小摩350（★前值300 本場次原文確認 查證結案）／麥格理424（無前值 初評）,
2026-09-08,－(法人／投顧／分析師 無評等或無目標價),－,上銀(2049)／創意(3443)／穎崴(6515)／鴻勁(7769)／中鋼(2002)／緯創(3231)／聯電(2303)／大立光(3008),,無評等或無目標價,無,
2026-09-08,－(近24小時無新券商觀點 ★但8月營收公布),－,萬潤(6187),,無新評等,無新目標價,
2026-09-08,Factset彙整（★未具名 鉅亨外資評等統計表）,外資,聚陽(1477),,加碼,255（前值265 ★★調降）,
2026-09-08,Factset彙整（★未具名 鉅亨外資評等統計表）,外資,萬海(2615),,加碼,105（前值101 ★調升）,
2026-09-09,摩根士丹利 Morgan Stanley（★具名）,外資,南電(8046),,正向投資評等（維持 ★原文未載優於大盤等制式評等字樣）,2460（★前值未載）,
2026-09-09,大和資本證券 Daiwa（★具名）,外資,南電(8046),,正向投資評等（★未載評等字樣 未載新評/維持）,1550（★前值未載）,
2026-09-09,摩根士丹利／大和資本／花旗環球／美銀／摩根大通（★五家具名 但未逐家拆分目標價）,外資,欣興(3037),,正向投資評等（維持/重申 ★原文未載制式評等字樣）,合理股價區間1068～1500（★未逐家拆分 ★前值未載）,
2026-09-09,瑞銀證券 UBS 陳玟瑾（★具名 台股策略暨非科技產業）,外資,豐泰(9910),,★升評「買進」（明確為升評 ★前次評等未載）,推測合理股價90（★前值未載）,
2026-09-09,瑞銀證券 UBS 陳玟瑾（★具名 台股策略暨非科技產業）,外資,來億-KY(6890),,★★降評「中立」（明確為降評 ★前次評等未載）,★原文完全未載目標價（無新值亦無前值）,
2026-09-09,★未具名法人（工商時報A31權證專欄 原文全篇僅稱法人 無券商名）,內資（依權證專欄慣例推定 ★原文未載）,志聖(2467),,買進（★新評/調升/維持皆未載）,750（★前值未載）,
2026-09-09,★未具名法人（工商時報A31權證專欄 原文全篇僅稱法人 無券商名）,內資（依權證專欄慣例推定 ★原文未載）,新應材(4749),,買進（★新評/調升/維持皆未載）,950（★前值未載）,
2026-09-09,永豐金證券（★副標具名 ★內文改稱本國投顧/法人未再具名）,內資,上銀(2049),,維持「買進」（原文明寫維持）,431（★前值未載）,
2026-09-09,★未具名法人（經濟日報權證專欄 原文僅稱法人 文末國泰證券提供係權證發行商非評等出具方）,★未載,日月光投控(3711),,維持「買進」,★原文未載,
2026-09-09,摩根大通（★具名 ★既有紀錄重述）／麥格理（★具名 既有紀錄重述）,外資,南亞(1303),,小摩優於大盤（維持）／麥格理優於大盤（★未載新評或維持）,小摩350（前值300 調升 本場次原文再次確認）／麥格理424（★前值未載）,
2026-09-09,多家外資（目標價彙整 ★非當日新報告）,外資,台積電(2330)／鴻海(2317),,內外資法人多給予正向評級（★未載個別評等與變動方向）,台積電=麥格理4200(最高)/花旗3800/里昂3700；鴻海=高盛400與花旗400(最高)/美銀 瑞銀 滙豐等300以上（★全數未載前值與報告日期）,
2026-09-09,－(法人／投顧／分析師 無評等或無目標價),－,鴻海(2317)台積電(2330)奇鋐(3017)新日興(3376)／華邦電(2344)／金像電(2368)／中砂(1560)／南亞(1303)晶碩(6491)／大立光(3008)玉晶光(3406)／閎康(3587)宏碁(2353)系微(6231)穎崴(6515),,無評等或無目標價,無,
2026-09-09,－(近24小時無新券商觀點),－,萬潤(6187),,無新評等,無新目標價,
2026-09-09,★未具名（原文全篇僅稱「美系外資」）,外資,勤誠(8210),,維持加碼（原文字「維持加碼評等不等」疑誤植）,1600（維持 前值1600）,
2026-09-09,★未具名（原文全篇僅稱「投顧法人」「法人」）,★未載（用語慣指內資投顧 惟原文未明示 不逕自歸類）,信驊(5274),,★未載評等文字（動作為調升）,★★原文完全未載數字（標題掛目標價但全文無金額 前值亦未載）,
2026-09-09,大和資本證券 Daiwa（★具名 ★★機構歸屬查證更正 非新增評等）,外資,南電(8046),,買進（依09/03外部佐證重申買進 ★09/09 12:31本篇未載評等文字）,2460（前值2444 ★前值來自09/03外部佐證 本篇未載）,
2026-09-09,－(法人／投顧／分析師 無評等或無目標價),－,台積電(2330)聯發科(2454)日月光投控(3711)鴻海(2317)廣達(2382)／光通訊CPO-NPO／欣興(3037)／京鼎(3413)／大量(3167)華邦電(2344)光聖(6442)上詮(3363)波若威(3163)聯亞(3081)華星光(4979)／大立光(3008)／友達(2409)群創(3481)／飛捷(6206)／家登(3680)光罩(2338),,無評等或無目標價,無,
2026-09-09,－(近24小時無新券商觀點),－,萬潤(6187),,無新評等,無新目標價,
2026-09-09,FactSet分析師調查（7位 ★未具名）,外資,文曄(3036),,★原文未載,300（前值★未載；★8月同類報導為310）,
2026-09-09,FactSet分析師調查（5位 ★未具名）,外資,環宇-KY(4991),,綜合評級積極樂觀6位/中立0/悲觀0（★人數與樣本數不一致 待確認）,663（前值630 ★調升+5.24%；最高710最低531）,
2026-09-09,凱基投顧（★具名）,內資,禾伸堂(3026),,增持（維持）,1000（前值950 ★調升）,
2026-09-09,統一投顧（★具名）,內資,國巨*(2327),,買進（重申）,688（前值★未載）,
2026-09-09,花旗環球（★具名）,外資,國巨*(2327),,買進（維持）,1450（前值★未載）,
2026-09-09,龍頭券商旗下投顧（★未具名 報告日9/8）,★未載,華城(1519),,買進（★未載新評/調升/維持）,860（前值★未載）,
2026-09-09,龍頭券商旗下投顧（★未具名 報告日9/8）,★未載,中興電(1513),,買進（★未載新評/調升/維持）,200（前值★未載）,
2026-09-09,龍頭券商旗下投顧（★未具名 報告日9/8）,★未載,亞力(1514),,持有（★同份報告中相對保守）,113（前值★未載）,
2026-09-09,龍頭券商旗下投顧（★未具名 報告日9/8）,★未載,東元(1504),,持有（★同份報告中相對保守）,80（前值★未載）,
2026-09-09,本土法人（★未具名 報告日9/8）,內資,聯電(2303),,買進（★未載新評/調升/維持）,169（前值★未載）,
2026-09-09,FactSet分析師調查（11位 ★未具名）,外資,中信金(2891),,★原文未載,73.5（前值★未載）,
2026-09-09,高盛證券（★具名）,外資,台股大盤,,★★調升：中性→優於大盤Overweight,指數目標54000點（前值★未載）,
2026-09-09,瑞銀證券 UBS（★具名）,外資,台積電(2330)/聯發科(2454)/日月光投控(3711)/鴻海(2317)/廣達(2382),,重申偏好（產業觀點 未給個股評等）,無,
2026-09-10,本土金控法人（★未具名）,內資,台積電(2330),,強力買進（★未載新評/調升/維持）,3220（前值★未載）,
2026-09-10,本土金控法人（★未具名）,內資,日月光投控(3711),,買進（★未載新評/調升/維持）,840（前值★未載）,
2026-09-10,本土金控法人（★未具名）,內資,中砂(1560),,買進（★未載新評/調升/維持）,840（前值★未載）,
2026-09-10,本土金控法人（★未具名）,內資,昇陽半導體(8028),,買進（★未載新評/調升/維持）,290（前值★未載）,
2026-09-10,摩根士丹利＋美銀證券＋花旗環球（★三家具名）,外資,致茂(2360),,★原文未載制式評等（用字「同步看好未來成長」）,★模糊表述「股價預期上看3字頭」（前值★未載）,
2026-09-10,★未具名外資（摩根士丹利具名評論營運）,外資,旺矽(6223),,★原文未載,★模糊表述「8000元以上」（前值★未載）,
2026-09-10,金控旗下投顧研究機構（★未具名）,內資,宏捷科(8086),,買進（★未載新評/調升/維持）,150（前值★未載）,
2026-09-10,晨星 Morningstar（★具名 研究機構非券商）,★未載,聯發科(2454),,★★降評「賣出」（明確為降評）,4000（前值★未載）,
2026-09-10,高盛證券（★具名）,外資,全新(2455)/上詮(3363)/惠特/高明鐵/光焱,,無（產業觀點 未給個股評等）,無,
2026-09-10,統一投顧（★具名）,內資,健鼎(3044),,★原文未載評等（用字「青睞」「看好」）,★未載,
2026-09-10,★未具名法人（工商時報權證專欄）,★未載,聯茂(6213)/華通(2313),,無評等,無,
2026-09-10,★未具名法人（工商時報權證專欄）,★未載,長榮(2603)/萬海(2615),,★未載評等,★未載,
2026-09-10,★未具名美系外資（★既有紀錄重述 09/09已收錄1600元）,外資,勤誠(8210),,重申正向看法（維持）,★本篇未載（09/09已收錄1600）,
2026-09-10,金控龍頭旗下投顧（★未具名）,內資,萬潤(6187),,★未載評等（僅列受惠標的）,★未載,
2026-09-10,★未具名法人,★未載,大成鋼(2027),,無評等,無,
2026-09-10,★未具名法人,★未載,九豪(6127)/同欣電(6271),,無評等,無,
2026-09-10,大和資本 Daiwa（★具名）,外資,欣銓(3264),,買進（★初評／首次覆蓋）,340 元（前值－（初評，無前值））,
2026-09-10,摩根大通 J.P. Morgan（★具名）,外資,國巨(2327),,優於大盤（★未載新評／調升／維持）,1、030 元（前值★原文未載）,
2026-09-10,美銀證券 BofA（★具名）,外資,緯創(3231),,買進（重申）,265 元（★調升）（前值238 元）,
2026-09-10,摩根士丹利 Morgan Stanley（★具名，報告日 2026-09-09）,外資,廣達(2382),,增持 Overweight（★未載新評／調升／維持）,★原文未載（前值★原文未載）,
2026-09-10,宏遠投顧／玉山投顧／富邦投顧／中信投顧（★四家具名）,內資,群聯(8299),,買進（維持）／中信投顧：維持增加持股,宏遠 3、726 元｜玉山 2、970 元｜中信 2、785 元｜富邦 2、730 元（前值★四家皆★原文未載前值）,
2026-09-10,群益投顧（★具名）,內資,新日興(3376),,買進（★未載新評／調升／維持）,242 元（前值★原文未載）,
2026-09-10,群益投顧（★具名）,內資,奇鋐(3017),,買進 Buy（★未載新評／調升／維持）,4、360 元（前值★原文未載）,
2026-09-10,群益投顧（★具名）,內資,大立光(3008),,買進（維持）,★原文未載（前值★原文未載）,
2026-09-10,★未具名法人（工商時報權證專欄）,★原文未載,志聖(2467),,買進,750 元（前值★原文未載）,
2026-09-10,★未具名法人（工商時報權證專欄）,★原文未載,新應材(4749),,買進,950 元（前值★原文未載）,
2026-09-10,高盛證券 Goldman Sachs（★具名，分析師 Allen Chang、Verena Jeng、張博凱）,外資,鴻海(2317),,買進，並列入「確信買入名單 Conviction List」,★原文未載（前值★原文未載）,
2026-09-10,高盛證券 Goldman Sachs（★具名）,外資,南亞(1303),,買進，並列入「確信買入名單 Conviction List」,★原文未載（前值★原文未載）,
2026-09-10,★未具名美系外資（高盛同期亦列買進）,外資,台達電(2308),,維持買進,★原文未載（前值★原文未載）,
2026-09-10,FactSet 分析師調查（6 位，★未具名）,外資,台塑(1301),,積極樂觀 5 位／保持中立 2 位／保守悲觀 0 位（★人數與樣本數不一致，待確認）,75 元（★調升 +3.45%）（前值72.5 元）,
2026-09-10,FactSet 分析師調查（17 位，★未具名）,外資,信驊(5274),,★原文未載,22、500 元（前值★原文未載）,
2026-09-10,FactSet 分析師調查（6 位，★未具名）,外資,玉晶光(3406),,積極樂觀 3 位／保持中立 2 位／保守悲觀 1 位,700 元（★調升 +3.32%）（前值677.5 元）,
2026-09-10,FactSet 分析師調查（10 位，★未具名）,外資,富世達(6805),,★原文未載,2、650 元（前值★原文未載）,
2026-09-10,FactSet 彙整（★未具名，鉅亨外資評等統計表，評等日 2026-09-09）,外資,華通(2313),,★原文未載（統計表評等欄空白）,322.5 元（前值★原文未載（統計表舊目標價欄空白））,
2026-09-10,FactSet 彙整（★未具名，鉅亨外資評等統計表，評等日 2026-09-09）,外資,臻鼎-KY(4958),,★原文未載（統計表評等欄空白）,682.5 元（前值★原文未載（統計表舊目標價欄空白））,
2026-09-10,野村投信（★具名）,內資,台股大盤,,無（大盤觀點）,無,
2026-09-10,第一金投顧 黃詣庭／台新投顧 黃文清（★具名）,內資,台股大盤,,無（大盤觀點）,無,
2026-09-10,統一證券／國票證券（★具名）,內資,台股大盤,,無（大盤觀點）,無,
2026-09-10,★未具名投顧法人,★未載,台塑(1301)／台塑化(6505)／南亞(1303),,★原文未載,★★標題稱「上修三檔目標價」但內文完全未列數字，待確認,
2026-09-10,★未具名法人（市場評估）,★未載,國巨*(2327)／華新科(2492),,無評等,無,
2026-09-10,摩爾投顧 蔡慶龍（★具名）,內資,全新(2455),,★原文未載,★原文未載,
2026-09-10,萬寶投顧 蔡明彰（★具名）,內資,聯亞(3081)／全新(2455)／茂迪(6244)／廣達(2382),,★原文未載,★原文未載,
2026-09-10,摩爾投顧 陳昆仁、林漢偉（★具名）,內資,台達電(2308),,★原文未載,★原文未載,
2026-09-10,★未具名法人,★未載,光聖(6442),,★原文未載,★原文未載,
2026-09-10,★未具名（業界觀察／供應鏈）,★未載,華新科(2492)／信昌電(6173),,無評等,無,
2026-09-10,高盛證券（★具名）,外資,iPhone Duo 供應鏈 11 檔,,買進（鴻海、南亞另列確信買入名單）,★原文未載,
2026-09-11,高盛證券 Goldman Sachs（★具名）,外資,台積電(2330),,★原文未載評等（維持推測合理股價）,"3,100 元（維持）（前值3,100 元）",
2026-09-11,凱基投顧（★具名）,內資,台積電(2330),,買進,"3,200 元（前值★原文未載）",
2026-09-11,★未具名投顧法人,★未載,台積電(2330),,★原文未載,★原文未載（原文稱以本益比20倍看有挑戰「3字頭」實力，非正式目標價）,
2026-09-11,美銀證券（★具名）,外資,緯創(3231),,買進（★本篇未載評等，09/10已收錄買進）,265 元（★既有紀錄重述，09/10已收錄）,
2026-09-11,摩根士丹利 Morgan Stanley（★具名）,外資,緯創(3231)/廣達(2382),,重申看好雙強；布局順位緯創優先於廣達,★原文未載,
2026-09-11,金控旗下投顧（★未具名）,內資,華碩(2357),,買進,★原文未載,
2026-09-11,國泰證期研究（★具名）,內資,富世達(6805),,★原文未載（持續看好後市）,★原文未載,
2026-09-11,台新證券（★具名，內文稱「法人」）,內資,強茂(2481),,買進,205 元（前值★原文未載）,
2026-09-11,群益金鼎證券（★具名）,內資,力成(6239),,★原文未載,★原文未載,
2026-09-11,★未具名法人,★未載,凱基金(2883),,買進,40 元（前值★原文未載）,
2026-09-11,★未具名法人,★未載,玉山金(2884),,買進,★原文未載,
2026-09-11,★未具名法人,★未載,力積電(6770),,★原文未載,90 元（前值★原文未載）,
2026-09-11,★未具名法人,★未載,光罩(2338),,★原文未載,★原文未載,
2026-09-11,高盛證券（★具名）,外資,美光/SK海力士/SanDisk/三星電子（★原文未載代號）,,★原文未載,★原文未載,
2026-09-11,★未具名法人（引集邦TrendForce數據）,★未載,威剛(3260)/創見(2451)/十銓(4967)/宜鼎(5289)/宇瞻(8271)/群聯(8299),,無評等,無,
2026-09-11,★未具名業界／供應鏈,★未載,國巨(2327)/華新科(2492),,無評等,無,
2026-09-11,高盛證券（★具名）,外資,全新(2455)/上詮/惠特/高明鐵/光焱科技（後四家★原文未載代號）,,★原文未載,★原文未載,
2026-09-11,★未具名法人,★未載,光聖(6442),,★原文未載（樂看）,★原文未載,
2026-09-11,高盛證券（★具名，大中華科技團隊）,外資,蘋果供應鏈11檔（★既有紀錄補充）,,買進（11檔均建議買進）,★原文未載,
2026-09-11,高盛大中華科技團隊（★具名）＋IDC（市調機構）,外資,折疊機產業（蘋果/三星/華為/小米）,,★原文未載,★原文未載,
2026-09-11,★未具名法人,★未載,新日興(3376)/台積電(2330)/鴻海(2317)/大立光(3008)/玉晶光(3406),,★原文未載,★原文未載,
2026-09-11,永豐投顧 黃柏棠／第一金投顧 黃詣庭／玉山投顧 陳正偉／統一投顧／統一投信／永豐投信（★六家具名）,內資,台股大盤,,無（大盤觀點）,"永豐投顧：短線44,000-48,000點區間震盪；第一金投顧：年底前高點仍上看5萬點之上",
2026-09-11,美系大行／美系券商（★未具名）,外資,大立光(3008),,★下調評等（原文僅載「下調評等」，未載新舊等級）,★調升（原文未載數字）,
2026-09-11,美系大行／美系券商（★未具名）,外資,玉晶光(3406),,★下調評等（同上，未載新舊等級）,★調升（原文未載數字）,
2026-09-11,FactSet 分析師調查（10 位，★未具名）,外資,中砂(1560),,★原文未載（本篇僅列EPS與TP）,860 元（★調升 +0.58%）（前值855 元，取自同系列前篇，待確認）,
2026-09-11,大型本國投顧（★未具名）,內資,精測(6510),,★原文未載,★調升（原文未載數字與前值）,
2026-09-11,美系券商（★未具名）,外資,聯電(2303),,重申正向（★未載制式等級）,★原文未載,
2026-09-11,美系券商（★未具名）,外資,台積電(2330),,重申正向（★未載制式等級）,★原文未載,
2026-09-11,美系外資（★未具名）,外資,世芯-KY(3661),,★原文未載,★原文未載,
2026-09-11,美系外資（★未具名）,外資,惠特(6706),,★原文未載,★原文未載,
2026-09-11,★未具名分析師／法人,★未載,緯穎(6669),,正向（★未載制式等級）,★原文未載（僅載EPS預估）,
2026-09-11,凱基投顧（★具名，引用Fundstrat）,內資,台股大盤／AI硬體族群,,維持中長期正向；建議逢回布局,無（大盤觀點）,
2026-09-11,★未具名法人,★未載,鴻海(2317)/廣達(2382)/英業達(2356)/光聖(6442),,看好（★未載制式等級）,★原文未載,
2026-09-11,★未具名大型法人機構,★未載,聯發科(2454)/創意(3443)/世芯-KY(3661)/祥碩(5269)/譜瑞-KY(4966),,看好（★未載制式等級）,★原文未載,
2026-09-11,元大投顧（★具名）,內資,台股資金面／新台幣,,無（總經觀點）,無,
2026-09-11,資深證券分析師 簡伯儀（★具名，未載所屬機構）,內資,台股大盤,,無（大盤觀點）,無,
2026-09-11,國內法人（★未具名）,內資,華擎(3515)/永擎(7711),,無評等,無,
2026-09-12,摩根士丹利 Morgan Stanley（大摩）（★具名）,外資,大立光(3008),,優於大盤 → 中立（★降評，新舊等級均已確認）,"7,100 元（前值 4,836 元，調升+46.8%）",
2026-09-12,摩根士丹利 Morgan Stanley（大摩）（★具名）,外資,玉晶光(3406),,下調（★原文僅載「評級雙雙下調」，未明確載出新舊等級文字，待補）,910 元（前值 425 元，調升+114.1%）,
2026-09-12,★未具名法人,★未載,台光電(2383)/台燿(6274)/聯茂(6213)/騰輝電子-KY(6672),,★原文未載（看好下半年營運續升溫）,★原文未載,
2026-09-12,★未具名法人,★未載,日月光投控(3711),,正向（★未載制式等級）,★原文未載,
2026-09-12,玉山投信 杜欣霈（★具名，中小型股基金經理人）,內資,台股大盤,,無（大盤觀點）,"第4季指數區間 43,000～49,000 點",
2026-09-12,★未具名法人,★未載,台塑(1301)/國喬(1312)/台達化(1309)（★後二檔代號為整理者補註）,,★原文未載,★原文未載,
2026-09-12,投資達人 葉育碩（★具名，非券商機構）,－,台股大盤,,無（大盤觀點）,無,
2026-09-12,謝金河（財經媒體人，非券商）＋彭博拆解數據,－,台積電(2330)/台達電(2308)/智邦(2345)/奇鋐(3017)/雙鴻(3324)/健策(3653)/欣興(3037)/南電(8046)/景碩(3189)/台光電(2383)/台燿(6274)/金居(8358)/聯茂(6213)/川湖(2059)等15檔,,無（產業觀察）,無,
2026-09-12,台積電 先進封裝副總 何軍（公司高層，非券商）,－,台積電(2330)/志聖(2467)/長興(1717)/致茂(2360),,無（產業資訊）,無,
2026-09-12,理財周刊 洪寶山（財經媒體，非券商）,－,長興(1717)/新應材(4749)/台光電(2383)/台特化(4772)/中砂(1560),,無（產業觀察）,無,
2026-09-12,Aletheia Capital（★具名・外資獨立研究機構）,外資,旺矽(6223),,★原文未載制式評等（列入該機構「Alpha 超額報酬投資組合」）,"12,000 元（原文載「維持」；本系統既有最近紀錄10,000元＝08/15由4,000上調、08/24媒體引述仍為10,000，由10,000調升至12,000之實際日期待確認）",
2026-09-12,富邦投顧 陳奕光（★具名）,內資,台股大盤,,整理過後仍登高在望,"下周區間45,900～47,578點",
2026-09-12,第一金投顧 黃詣庭（★具名）,內資,台股大盤,,不宜追高、建議適度降低持股比重,"未來一周區間45,200～47,500點",
2026-09-12,康和證券投資總監 廖繼弘（★具名）,內資,台股大盤,,短線轉弱整理、中期區間震盪,"區間45,220（季線）～47,500點",
2026-09-12,★未具名法人,★未載,南亞科(2408),,★原文未載（正面）,★原文未載,
2026-09-12,★未具名法人,★未載,台積電(2330)/南亞科(2408)/力積電(6770)/欣興(3037)/致茂(2360)/精測(6510)/大量(3167)/信驊(5274)/聯電(2303)/富喬(1815)/聯詠(3034)/中砂(1560)/全新(2455)/陽明(2609)/富世達(6805),,★原文未載,★原文未載,
2026-09-12,杜金龍（★具名，台股資深分析師・非券商機構，節目口頭觀點）,－,台積電(2330)/群創(3481)/大立光(3008)/玉晶光(3406)/川湖(2059)/台股大盤,,最看好台積電（★非制式評等）,"台積電短線3,000元、長線5,000元(2028年)；群創短線52.3元、再挑戰前波高點72元；台股2027/5目標53,000點、高點上看60,000點、2028年2-5月挑戰80,000點",
2026-09-12,凱基投顧（★具名）,內資,富喬(1815),,★原文未載（正面）,★原文未載,
2026-09-12,群益投顧研究部副總裁 曾炎裕（★具名）／萬寶投顧 蔡明彰（★具名）,內資,彰銀(2801)/台新新光金(2887)/陽明(2609)/長榮航(2618)/潤泰新(9945)/富喬(1815)/臻鼎-KY(4958)等15檔,,看好（★未載制式等級）,★原文未載,
2026-09-12,IDC（國際研調機構）,－,緯創(3231)/鴻海(2317)/廣達(2382)/英業達(2356)/神達(3706)/華碩(2357)/技嘉(2376),,無評等（研調數據）,無,
2026-09-12,凱基投顧董事長 朱晏民（★具名）,內資,AI基礎建設供應鏈,,★原文未載,★原文未載,
2026-09-12,國泰世華銀行（★具名）,內資,台股大盤／AI伺服器族群,,長線不看淡、拉回為布局機會,無（總經觀點）,
2026-09-12,★未具名法人／外資買盤,★未載,精誠(6214)/華經(2468)/驊宏資(6148)/創泓科技(7714),,★原文未載,★原文未載,
2026-09-12,TrendForce（研調）＋★未具名法人,★未載,友達(2409)/彩晶(6116)/群創(3481),,★原文未載（法人對Q4保守）,★原文未載,
2026-09-12,資深分析師 張林忠（★具名，未載所屬機構）,內資,緯創(3231)/聯電(2303)/力成(6239)/群創(3481),,★原文未載,★原文未載,
2026-09-12,公司自結數（非券商評等）,－,元大金(2885)/凱基金(2883)/永豐金(2890)/玉山金(2884)/華南金(2880)/第一金(2892),,無（公司自結）,無,
2026-09-12,公司端（非券商評等）,－,奇鋐(3017)/雙鴻(3324),,無（公司說法）,無,
2026-09-12,★未具名法人（公司端說法為主）,★未載,台船(2208)/永虹先進(8144),,無評等,無,
2026-09-13,高盛 Goldman Sachs（★具名）,外資,美國利率政策／全球股市,,無（總經觀點）,無,
2026-09-13,花旗 Citi（★具名，經濟學家 Andrew Hollenhorst、Veronica Clark）,外資,美國利率政策,,無（總經觀點）,無,
2026-09-13,TD Securities（★具名，經濟學家 Oscar Munoz 團隊）,外資,美國利率政策,,★最鷹派（預測啟動新一輪升息循環）,無,
2026-09-13,安聯投信 海外投資首席 許家豪（★具名）,內資,台股／全球股債配置,,長線不看淡；重點非放棄成長而是提高承受成長波動的能力,無（策略觀點）,
2026-09-13,花旗 Citi（★具名，Atif Malik 團隊）,外資,光通訊產業（訪談 Lightmatter 管理層）,,無（產業觀點）,無,
2026-09-13,104人力銀行／工研院產科所（研調，非券商）,－,台積電(2330)／半導體產業,,無評等（研調數據）,無,
2026-09-13,櫃買中心（市場公告，非券商）,－,博來科技(7562),,無評等,無,
2026-09-13,法人（★未具名，工商時報）,★未載,南亞(1303),,買進（維持）,320元（由原先水準上調；前值原文未揭露，★待確認）,
2026-09-13,法人（★未具名，工商時報）,★未載,欣興(3037),,正向（維持，★原文未載制式等級）,"1,220元（維持，未調整）",
2026-09-13,分析師／法人機構（★未具名，經濟日報）,★未載,華邦電(2344),,★原文未載（正面）,★原文未載,
2026-09-13,大型法人機構（★未具名，經濟日報）,★未載,台光電(2383)/台燿(6274)/聯茂(6213)/南亞(1303)/欣興(3037)/南電(8046)/臻鼎-KY(4958),,看好（★未載制式等級）,★原文未載,
2026-09-13,第一金投顧 董事長 黃詣庭（★具名）,內資,台股大盤,,看好第四季轉強,"第四季有機會挑戰50,000點",
2026-09-13,富邦投顧 董事長 陳奕光（★具名）,內資,台股大盤,,中秋節後行情慢慢升溫,"中秋節前45,900～47,578點；10/16轉折後站穩48K",
2026-09-13,康和證券 投資總監 廖繼弘（★具名）,內資,台股大盤,,中期偏強但非強勁向上趨勢,視中秋節前指數落點而定,
2026-09-13,台新投顧 總經理 黃文清（★具名）,內資,聯強(2347)/台積電(2330)/世界(5347)/欣興(3037)/聯詠(3034)/統一(1216)/統一證(6004)/長榮(2603)/長榮航(2618)/遠傳(4904)/華碩(2357)/台灣大(3045)/景碩(3189)/永豐金(2890)/佳世達(2352),,選股宜傾向防守策略,★原文未載,
2026-09-13,法人（★未具名，經濟日報）,★未載,台積電(2330)/聯電(2303)/華邦電(2344)等15檔,,選股不選市,★原文未載,
2026-09-14,摩根士丹利 Morgan Stanley（大摩）（★具名）,外資,玉晶光(3406),,劣於大盤（Underweight）★補正09/12紀錄遺留之評等等級文字,910 元（前值 425 元；沿用09/12紀錄）,
2026-09-14,摩根士丹利 Morgan Stanley（大摩）（★具名）,外資,大立光(3008),,中立（自優於大盤降評；09/12已收錄）,"7,100 元（前值 4,836 元；09/12已收錄）",
2026-09-14,大和資本 Daiwa（★具名）,外資,欣銓(3264),,買進（初評；09/10已收錄）,340 元（初評無前值）,
2026-09-14,本土投顧（★未具名，工商時報）,內資,京鼎(3413),,買進（★未載新評/維持）,★原文未載,
2026-09-14,本土投顧（★未具名，工商時報）,內資,弘塑(3131),,買進（維持）,"★原文未載（cnyes 20260903 FactSet 4,000元為既有紀錄）",
2026-09-14,法人（★未具名，工商時報）,★未載,聯發科(2454),,看好（★未載制式等級）,★原文未載,
2026-09-14,法人（★未具名，工商時報）,★未載,中砂(1560)/騰輝電子-KY(6672),,★未載（列為績優成長股；中砂09/10本土法人買進840元）,★原文未載,
2026-09-14,富邦投顧 董事長 陳奕光（★具名）,內資,台股大盤,,FOMC三情境兵推,"本周45,900～47,500點；9月底挑戰48,000點",
2026-09-14,第一金投顧 董事長 黃詣庭（★具名）,內資,台股大盤,,最可能情境：升息1碼＋後續視數據,"中性→反彈後震盪、10月再戰歷史高點；鷹派→回測季線45,220點；短線下檔月線46,025點",
2026-09-14,中國信託證券投顧 總經理 陳柏州（★具名）,內資,台股大盤,,震盪偏多,"第四季仍有挑戰50,000點機會",
2026-09-14,法人分析（★未具名，工商時報）,★未載,萬潤(6187)/上詮(3363)/漢測/高明鐵(5439)/鴻勁(7769),,無（產業分析）,無,
2026-09-14,市場數據(非券商評等),－,台積電(2330)/台達電(2308)/緯創(3231)/華邦電(2344)/世芯-KY(3661)/南亞科(2408)/頎邦(6147)/威剛(3260)/聯電(2303)/台塑化(6505)/國巨(2327)/友達(2409)/群創(3481)/玉晶光(3406)/環球晶(6488),,無(公股行庫買超),無,
2026-09-14,摩根士丹利 Morgan Stanley（大摩）（★具名，報告日9/13）,外資,台光電(2383),,加碼（維持）,"8,400 元（前值★原文未載）",
2026-09-14,摩根士丹利 Morgan Stanley（大摩）（★具名，報告日9/13）,外資,台燿(6274),,加碼（維持）,"2,700 元（前值★原文未載；日系外資06/30為2,115元）",
2026-09-14,摩根士丹利 Morgan Stanley（大摩）（★具名，報告日9/13）,外資,金居(8358),,加碼（維持）,730 元（前值★原文未載）,
2026-09-14,美系外資（★未具名，工商時報）,外資,昇達科(3491),,買進（維持）,"2,557 元（前值 2,513 元 ★調升）",
2026-09-14,本土投顧（★未具名，旺得富）,內資,創意(3443),,買進,"7,881 元（前值★原文未載；2027 EPS 131.35元×60倍）",
2026-09-14,券商龍頭旗下投顧（★未具名，推測元大）,內資,一詮(2486),,推薦（★未載制式等級）,275 元（前值★原文未載）,
2026-09-14,券商龍頭旗下投顧（★未具名）,內資,緯穎(6669)/奇鋐(3017)/富世達(6805)/健策(3653),,推薦,★原文未載（表格為圖片）,
2026-09-14,統一投顧（★具名，9/14出具）,內資,長榮(2603),,正向,280 元（前值★原文未載；2026年底淨值×P/B 1.0倍）,
2026-09-14,統一投顧（★具名）,內資,陽明(2609),,正向,76 元（前值★原文未載；P/B 0.8倍）,
2026-09-14,統一投顧（★具名）,內資,萬海(2615),,正向,134 元（前值★原文未載；P/B 1.2倍）,
2026-09-14,中信投顧（★具名）,內資,長榮(2603),,中立,257 元（前值★原文未載）,
2026-09-14,大型本國投顧（★未具名，聯合新聞網；內容與凱基09/09報告高度一致）,內資,禾伸堂(3026),,調升（★未載數字）,"調升（★未載數字；凱基09/09已收錄1,000元）",
2026-09-14,投顧研究機構（★未具名）／凱基投顧（智邦）,內資,頎邦(6147)/智邦(2345),,頎邦 買進（重申）；智邦 重啟研究（★未載等級）,頎邦 250 元（與09/02初評相同）；智邦★原文未載,
2026-09-14,美銀證券 BofA（★具名）,外資,富邦金(2881)/台灣金融股,,正向（★未載制式等級）,★原文未載,
2026-09-14,里昂證券 CLSA（★具名）＋華冠投顧劉炯德／顧德投顧黃紫東／本土投顧（★未具名）,外資＋內資,記憶體族群（南亞科(2408)/華邦電(2344)等）,,里昂維持產業正面（個股★未載）,★原文未載,
2026-09-14,美系外資（★未具名，工商時報）,外資,東元(1504),,看好（★未載制式等級）,★原文未載（龍頭券商投顧09/09持有80元為既有紀錄）,
2026-09-14,美系外資（=大摩，09/12已收錄）＋高盛 Goldman Sachs（★具名）,外資,大立光(3008)/玉晶光(3406),,大立光：大摩 中立（自優於大盤降評）；高盛 買進（維持）,"大摩7,100元；高盛★原文未載",
2026-09-14,法人（★未具名，經濟日報）／資深分析師簡伯儀／國泰投信00881經理人蘇鼎宇（★具名）,內資,台股大盤,,FOMC前觀望、短線偏空但未見中期轉空訊號,"45,000～季線45,200點支撐；站回46,000屬技術性修正",
2026-09-15,摩根士丹利 Morgan Stanley（大摩）分析師高燕禾（★具名）,外資,金居(8358),,加碼（★初評納入研究；補正09/14盤後紀錄之「維持」）,730 元（初評無前值）,
2026-09-15,摩根士丹利（大摩）（★具名）,外資,台光電(2383)/台燿(6274),,加碼（★初評，補正09/14「維持」）,"8,400 元／2,700 元（初評無前值）",
2026-09-15,法人（★未具名，工商時報權證專欄）,★未載,台積電(2330),,正向（★未載制式等級）,★未載,
2026-09-15,本國投顧（★未具名，工商時報）,內資,聯電(2303),,正向（★未載制式等級）,★未載,
2026-09-15,本國投顧（★未具名，工商時報）,內資,鴻海(2317)/緯創(3231),,正向（★未載制式等級）,★未載,
2026-09-15,法人（★未具名，工商時報）,★未載,南亞(1303),,正向（★未載制式等級）,★未載,
2026-09-15,法人（★未具名，工商時報）,★未載,環球晶(6488)/合晶(6182)/台勝科(3532),,無（產業分析）,無,
2026-09-15,投顧研究機構（★未具名）／凱基投顧／統一投顧,內資,頎邦(6147)/智邦(2345)/長榮(2603),,頎邦買進250、智邦重啟研究、長榮正向280（★均為09/14已收錄之重刊）,250 元／★未載／280 元,
2026-09-15,★既有報告重述（大摩/花旗/高盛，7月底報告）,外資,國巨(2327),,買進/增持（重述）,"大摩1,465／花旗1,450／高盛1,280（均為既有紀錄）",
2026-09-15,萬寶投顧 董事長朱成志／群益投信 許育誌（★具名）,內資,台股大盤,,偏正向（拉回布局）,無,
2026-09-15,永豐投顧 總經理黃柏棠／國泰證期 協理郭經緯（★具名）,內資,台股大盤,,降槓桿、現金≥30%,無,
2026-09-15,兆豐期貨 郭偉政／富邦投顧 董事長陳奕光／第一金投顧 黃詣庭／台新投顧 黃文清（★具名）,內資,台股大盤,,偏正向（FOMC後反彈）,無,
2026-09-19,花旗環球,外資,奇鋐(3017),,買進(維持),4350(前值3800 +14.4%),
2026-09-19,花旗環球,外資,雙鴻(3324),,買進(維持),1800(前值1550 +16.1%),
2026-09-19,FactSet共識(非單一券商),外資,奇鋐(3017),,無(共識值),4000,
2026-09-19,高盛,外資,上詮(3363)聯亞(3081)全新(2455),,買進(3檔),★待確認(上詮833 聯亞4401 全新793 疑為09/11前稿數字),
2026-09-19,－(近24小時無新券商觀點),－,萬潤(6187),,無新評等,無新目標價,
2026-09-19,FactSet共識(非單一券商),外資,南亞科(2408),,無(共識值),637.5(前值617.5 +3.24%),
2026-09-19,安聯投信 台灣大壩基金經理人 蕭惠中(★具名),內資,產業觀點(多族群),,正向,無,
2026-09-19,大和資本(Daiwa),外資,金像電(2368),,買進,1380(前值1100 +25.5%),
2026-09-19,法人(★未具名，經濟日報),★未載,台積電(2330)/聯發科(2454)等10檔,,正向(★未載制式等級),★未載,
2026-09-19,法人(★未具名，經濟日報),★未載,健鼎(3044),,正向(★未載制式等級),★未載,
2026-09-20,野村證券 Nomura（★具名）,外資,頎邦(6147),,買進（由「中立」強勢調升）,270 元（前值 171 元 +57.9%）,
2026-09-20,摩根大通 J.P. Morgan（小摩，★具名）,外資,南亞(1303),,優於大盤（維持）,350 元（前值 300 元 +16.7%）,
2026-09-20,高盛 Goldman Sachs（★具名）,外資,全新(2455),,買進（維持）,793 元（前值 505 元 +57.0%）,
2026-09-20,摩根士丹利（大摩，★具名）,外資,創意(3443),,優於大盤（維持）,6288 元（前值 5688 元 +10.5%）,
2026-09-20,瑞銀 UBS（★具名）,外資,研華(2395),,買進（維持）,782 元（前值 744 元 +5.1%）,
2026-09-20,高盛 Goldman Sachs（★具名）,外資,昇達科(3491),,買進（維持）,2557 元（前值 2513 元 +1.8%）,
2026-09-20,野村證券 Nomura（★具名）,外資,矽力*-KY(6415),,買進（維持）,590 元（前值 585 元 +0.9%）,
2026-09-20,麥格理 Macquarie（★具名）,外資,奇鋐(3017),,優於大盤（維持）,4600 元（前值 4250 元 +8.2%）,
2026-09-20,野村證券 Nomura（★具名）,外資,強茂(2481),,買進（維持）,214 元（前值 195 元 +9.7%）,
2026-09-20,－（近24小時無新券商觀點）,－,萬潤(6187),,無新評等,無新目標價,
2026-09-20,永豐投顧,內資,台股大盤,,偏正向（建議積極布局）,無,
2026-09-20,第一金投顧 董事長黃詣庭（★具名）,內資,台股大盤,,偏正向但建議控持股,無,
2026-09-20,富邦投信,內資,資產配置（跨市場）,,中性偏謹慎,無,
2026-09-20,法人(★未具名，經濟日報),★未載,京元電(2449)/欣銓(3264)/頎邦(6147)/陽明(2609)等14檔,,正向(★未載制式等級),★未載,
2026-09-20,法人(★未具名，經濟日報),★未載,力積電(6770)/聯電(2303)/陽明(2609)/南亞科(2408)等10檔,,正向(★未載制式等級),★未載,
2026-09-20,台股擂台分析師 陳奇琛／劉良梅／劉彥良／何文高（★具名）,內資,聯亞(3081)聯電(2303)強茂(2481)合晶(6182)聯發科(2454)南亞(1303)智原(3035)高力(8996),,各自偏多(非制式評等),無,
2026-09-20,－（近24小時無新券商觀點）,－,萬潤(6187),,無新評等,無新目標價,
2026-09-21,摩根士丹利（大摩，★具名）,外資,台積電(2330)/聯發科(2454)等23檔,,看好（★未載制式評等）,★未載,
2026-09-21,瑞銀 UBS（★具名）,外資,AI基礎建設／記憶體族群,,正向（產業觀點）,★未載,
2026-09-21,永豐投顧 總經理黃柏棠／台新投顧 總經理黃文清（★具名）,內資,台積電(2330),,正向（★未載制式等級）,★未載,
2026-09-21,富邦投顧 董事長陳奕光／兆豐國際投顧 董事長留政鈺（★具名）,內資,台股大盤,,偏正向,無,
2026-09-21,第一金投顧 董事長黃詣庭（★具名）,內資,台股大盤,,偏正向但留意連假,無,
2026-09-21,富邦期貨 分析師曹富凱（★具名）,內資,台股大盤,,偏多（非制式評等）,無,
2026-09-21,摩根士丹利（大摩，★具名）,外資,萬潤(6187),,入列看好名單（★未載制式評等）,★未載,
2026-09-21,高盛 Goldman Sachs（★具名）,外資,緯穎(6669),,★原文未載制式評等（上調目標價）,3777 元（前值★未載）,
2026-09-21,亞系外資（★未具名）,外資,健策(3653),,正向（重申）,★未載數字（同步調高）,
2026-09-21,高盛 Goldman Sachs（★具名）,外資,欣興(3037)/南電(8046)/景碩(3189),,正向（產業觀點）,★未載,
2026-09-21,投顧法人（★未具名，經濟日報）,內資,欣銓(3264),,正向（調高獲利預估與目標價）,★未載數字,
2026-09-21,美系外資（大摩，09/20報告盤面發酵）,外資,日月光投控(3711)/京元電子(2449)/南茂(8150)/華東(8110),,看好（產業名單）,★未載,
2026-09-21,－（本場次無新券商觀點）,－,萬潤(6187),,無新評等,無新目標價,
2026-09-21,花旗 Citi（分析師陳佳儀，★具名）,外資,台積電(2330),,買進,★原文未載,
2026-09-21,花旗 Citi（分析師陳佳儀，★具名）,外資,日月光投控(3711),,買進,★原文未載,
2026-09-21,花旗 Citi（分析師陳佳儀，★具名）,外資,聯發科(2454),,買進,★原文未載,
2026-09-21,花旗 Citi（分析師陳佳儀，★具名）,外資,鴻海(2317),,買進,★原文未載,
2026-09-21,美系大行（★未具名）／永豐投顧（具名）,外資+內資,台光電(2383)/台燿(6274),,正向（重申不變）,★原文未載,
2026-09-21,法人（★未具名，經濟日報）,★未載,台塑化(6505),,維持買進,★未載數字（調升）,
2026-09-21,摩根士丹利（美國首席股票策略師 Wilson，★具名）,外資,標普500指數（美股）,,短線偏謹慎／中期偏多,"年底 8,000 點",
2026-09-21,－（本場次無新券商觀點）,－,萬潤(6187),,無新評等,無新目標價,
2026-09-22,外資（★未具名，統一證券盤前稿轉述）,外資,台達電(2308),,調升目標價（★未載制式評等）,★未載數字,
2026-09-22,凱基投顧 朱晏民／富邦投顧 陳奕光／台新投顧 黃文清（★具名）,內資,台股大盤,,偏正向（短線攻擊訊號）,無,
2026-09-22,統一證券（★具名）,內資,台股大盤,,偏多（震盪盤堅）,無,
2026-09-22,－（本場次無新券商觀點）,－,萬潤(6187),,無新評等,無新目標價,
2026-09-22,日系外資（★未具名）,外資,信驊(5274),,★原文未載制式評等（大幅調升目標價）,"26,660 元（前值 19,800 元）",
2026-09-22,外資（★未具名，CSP AI半導體報告）,外資,聯發科(2454)/愛普(6531)/信驊(5274)/譜瑞-KY(4966)/義隆(2458)/世芯-KY(3661)/創意(3443),,看好（產業名單）,★未載,
2026-09-22,安聯投信 蕭惠中（00412A 經理人，★具名）,內資,亞洲半導體供應鏈,,正向（中長期）,無,
2026-09-22,台新臺灣半導體30 ETF 投資團隊（★具名）,內資,台股大盤,,偏多但短線審慎,無,
2026-09-22,－（本場次無新券商觀點）,－,萬潤(6187),,無新評等,無新目標價,
2026-09-22,日系外資（★未具名）,外資,健策(3653),,買進（維持）,"9,420 元（前值 6,770 元）",
2026-09-22,亞系外資（★未具名）,外資,健策(3653),,看好,"8,800 元",
2026-09-22,外資（★未具名）,外資,研華(2395),,★原文未載制式評等（上修目標價）,782 元（前值★未載）,
2026-09-22,高盛 Goldman Sachs（★具名）,外資,廣達(2382),,★未載,★未載,
2026-09-22,法人（★未具名，經濟日報）,★未載,富世達(6805),,調升（獲利預估與目標價）,★未載數字,
2026-09-22,－（本場次無新券商觀點）,－,萬潤(6187),,無新評等,無新目標價,
2026-09-22,大和資本 Daiwa（★具名，本場次回補）,外資,信驊(5274),,★原文未載制式評等（大幅調升目標價）,"26,660 元（前值 19,800 元）",
2026-09-22,花旗證券（★具名）,外資,信驊(5274),,★同稿揭露，未載制式評等,"25,000 元",
2026-09-22,富邦投顧（★具名）,內資,信驊(5274),,★同稿揭露，未載制式評等,"24,000 元",
2026-09-22,永豐投顧（★具名）,內資,信驊(5274),,★同稿揭露，未載制式評等,"23,590 元",
2026-09-22,Aletheia 資本（★具名）,外資,旺矽(6223),,買進,"12,000 元",
2026-09-22,－（本場次無新券商觀點）,－,萬潤(6187),,無新評等,無新目標價,
2026-09-22,瑞銀 UBS（分析師蘇厚合，★具名）,外資,創意(3443),,看多（★CMoney彙整分類，未載制式評等用語）,"8,660 元",
2026-09-22,瑞銀 UBS（★具名）＋中信投顧（★具名）,外資,南亞科(2408),,正向（★原文未載制式評等）,★原文未載（內外資樂觀派共識6字頭以上，樂觀情境800元）,
2026-09-22,法人（★未具名，工商時報）,★未載,富喬(1815),,買進,185 元,
2026-09-22,法人（★未具名，工商時報）,★未載,南亞(1303),,買進,320 元,
2026-09-23,大和資本 Daiwa（★具名．回補券商名）,外資,健策(3653),,買進（維持）,"9,420 元（前值 6,770 元）",
2026-09-23,美系外資（★未具名）,外資,廣達(2382),,中立（維持）,299 元（維持）,
2026-09-23,－（本場次無新券商觀點）,－,萬潤(6187),,無新評等,無新目標價,
2026-09-23,瑞銀 UBS（★具名）,外資,大立光(3008),,賣出,★原文未載,
2026-09-23,瑞銀 UBS（★具名）,外資,台積電(2330)/聯發科(2454)/日月光投控(3711)/鴻海(2317),,買進,★原文未載,
2026-09-23,法人（★未具名）,★未載,奇鋐(3017),,買進（維持）,"4,500 元（前值待確認）",
2026-09-23,投顧法人（★未具名）,內資,全新(2455),,調高目標價（★未載評等）,★原文未載數字,
2026-09-23,亞系外資（★未具名）,外資,健策(3653),,★未載,"8,800 元",
2026-09-23,－（本場次無新券商觀點）,－,萬潤(6187),,無新評等,無新目標價,
2026-09-23,瑞銀 UBS（★具名）,外資,台積電(2330)/世芯-KY(3661)/信驊(5274)/創意(3443)/聯發科(2454)/日月光投控(3711)/京元電子(2449)/萬潤(6187)/弘塑(3131)/致茂(2360)/鴻勁(7769),,買進,★原文未載,
2026-09-24,－（本場次無新券商觀點）,－,萬潤(6187),,無新評等,無新目標價,
2026-09-24,法人（★未具名）,★未載,日月光投控(3711),,調高目標價（★未載評等）,★原文未載數字,
2026-09-24,美系券商（★未具名）,外資,景碩(3189),,正向（重申）,★原文未載,
2026-09-24,美系大行（★未具名）,外資,台光電(2383)/台燿(6274),,正向觀察（維持）,★原文未載,
2026-09-24,－（本場次無新券商觀點）,－,萬潤(6187),,無新評等,無新目標價,
2026-09-24,法人（★未具名）,★未載,鈊象(3293),,調高目標價（★未載評等）,★原文未載數字,
2026-09-24,－（本場次無新券商觀點）,－,萬潤(6187),,無新評等,無新目標價,
2026-09-24,瑞銀 UBS（分析師林莉鈞，★具名）,外資,聯發科(2454),,買進（重申）；調升目標價,"7,300 元（前值 6,500 元）",
2026-09-24,摩根士丹利 Morgan Stanley（★具名）,外資,光通訊產業(InP供應鏈),,產業觀點（無個股評等）,無,
2026-09-24,－（本場次無新券商觀點）,－,萬潤(6187),,無新評等,無新目標價,
2026-09-25,花旗環球證券 Citi（★具名）,外資,鴻勁(7769),,買進（重申）,"11,000 元（前值 11,000 元）",
2026-09-25,★未具名,★未載,雙鴻(3324),,買進（維持）；調升目標價,"2,000 元（前值 待確認）",
2026-09-25,★未具名,★未載,日月光投控(3711),,買進（維持）,862 元（前值 待確認）,
2026-09-25,★未具名,★未載,東元(1504),,增加持股（維持）,82 元（前值 待確認）,
2026-09-26,花旗環球證券 Citi（★具名）,外資,穎崴(6515),,買進；調升目標價,"11,500 元（前值 10,000 元）",
2026-09-26,大和資本 Daiwa（★具名）,外資,穎崴(6515),,買進,"10,000 元（前值 待確認）",
2026-09-26,Aletheia 資本（★具名）,外資,創意(3443),,買進,"12,000 元（前值 待確認）",
2026-09-27,群益投顧（★具名）,內資,高力(8996),,買進,"1,950 元（前值 待確認）",
2026-09-27,瑞銀 UBS（★具名）,外資,巨大(9921),,買進,126 元（前值 待確認）,
2026-09-27,瑞銀 UBS（★具名）,外資,聚陽(1477),,買進,330 元（前值 待確認）,
2026-09-27,瑞銀 UBS（★具名）,外資,統一超(2912),,中立,222 元（前值 待確認）,
2026-09-28,★未具名,★未載,聯發科(2454),,強力買進（維持）,"5,825 元（前值 待確認）",
2026-09-28,★未具名,★未載,上品(4770),,買進（維持）,312 元（前值 待確認）,
2026-09-29,美國銀行 BofA Securities（分析師劉宇喬，★具名）,外資,聯發科(2454),,買進；調升目標價,"6,200 元（前值 5,230 元）",
2026-09-29,伯恩斯坦 Bernstein（★具名）,外資,聯發科(2454),,優於大盤,"5,500 元（前值 待確認）",
2026-09-29,★未具名,外資,聯發科(2454),,調升目標價（評等待確認）,"6,188 元（前值 5,588 元）",
2026-09-29,花旗環球證券 Citi,外資,台塑化(6505),,買進；調升評等,108 元（前值 40 元）,
2026-09-29,瑞銀證券 UBS,外資,南亞(1303),,升等至買進；調升目標價,300 元（前值 30 元）,
2026-09-29,★未具名,外資,奇鋐(3017),,買進（維持）,"4,513 元（前值 待確認）",
2026-09-29,摩根大通 J.P. Morgan（分析師哈戈谷 Gokul Hariharan，★具名）,外資,台積電(2330),,看多（★原文未載評等）,★原文未載,
2026-09-29,★未具名,內資,貿聯-KY(3665),,調升目標價（★原文未載評等）,★原文未載,
2026-09-29,摩根士丹利 Morgan Stanley（分析師詹家鴻，★具名）,外資,聯發科(2454),,看多・重申產業首選；調升目標價,"6,188 元（前值 5,588 元）",
2026-10-01,廣發證券 GF Securities,外資,波若威(3163),,看好（★原文未載評等）,★原文未載,
2026-10-01,廣發證券 GF Securities,外資,貿聯-KY(3665),,看好（★原文未載評等）,★原文未載,
2026-10-01,廣發證券 GF Securities,外資,大立光(3008),,相對不看好（評價偏高）,★原文未載,
2026-10-01,高盛 Goldman Sachs,外資,台燿(6274),,正向（★原文未載評等）,"3,010 元（前值 待確認）",
2026-10-01,摩根士丹利 Morgan Stanley,外資,台光電(2383),,正向（★原文未載評等）,★原文未載,
2026-10-01,美國銀行 Bank of America,外資,日月光投控(3711),,買進（維持）,800 元（前值 750 元）,
2026-10-01,★未具名,內資,台達電(2308),,買進（維持）；目標價上修,"2,430 元（前值 2,240 元）",
2026-10-02,★未具名,內資,環球晶(6488),,買進（維持）,"1,400 元（前值 待確認）",
2026-10-02,★未具名,★未載,聯茂(6213),,買進（維持）；目標價上調,780 元（前值 待確認）,
2026-10-02,★未具名,內資,松川精密(7788),,強力買進；目標價上調,500 元（前值 405 元）,
2026-10-03,摩根大通 J.P. Morgan,外資,台積電(2330),,★原文未載評等；目標價上調,"3,300 元（前值 待確認）",
2026-10-03,大和資本 Daiwa,外資,健策(3653),,買進（重申）；目標價上調,"10,000 元（前值 9,420 元）",
2026-10-03,★未具名,外資,南電(8046),,調升目標價（原文未載評等）,待確認（原文未載數值）,
2026-10-03,瑞銀 UBS,外資,台積電(2330),,買進（重申）,"3,650 元（前值 3,650 元）",
2026-10-04,★未具名,內資,景碩(3189),,買進（維持）；目標價上調,"1,300 元（前值 1,000 元）",
2026-10-04,美銀證券 BofA Securities,外資,南電(8046),,買進（重申）；目標價上調,"2,000 元（前值 1,700 元）",
2026-10-04,★未具名,內資,奇鋐(3017),,買進（維持）；目標價上調,"4,500 元（前值 待確認）",
2026-10-04,國泰證期,內資,金居(8358),,買進（維持）；調升目標價,620 元（前值 待確認）,
2026-10-05,瑞銀 UBS,外資,穩懋(3105),,買進（重申）；目標價上調,725 元（前值 500 元）,
2026-10-06,Aletheia 資本 Aletheia Capital,外資,台光電(2383),,買進,"10,000 元（前值 待確認）",
2026-10-06,★未具名,內資,金像電(2368),,調升目標價（原文未載評等）,待確認（原文未載數值）,
2026-10-06,★未具名,內資,南電(8046),,調升目標價（原文未載評等）,待確認（原文未載數值）,
2026-10-06,高盛證券 Goldman Sachs,外資,台積電(2330),,買進（重申）；目標價上調,"3,300 元（前值 3,100 元）",
2026-10-06,野村證券 Nomura,外資,大立光(3008),,買進（重申）；目標價上調,"8,300 元（前值 6,000 元）",
2026-10-06,野村證券 Nomura,外資,玉晶光(3406),,買進（重申）；目標價上調,"1,415 元（前值 568 元）",
2026-10-06,花旗環球證券 Citi,外資,金像電(2368),,買進（重申）,"1,630 元（前值 待確認）",
2026-10-06,★未具名,★未載,南亞(1303),,買進,310 元（前值 待確認）,
2026-10-07,摩根士丹利 Morgan Stanley,外資,台積電(2330),,優於大盤；目標價上調,"3,088 元（前值 待確認）",
2026-10-07,摩根大通 J.P. Morgan,外資,台積電(2330),,目標價上調,"3,300 元（前值 待確認）",
2026-10-07,凱基投顧 KGI,內資,台積電(2330),,目標價上調,"3,200 元（前值 待確認）",
2026-10-07,摩根士丹利 Morgan Stanley,外資,聯電(2303),,目標價上調,188 元（前值 待確認）,
2026-10-07,廣發證券 GF Securities,外資,聯電(2303),,目標價上調,215 元（前值 待確認）,
2026-10-07,★未具名,★未載,鴻海(2317),,買進（維持）,327 元（前值 待確認）,
2026-10-07,★未具名,★未載,奇鋐(3017),,買進,"3,750 元（前值 待確認）",
2026-10-07,★未具名,★未載,建準(2421),,買進,180 元（前值 待確認）,
2026-10-07,★未具名,★未載,雙鴻(3324),,買進,"1,775 元（前值 待確認）",
2026-10-07,★未具名,★未載,台光電(2383),,買進,"6,400 元（前值 待確認）",
2026-10-07,★未具名,★未載,南電(8046),,買進,"2,000 元（前值 待確認）",
,,,,,,,
2026-10-07,高盛證券 Goldman Sachs,外資,台積電(2330),,買進（重申）；目標價上調,"3,300 元（前值 3,100 元）",
2026-10-07,★未具名,內資,台積電(2330),,買進（維持）；目標價上調,"3,500 元（前值 3,300 元）",
2026-10-07,★未具名,★未載,南亞(1303),,首次給予買進,325 元（前值 待確認）,
2026-10-07,★未具名,★未載,川湖(2059),,維持（短線轉保守）,"15,500 元（前值 15,500 元）",
2026-10-07,麥格理證券 Macquarie,外資,台積電(2330),,優於大盤（維持）；目標價上調,"4,410 元（前值 4,200 元）",
