date,broker,type,stock,industry,rating,target_price,note
2026-07-09,Goldman Sachs,外資,萬潤(6187),半導體設備,買進,1550,前值1650；已做三頁摘要
2026-07-08,Factset彙整,外資,台積電(2330),半導體,強力買進,2888,前值2800
2026-07-08,Factset彙整,外資,穩懋(3105),半導體,觀望,562.5,前值590
2026-07-08,Factset彙整,外資,聯詠(3034),IC設計,,475,
2026-07-08,Factset彙整,外資,創意(3443),IC設計,,5699,
2026-07-08,Factset彙整,外資,F-矽力(6415),IC設計,,600,
2026-07-07,Factset彙整,外資,臻鼎-KY(4958),PCB,強力買進,636.5,前值616.5
2026-07-07,Factset彙整,外資,南亞科(2408),記憶體,買進,548,前值520
2026-07-07,Factset彙整,外資,台光電(2383),CCL,,6600,
2026-07-07,Factset彙整,外資,南電(8046),PCB,,1300,
2026-07-07,Factset彙整,外資,勤誠(8210),機殼,,1790,
2026-07-07,Factset彙整,外資,川湖(2059),滑軌,,7115,
2026-07-07,Factset彙整,外資,儒鴻(1476),紡織,,455,
2026-07-09,外資(未具名),外資,聯發科(2454),IC設計,未揭露,10000,新聞來源；分析師質疑假設；已做個股摘要
2026-07-12,美銀,外資,記憶體族群(南亞科2408/華邦電2344/旺宏2337),半導體-記憶體,無(產業觀點),無,韓國擴產扣除減損後實際年增<10%供不應求未變；來源ctee 20260712700010
2026-07-12,伯恩斯坦,外資,記憶體族群(南亞科2408/華邦電2344/旺宏2337),半導體-記憶體,無(產業觀點),無,示警中國長江存儲/長鑫2028年市占估19%/11%；來源ctee 20260712700010
2026-07-12,廣發證券,外資(陸資),記憶體需求面(輝達供應鏈),半導體-記憶體,無(產業觀點),無,輝達Rubin平台LPDDR5X容量砍半 終端降規恐觸發需求修正；來源ctee 20260712700010
2026-07-12,未具名法人,內資,載板三雄(欣興3037/南電8046/景碩3189),半導體-載板,無(產業觀點),無,ABF缺口2027年擴至26% 訂單看到2028 T-Glass缺料為瓶頸；來源ctee 20260712700035
2026-07-12,高盛,外資,川湖(2059),伺服器滑軌,未揭露,12000,前值7664；2026-28淨利上調39%/36%/48%；已做個股摘要
2026-07-12,伯恩斯坦,外資,大立光(3008),光學元件,優於大盤,5150,法說後看CPO/FA與Q3旺季；已做個股摘要
2026-07-06,花旗,外資,台積電(2330),半導體-晶圓代工,買入,3800,法人圈新天價；補收錄；已做個股摘要
2026-07-08,小摩,外資,台積電(2330),半導體-晶圓代工,增持,3100,Q2毛利率估69.5%；補收錄；已做個股摘要
2026-07-04,高盛,外資,台積電(2330),半導體-晶圓代工,買進,3000,前值2750；補收錄；已做個股摘要
2026-07-03,高盛,外資,聯發科(2454),IC設計,買進,6800,前值5000；AI ASIC大幅上修；補收錄；已做個股摘要
2026-07-10,凱基投顧,內資,南亞科(2408),半導體-記憶體,記憶體首選,720,前值520；補收錄；已做個股摘要
2026-07-07,日系外資(未具名),外資,南亞科(2408),半導體-記憶體,未揭露,650,標題訊息細節待確認；補收錄
2026-07-11,瑞銀,外資,台達電(2308),電源/電力電子,喊買,待確認,看好AI電源動能目標價待確認；補收錄
2026-07-12,元大投顧,內資,台積電(2330),半導體-晶圓代工,買進,3200,前值2600；2026/27年EPS上修至101.49/143.82元；已做個股摘要
2026-07-12,中時彙整(六家外資),外資,台積電(2330),半導體-晶圓代工,無(彙整),無,法說前外資目標價：高盛3000/里昂3330/麥格理3380/瑞銀3400/Aletheia3500/花旗3800；原報告多為6月下旬至7月上旬發布；來源chinatimes 20260712001371
2026-07-13,高盛,外資,南電(8046),半導體-載板,買進(首選),2310,前值1115；ABF史詩級缺貨報告 缺貨率2026H2/27/28估14%/34%/51%；已做個股摘要；來源udn 9624978
2026-07-13,高盛,外資,景碩(3189),半導體-載板,買進,1120,前值555；2027-28年EPS上修8%/38%；已做個股摘要；來源udn 9624978
2026-07-13,高盛,外資,欣興(3037),半導體-載板,中立,1140,前值630；目標價近倍增但評等僅中立；已做個股摘要；來源udn 9624978
2026-07-13,高盛,外資,臻鼎-KY(4958),半導體-載板/PCB,買進,824,前值388；2027-28年EPS上修2%/11%；已做個股摘要；來源udn 9624978
2026-07-13,瑞銀,外資,南亞科(2408),半導體-記憶體,買進,555,前值495；Q3 ASP估季增32% 2026/27年EPS上修至62.35/103.66元；已做個股摘要；來源udn 9624296
2026-07-13,大摩,外資,南亞科(2408),半導體-記憶體,優於大盤,580,前值550；DDR4嚴重短缺 2025-28 EPS CAGR估216%；已做個股摘要；來源udn 9624296
2026-07-13,美銀,外資,南亞科(2408),半導體-記憶體,買進,660,前值未揭露；報導中最高目標價 詳細假設待確認；已做個股摘要；來源udn 9624296
2026-07-13,本土投顧(未具名),內資,大立光(3008),光學元件,買進,5643,前值未揭露；2027年EPS 209元×27倍PE；已做個股摘要；來源ettoday 3199967
2026-07-13,小摩,外資,台塑(1301),塑化,優於大盤,60,集團Q2稅後純益642.76億年增45.5% 美國ECC利差強勁；13日收60.2已越過目標價；已做個股摘要；來源cnyes 6532284
2026-07-13,小摩,外資,南亞(1303),塑化/電子材料,優於大盤,200,前值未揭露(Factset中位數156→200)；電子材料成長最被看好 13日收199.5創天價；已做個股摘要；來源cnyes 6532284
2026-07-13,小摩,外資,台化(1326),塑化,優於大盤,60,Q3芳香烴利差強+上游供應正常化 營益復甦；13日收65已越過目標價；已做個股摘要；來源cnyes 6532284
2026-07-13,小摩,外資,台塑化(6505),塑化-煉油,優於大盤,65,中東局勢/俄煉廠停工支撐煉油利差 具上修空間；已做個股摘要；來源cnyes 6532284
2026-07-08,小摩,外資,愛普*(6531),半導體-利基記憶體/矽電容,未揭露,1350,前值1150；矽電容先行者+聯電中介層夥伴 2026-28EPS 15.36/26.64/45.07元；補收錄；已做個股摘要；來源ctee 20260708702273
2026-07-08,美系外資(未具名),外資,順達(3211),電子零組件-電源BBU,買進(初評),800,BBU滲透率2027估逾85% 2025-28營收/淨利CAGR 34%/60%；補收錄；已做個股摘要；來源ctee 20260708701198
2026-07-13,官股投顧(未具名),內資,力積電(6770),半導體-記憶體晶圓代工,買進,85,前值65；矽電容打入Intel EMIB 4月放量；P5廠轉讓美光並承接HBM PWF代工；2026年EPS估5.68元；已做個股摘要；來源wantrich 20260713900563
2026-07-14,官股投顧(未具名),內資,南亞科(2408),半導體-記憶體,強力買進,1000,前值650；Q2毛利率79.5% LTA占產能5成；按2027年EPS 140.92元×7倍PE；已做個股摘要；來源wantrich 20260714900001
2026-07-14,民營金控投顧(未具名),內資,南亞科(2408),半導體-記憶體,增持,521,維持共識目標價；Q2 ASP季增逾6成 單季EPS 14.55元；已做個股摘要；來源wantrich 20260714900003
2026-07-14,民營金控投顧(未具名),內資,華邦電(2344),半導體-記憶體,增持,123,已到價暫未調高；Q2營收598.43億元略低於預期；已做個股摘要；來源wantrich 20260714900003
2026-07-14,民營金控投顧(未具名),內資,旺宏(2337),半導體-記憶體,買進,182,6月營收優預期；低容量eMMC供給大減+大廠退出SLC NAND 市占擴大；已做個股摘要；來源wantrich 20260714900003
2026-07-14,民營金控投顧(未具名),內資,群聯(8299),半導體-記憶體模組/控制IC,增持,2735,6月營收248.53億元再創單月新高；eSSD與AI儲存動能；已做個股摘要；來源wantrich 20260714900003
2026-07-14,TechNews彙整(七家法人),外資,台積電(2330),半導體-晶圓代工,無(彙整),無,16日法說前目標價2888-3800；廣發2900首見(原始發布日待確認)；資本支出預估560-600億美元起跳；來源technews 20260714
2026-07-15,美銀,外資,萬潤(6187),半導體-設備,買進(初評),1500,初次覆蓋；CoWoS/CPO先進封裝三大動能 2026-28EPS 26.46/41.82/53.34元；已做個股摘要；來源ctee 20260715700224
2026-07-15,大摩,外資,台積電(2330),半導體-晶圓代工,加碼(法說前情境分析),無(未揭露),三情境推演8成上漲機率 樂觀強漲5% 基本情境全年財測上調至近年增40%；已做個股摘要；來源ctee 20260715700079
2026-07-15,小摩,外資,南亞(1303),塑化/電子材料,優於大盤,300,前值200；Q2 EPS 3.37元大勝共識 電材營益率2027估30%新高 2026/27 EPS 10.9/17.8元 台塑四寶首選；已做個股摘要；來源ctee 20260715701858
2026-07-15,統一投顧,內資,南亞(1303),塑化/電子材料,未揭露(看多),300,與小摩並列市場最高；ABF/CCL/玻纖布缺口再擴大 7月營收估優於6月；已做個股摘要；來源ctee 20260715701858
2026-07-16,小摩,外資,華邦電(2344),半導體-記憶體,加碼,360,前值未揭露；利基DRAM定價+NOR Flash AI放量 eSSD撐DDR4緊張2年 2026/27 EPS 28.49/60.03元；已做個股摘要；來源ctee 20260716700217
2026-07-16,麥格理,外資,聯電(2303),半導體-晶圓代工,優於大盤(初評),258,初次覆蓋；成熟製程上升循環四大利多 2026-28 EPS 4.9/7.4/11.7元；已做個股摘要；來源ctee 20260716700217
2026-07-15,Factset彙整,外資,聯電(2303),半導體-晶圓代工,,92.5,前值88；21位分析師中位數；來源cnyes 6535307
2026-07-15,Factset彙整,外資,晶碩(6491),隱形眼鏡,,410,前值390；5位分析師全數樂觀；來源cnyes 6535037
2026-07-16,Factset彙整,外資,力積電(6770),半導體-記憶體晶圓代工,,88.8,前值78；6位分析師中位數 上修13.85%；來源cnyes 6536313
2026-07-16,歐系外資(未具名),外資,南茂(8150),半導體-記憶體封測,未揭露(升評),156,前值105；記憶體動能延續至2027+SiPh/光凸塊2027起貢獻營收；已做個股摘要；來源ftnn 561631
2026-07-16,本土投顧(未具名),內資,南亞科(2408),半導體-記憶體,買進,548,LTA覆蓋5成產能+NCNR預付款鎖DDR4；對應2026 PE9.3倍/PB4.2倍；已做個股摘要；來源ftnn 561702
2026-07-16,高盛,外資,穎崴(6515),半導體-測試介面,買進,13000,前值15000下修；MEMS探針卡壓Q2毛利率 Q2低點Q3回升；已做個股摘要；來源ftnn 561698
2026-07-16,大型本國投顧(未具名),內資,勤誠(8210),伺服器機殼,無(預估上修),無,Q2營收78.2億優預期；Q3營收估季增20% 2027年營收成長率上修至37%；來源ftnn 561729
2026-07-16,美銀,外資,台積電(2330),半導體-晶圓代工,買進,3100,法說後依2027年盈餘上調 另給ADR目標價590美元 毛利率具韌性；已做個股摘要；來源cnyes 6537278
2026-07-16,Wedbush,外資,台積電(2330),半導體-晶圓代工,跑贏大盤,3000,前值2900；營收指引上調 未來數年競爭風險微乎其微；已做個股摘要；來源cnyes 6537278
2026-07-16,海納國際(SIG),外資,台積電(2330),半導體-晶圓代工,買進,ADR 600美元,前值575美元；僅揭露ADR目標價；已做個股摘要；來源cnyes 6537278
2026-07-16,Needham,外資,台積電(2330),半導體-晶圓代工,買進,ADR 480美元,維持不變 外資圈相對保守；已做個股摘要；來源cnyes 6537278
2026-07-16,野村,外資,台積電(2330),半導體-晶圓代工,未揭露,3425,法說前上修 原始發布日待確認；補收錄；已做個股摘要；來源chinatimes 20260716002179
2026-07-16,Factset彙整,外資,台積電(2330),半導體-晶圓代工,,3090,前值3000；法說後分析師共識中位數上修3%；來源cnyes 6537320
2026-07-16,麥格理,外資,台積電(2330),半導體-晶圓代工,優於大盤,4200,前值3380；法說後首家四字頭創法人圈天價 2026-28淨利上調12%/23%/24%；已做個股摘要；來源udn 9632874
2026-07-16,瑞穗,外資,台積電(2330),半導體-晶圓代工,未揭露,3150,前值3000；法說後同步上修 細節待確認；已做個股摘要；來源udn 9632874
2026-07-16,法巴,外資,台積電(2330),半導體-晶圓代工,未揭露,2890,前值2520；法說後同步上修 本波相對保守；已做個股摘要；來源udn 9632874
2026-07-17,美系外資(未具名),外資,台積電(2330),半導體-晶圓代工,無(觀點),無,Q3毛利率指引66%係2奈米稀釋屬短期 回檔為逢低布局良機 CSP資本支出為下一催化劑；來源ltn 5508197
2026-07-17,鉅亨彙整(外資圈),外資,台積電(2330),半導體-晶圓代工,無(彙整),無,法說後共識：AI需求擴散至CPU/ASIC/網通 N2產能26-28 CAGR逾70% 毛利率可守65-66% CoWoS仍瓶頸；來源cnyes 6538243
2026-07-18,瑞銀,外資,台積電(2330),半導體-晶圓代工,未揭露(看多),3650,前值3400；法說後上修；已做個股摘要；來源udn 9635207
2026-07-18,滙豐,外資,台積電(2330),半導體-晶圓代工,未揭露(看多),3400,前值2350；升幅44.7%本波最大之一；已做個股摘要；來源udn 9635207
2026-07-18,小摩,外資,台積電(2330),半導體-晶圓代工,未揭露(看多),3200,前值3100；已做個股摘要；來源udn 9635207
2026-07-18,高盛,外資,台積電(2330),半導體-晶圓代工,未揭露(看多),3100,前值3000；已做個股摘要；來源udn 9635207
2026-07-18,大和資本,外資,台積電(2330),半導體-晶圓代工,未揭露(看多),3000,前值2330；已做個股摘要；來源udn 9635207
2026-07-18,大摩,外資,台積電(2330),半導體-晶圓代工,加碼(拉回就買),2988,前值2888；毛利率利空屬2奈米稀釋短期因素；已做個股摘要；來源udn 9635207
2026-07-17,亞系外資(未具名),外資,台積電(2330),半導體-晶圓代工,中立(降評),2700,前值2808；法說後外資圈唯一降評 目標PE 24→22倍 認資本支出加速晚AI週期1.5-2年；補收錄；已做個股摘要；來源biggo 8d2bab45/yahoo 20260717
2026-07-15,小摩,外資,力積電(6770),半導體-記憶體晶圓代工,優於大盤,100,7月DRAM投片價二度漲45% Q4回升強於預期 動能至2028 3D AI業務為長期驅動；補收錄；已做個股摘要；來源wantrich 20260715900291
2026-07-19,本土投顧(老字號未具名),內資,凱基金(2883),金融-金控,買進,37,投顧報告17日出具；證券獲利占金控63% 上半年EPS1.64元；已做個股摘要；來源wantrich 20260719900001
2026-07-19,本土投顧(老字號未具名),內資,國泰金(2882),金融-金控,買進(調升),120,前值未揭露；2027年現金殖利率上看逾5% 淨值受惠股市大漲；已做個股摘要；來源wantrich 20260719900001
2026-07-15,大和資本,外資,南電(8046),半導體-載板,未揭露(產業首選),2444,前值1444；BT/ABF今年估漲70%/50% 毛利率2028年53.2%見頂；補收錄；已做個股摘要；來源wantrich 20260716900002
2026-07-16,麥格理,外資,欣興(3037),半導體-載板,優於大盤,1400,ABF供不應求恐延續至2029年；補收錄；已做個股摘要；來源wantrich 20260716900002
2026-07-16,麥格理,外資,景碩(3189),半導體-載板,優於大盤,945,ABF供不應求恐延續至2029年 2028年中前擴產有限；補收錄；已做個股摘要；來源wantrich 20260716900002
2026-07-17,凱基投顧,內資,光寶科(2301),電子-電源,增持,275,德州300億元建廠攻AI電源 市占約20% 2026-28EPS 8.87/13.08/18.31元；補收錄；已做個股摘要；來源wantrich 20260717900002
2026-07-17,統一投顧,內資,光寶科(2301),電子-電源,買進,240,800V HVDC拚Q4出貨 2027年營收估2589億年增27.5% EPS10.99元；補收錄；已做個股摘要；來源wantrich 20260717900002
2026-07-18,Factset彙整,外資,台積電ADR(TSM),半導體-晶圓代工,,ADR 513美元,前值476.5美元；18位分析師中位數上修7.66%；補收錄；來源cnyes 6539085
2026-07-19,蔡明翰(資深分析師/鈔錢部署),內資,南亞科(2408),半導體-記憶體,無(觀點評析),無,評析凱基投顧720元目標價：DDR4報價才是風向球 南亞科非HBM核心供應商 留意股價提前透支；無新評等目標價故未建個股摘要；來源wantrich 20260719900002
2026-07-19,旺得富彙整(法人低接方向),內資,記憶體錯殺4檔(旺宏2337/華邦電2344/力積電6770/群聯8299),半導體-記憶體,無(產業觀點),無,結構性缺貨至2027未變 17日跌停潮屬錯殺 利基防禦首選旺宏/華邦電 力積電/群聯為反彈急先鋒；來源wantrich 20260719900043
2026-07-20,老牌投顧(未具名),內資,力成(6239),半導體-封測,買進,400,維持買進；博通4億美元新加坡合資FOPLP 2027成長重心轉邏輯封裝/CPO 今明年EPS 12.16/18.16元；已做個股摘要；來源wantrich 20260720900002
2026-07-20,龍頭券商旗下投顧(未具名),內資,中砂(1650),半導體-耗材,買進,760,報告16日出具；台積capex 600-640億美元受惠4檔首選 訂單能見度至2028；已做個股摘要；來源wantrich 20260720900001
2026-07-20,龍頭券商旗下投顧(未具名),內資,帆宣(6196),半導體-廠務工程/設備代工,買進,650,報告16日出具；廠務自動化+設備代工 美AZ廠P2今年入帳高峰；已做個股摘要；來源wantrich 20260720900001
2026-07-20,龍頭券商旗下投顧(未具名),內資,崇越(5434),半導體-材料代理,買進,650,報告16日出具；N3/N2擴產耗材需求同步成長；已做個股摘要；來源wantrich 20260720900001
2026-07-20,龍頭券商旗下投顧(未具名),內資,京鼎(3413),半導體-設備代工,買進,380,報告16日出具；前段設備代工利基受惠capex年增46-56%；已做個股摘要；來源wantrich 20260720900001
2026-07-20,郭明錤(天風國際),外資,台積電CoPoS供應鏈(面板/載板廠),半導體-先進封裝,無(產業觀點),無,試產線1年後成熟不等於量產線成熟 現階段參與供應鏈不一定是最終供應商 2027H2以510×515mm做量產前模擬；無評等目標價故未建個股摘要；來源wantrich 20260720900013
2026-07-20,高盛,外資,台光電(2383),半導體-CCL,買進,9500,前值約6000(升58.3%)；CCL第二波漲價Q3季底10-15% Q3毛利率估36.5% EPS高於共識34%；已做個股摘要；來源udn 9639601
2026-07-20,高盛,外資,台燿(6274),半導體-CCL,買進,2860,前值約1890(升51.5%)；Q3毛利率估32.3% EPS高於共識21% Trainium3 CCL出貨Q3季增逾50%；已做個股摘要；來源udn 9639601
2026-07-20,小摩,外資,貿聯-KY(3665),電子零組件-連接線束/電源,優於大盤,3100,前值2100；電源+CPO+資本設備三動能 2025-28 EPS CAGR估50% 今明年EPS 67.73/122.01元；已做個股摘要；來源udn 9639537
2026-07-20,瑞銀,外資,緯穎(6669),AI伺服器-ODM,買進(ODM首選),7000,前值6400；2027營收成長預測54%上修至77% Helios機櫃2000→5000台 2026/27 EPS 360/500元；已做個股摘要；來源udn 9638975
2026-07-20,瑞銀,外資,緯創(3231),AI伺服器-ODM,未揭露(看多),225,前值未揭露；AI伺服器超預期+網通成長 上調下半年預估；已做個股摘要；來源udn 9639157
2026-07-20,法人(未具名),內資,鈊象(3293),遊戲-線上博弈,買進,無,Q2稅前淨利39.5億元優預期 Q3授權營收估年增35% 世足外溢；已做個股摘要；來源udn 9639537
2026-07-20,Factset彙整,外資,台化(1326),塑化,樂觀5中立3,67.45,前值64.95；8位分析師中位數上修3.85%；來源cnyes 6540214
2026-07-20,統一投信,內資,漲價四大族群(ABF/CCL/被動元件/AWS輝達谷歌鏈),電子-產業策略,無(產業觀點),無,Rubin設計調整致放量遞延Q4 拉回為逢低布局良機 GDP上修至9.33-9.45%；來源udn 9639109
2026-07-19,美銀,外資,記憶體族群(DRAM/NAND通路調查),半導體-記憶體,無(產業觀點),無,Q3 DRAM ASP估季增21%優於TrendForce DDR5現貨連8週漲 LTA占比跌破5成；補收錄；來源cnyes 6539441
2026-07-19,美銀,外資,長鑫存儲供應鏈(記憶體),半導體-記憶體,無(產業觀點),無,蘋果導入受地緣/規格/專利三大限制 戴爾惠普聯想鎖產能至2027底；補收錄；來源cnyes 6539442
2026-07-19,Factset彙整,外資,台積電(2330),半導體-晶圓代工,,3160,前值3090；2026 EPS中位數上修至107.74元；原始發布7/19；補收錄；來源cnyes 6539415
2026-07-19,Factset彙整,外資,玉山金(2884),金融-金控,,36,2026 EPS中位數2.42上修至2.49元；補收錄；來源cnyes 6539417
2026-07-19,大和資本,外資,台燿(6274),半導體-CCL,買進,2122,維持目標價；「台灣資料中心硬體」報告看多五檔之一 首選南電；補收錄；已做個股摘要；來源udn 9637759
2026-07-19,大和資本,外資,信驊(5274),半導體-IC設計(BMC),買進,20220,維持目標價；資料中心硬體報告看多五檔之一；補收錄；已做個股摘要；來源udn 9637759
2026-07-19,大和資本,外資,嘉澤(3533),電子零組件-連接器,買進,3533,維持目標價；資料中心硬體報告看多五檔之一；補收錄；已做個股摘要；來源udn 9637759
2026-07-19,大和資本,外資,台達電(2308),電源/電力電子,買進,2922,維持目標價；功率半導體加入短缺行列；補收錄；已做個股摘要；來源udn 9637759
2026-07-21,民營金控投顧(未具名),內資,台達電(2308),電源/電力電子,買進(維持),2500,前值3000；Q2毛利率35.8%低於預期 全年EPS下修至65.06元 Kyber延遲引HVDC疑慮；已做個股摘要；來源wantrich 20260721900002
2026-07-21,大和資本,外資,邁科(6831),散熱模組,買進(初評),1150,初次覆蓋；AI伺服器/ASIC散熱 美系CSP關鍵供應商 2027年可望添新大客戶 EPS衝15元待確認；已做個股摘要；來源yahoo 021500503
2026-07-21,大摩,外資,記憶體族群(美光等 關聯台股南亞科2408/華邦電2344/旺宏2337),半導體-記憶體,無(產業觀點),無,回檔為黃金坑 Q3 DRAM估漲逾25% 利空多來自PC/手機端 供不應求恐至2028；來源chinatimes 20260721002905
2026-07-22,富邦投顧,內資,南亞科(2408),半導體-記憶體,買進,548,維持；2027伺服器占比上看30% 約7成產能為低價格敏感出海口；與7/16本土投顧548觀點同源具名確認；已做個股摘要；來源wantrich 20260722900172
2026-07-22,中信投顧,內資,南亞科(2408),半導體-記憶體,增持,521,維持；WoW客製化DRAM頻寬提升5-10倍/能耗1/10 已微幅貢獻營收；與7/14民營金控投顧觀點同源；已做個股摘要；來源wantrich 20260722900172
2026-07-22,玉山投顧,內資,南亞科(2408),半導體-記憶體,買進,600,入列高通AI資料中心台系供應鏈；2027年毛利率估85.07% EPS 127.37元；已做個股摘要；來源wantrich 20260722900172
2026-07-22,國票投顧,內資,南亞科(2408),半導體-記憶體,強力買進,750,少數2027可擴產記憶體廠+客製化DRAM能見度高 改以本益比評價；已做個股摘要；來源wantrich 20260722900172
2026-07-22,市值王金控旗下投顧(未具名),內資,欣興(3037),半導體-載板,買進,1100,前值未揭露(上調)；Q2營收428.9億創近10季高 毛利率估上調至24% 2027EPS上修至31.52元；已做個股摘要；來源wantrich 20260722900262
2026-07-22,龍頭券商旗下投顧(未具名),內資,華通(2313),PCB,買進,256,報告7/21出具；光模組+低軌衛星雙動能 2027EPS估14.24元×18倍PE；已做個股摘要；來源wantrich 20260722900001
2026-07-22,大型投顧(未具名),內資,研華(2395),工業電腦,未揭露(看好),450,邊緣AI 2025-32產值CAGR 33.5% B/B ratio 2026Q1達1.77；已做個股摘要；來源wantrich 20260722900143
2026-07-22,大型投顧(未具名),內資,樺漢(6414),工業電腦,買進(最推之一),345,邊緣AI/機器人需求 Q2營收創高；22日股價490已逾目標價 數字待確認；已做個股摘要；來源wantrich 20260722900143
2026-07-22,大型投顧(未具名),內資,神基(3005),工業電腦,買進(最推之一),130,強固型電腦受惠邊緣AI與工業物聯網；已做個股摘要；來源wantrich 20260722900143
2026-07-22,本土民營金控旗下投顧(未具名),內資,台塑(1301),塑化,增加持股,70,前值60；Q2 EPS1.67元優預期由虧轉盈 利差擴大+轉投資挹注 1.2倍PB評價；已做個股摘要；來源wantrich 20260722900003
2026-07-22,摩根大通(小摩),外資,聯發科(2454),IC設計,看多,5300,前值未揭露；2026年營收估6830.62億元 EPS 70.05元；已做個股摘要；來源cmnews dc6ade24
2026-07-22,未具名法人,內資,南亞(1303),塑化/電子材料,買進,340,補收錄7/19新聞；報導稱市場天價 明年電子獲利占比估97% PE不到12倍；已做個股摘要；來源ftnn 562457
2026-07-22,凱基投顧等(彙整),內外資,ABF三雄(南電8046/欣興3037/景碩3189),半導體-載板,無(產業觀點),無,凱基估ABF缺口2027/28年22%/29% 南電交期逾12個月；留意原料短缺/玻璃基板替代/利多出盡三隱憂；來源wantrich 20260722900320
2026-07-22,瑞銀,外資,鴻海(2317),電子-EMS/AI伺服器,買進(維持),320,前值310；Q2營收季增19%優預期 2026/27EPS上修至18/22元 8/12法說展望可望優預期；已做個股摘要；來源udn 9644763
2026-07-22,本土投顧(未具名),內資,南亞科(2408),半導體-記憶體,未揭露(看好),720,前值520(升38%)；獲利爆發力 AI記憶體供需改善估延續至2028；已做個股摘要；來源businesstoday 202607220013
2026-07-22,大摩,外資,旺宏(2337),半導體-記憶體,大中華區半導體首選,無,AI帶動需求+NAND供不應求 具體目標價未揭露待確認；已做個股摘要；來源businesstoday 202607220013
2026-07-22,本土券商(未具名),內資,旺宏(2337),半導體-記憶體,未揭露(看好),220,AI需求及NAND供不應求；併入大摩旺宏摘要檔；來源businesstoday 202607220013
2026-07-22,本土大咖法人(未具名),內資,華邦電(2344),半導體-記憶體,強力買進(維持),285,DDR3現貨漲114% 高雄廠16奈米DDR4 26Q3起放量至27Q2月產1.6萬片 Q3 DRAM ASP估季增50%；已做個股摘要；來源ftnn 563384
2026-07-23,大摩,外資,國巨*(2327),被動元件-MLCC,優於大盤,1465,前值1515；悲觀685樂觀2075；Q3營收估476億毛利率40.3%；已做個股摘要；來源chinatimes 20260723003817/20260723003706
2026-07-23,凱基投顧,內資,國巨*(2327),被動元件-MLCC,買進(初次研究),1250,日廠2026-28缺口6%/9%/12%由國巨承接；MLCC價格2026-28估漲16-29%；已做個股摘要；來源chinatimes 20260723003706
2026-07-23,滙豐,外資,緯穎(6669),AI伺服器-ODM,看多,8400,亞馬遜H2-2027主動能；Trainium3 Q3放量+年底液冷機櫃出貨；已做個股摘要；來源ctee 20260723700232
2026-07-23,滙豐,外資,緯創(3231),AI伺服器-ODM,看多,待確認,具體目標價未揭露；報導稱二大外資共識站上2字頭；併入滙豐緯穎摘要檔；來源ctee 20260723700232
2026-07-23,美系外資(未具名),外資,台達電(2308),電源/電力電子,買進(維持),2280,前值2480；2026-28EPS下修至35.9/57.2/90.3元；800V導入慢但長期趨勢不變；已做個股摘要；來源chinatimes 20260723002415/20260723003297
2026-07-23,美系外資(未具名),外資,神達(3706),AI伺服器-ODM/機架,買進(維持),117,前值137；美台新廠Q2量產 Q2營收估季增29%；2026-28EPS 7.03/8.81/9.95元；已做個股摘要；來源chinatimes 20260723002040
2026-07-23,美系外資(未具名),外資,信驊(5274),半導體-IC設計(BMC),優於大盤(重申),20888,下調11%主因股票股利；前值約23470待確認；已做個股摘要；來源chinatimes 20260723001920
2026-07-23,富邦證券,內資,聯發科(2454),IC設計,看多,6000,2026營收估6456.63億元EPS 68.32元；已做個股摘要；來源cmoney nid1239609
2026-07-23,法人(未具名),內資,環球晶(6488),半導體-矽晶圓,未揭露(續看好),1600,維持；Novara 8吋線火災短期影響有限 8吋營收占比<3成 屬性待確認 關注美光合作；已做個股摘要；來源ftnn 563747
2026-07-24,法人(未具名),內資,臻鼎-KY(4958),半導體-載板/PCB,增加持股(維持),695,上調(前值未揭露)；VeraRubin供貨傳聞公司否認；2025-28資本支出43.5億美元全球之冠 2027EPS×26倍PE；已做個股摘要；來源ftnn 563745
2026-07-24,日系外資(未具名),外資,邁科(6831),散熱模組,買進(重申),1325,前值1150；美系CSP風冷份額>40% 2026/27毛利率估26%/28% 今年EPS小幅下修3%；與7/21大和1150是否同源待確認；已做個股摘要；來源ftnn 563708
2026-07-23,本土老牌投顧(未具名),內資,尖點(8021),PCB-鑽針耗材,買進(維持),600,2026-28EPS估9.9/20/34.6元 2027年×30倍PE 2028底產能較2026底翻倍；已做個股摘要；來源ftnn 563704
2026-07-23,法人(未具名),內資,長興(1717),化工-先進封裝材料,買進(初評),86,切入台積電CoWoS MUF/LMC 下半年單月營收升至1-1.5億 有望供Apple M8；2026/27EPS 2.28/3.09元；已做個股摘要；來源ftnn 563749
2026-07-23,法人(未具名),內資,緯創(3231),AI伺服器-ODM,買進(重申),240,北美廠GB300量產+AMD Helios出貨樂觀 EPS上看19.67元；原始報告日待確認疑為重申；已做個股摘要；來源yahoo 134500281
2026-07-23,大摩,外資,旺宏(2337),半導體-記憶體,NAND首選(優於大盤),220,澄清7/22收錄時待確認之目標價 原報告約7月上旬出具；不另建摘要；來源udn 9607246
2026-07-24,美系外資(未具名),外資,信邦(3023),電子零組件-連接線束,買進(維持),370,H1 EPS 7.36元獲利略低預期 下半年營收估年增24% 人形機器人2026貢獻約5億；已做個股摘要；來源ctee 20260724700886
2026-07-24,野村,外資,鴻勁(7769),半導體-測試介面(測試座),看多,11100,2026營收估574.06億 EPS 134.42元；已做個股摘要；來源cmoney nid1240263
2026-07-24,野村,外資,穎崴(6515),半導體-測試介面,看多,8315,2026營收估144.58億 EPS 86.73元；與7/16高盛13000落差大；已做個股摘要；來源cmoney nid1240505
2026-07-24,野村,外資,旺矽(6223),半導體-測試介面(探針卡),看多,8000,2026營收估214.67億 EPS 59.67元；隱含倍數偏高待確認；已做個股摘要；來源cmoney nid1240504
2026-07-24,野村,外資,致茂(2360),量測/半導體測試設備,看多,2845,2026營收估535.14億 EPS 43.44元；已做個股摘要；來源cmoney nid1240262
2026-07-24,玉山證券,內資,志聖(2467),半導體/PCB製程設備,看多,673,2026營收估108.37億 EPS 15.18元；已做個股摘要；來源cmoney nid1240509
2026-07-24,中國信託綜合證券,內資,勤誠(8210),伺服器機殼,看多,1685,2026營收估349.38億 EPS 50.49元；低於7/7 Factset中位數1790；已做個股摘要；來源cmoney nid1240508
2026-07-24,中國信託綜合證券,內資,長廣(7795),產業待確認,看多,500,2026營收估37.79億 EPS 6.19元；已做個股摘要；來源cmoney nid1240507
2026-07-24,券商2家(未具名),待確認,竑騰(7751),半導體設備(待確認),看多,1595~1625,2026營收估30.68-34.99億 EPS 34.68-39.89元；已做個股摘要；來源cmoney nid1240506
2026-07-24,宏遠證券,內資,世界健身-KY(2762),消費-健身連鎖,看多,107,2026營收估120億 EPS 8.2元；已做個股摘要；來源cmoney nid1240503
2026-07-24,國泰(證券/投顧),內資,英業達(2356),EMS/伺服器組裝,中立,65,2026營收估8848.78億 EPS 3.03元；本日唯一非看多；已做個股摘要；來源cmoney nid1240261
2026-07-25,金控龍頭旗下投顧(未具名),內資,台塑(1301),塑化,買進(初評),78,Q2 EPS1.67元虧轉盈 2026/27EPS 3.4/3.54元 1.3×2026PBR 電子級化學品轉型；已做個股摘要；來源wantrich 20260725900006
2026-07-25,官股金控旗下投顧(未具名),內資,華邦電(2344),半導體-記憶體,強力買進,285,同7/22 ftnn 563384之285元報告 補充前值200(+42.5%)與官股身分 2027年EPS估90.31元；不另建摘要；來源wantrich 20260725900004
2026-07-24,本土法人(未具名),內資,中鋼(2002),鋼鐵,買進(維持),23,Q2利差改善轉虧為盈優預期 2026/27EPS估0.21/0.49元高於共識 Q4旺季利差擴大 文內另有全年EPS0.14元說法待確認；補收錄；已做個股摘要；來源setn 1877402
2026-07-24,法人(未具名),內資,亞德客-KY(1590),機械-氣動元件,未揭露(看好),無,Q2營收121.64億連3季創高 法人估H1 EPS近30元全年挑戰50元以上 7/28法說；無具體評等目標價不另建摘要；補收錄；來源setn 1877196
2026-07-23,Factset彙整,外資,台化(1326),塑化,樂觀5中立2,70,前值67.45上修3.78% 最高86最低50；補收錄；來源cnyes 6543649
2026-07-23,Factset彙整,外資,景碩(3189),半導體-載板,,940,2026EPS預估下修至10.57元；補收錄；來源cnyes 6543847
2026-07-23,Factset彙整,外資,國巨*(2327),被動元件-MLCC,,1262.5,2026EPS預估上修至19.85元；補收錄；來源cnyes 6543354
2026-07-24,花旗,外資,國巨*(2327),被動元件-MLCC,買進(維持),1500,維持；Q2營收445億季增16%年增36%優預期 7/1起電容全面調漲ASP 15-25%(占營收一半) 2027年PE22倍低於同業32倍 7/29法說；7/24 19:45發布屬前日盤後場次後 補收錄；已做個股摘要；來源ftnn 563989
2026-07-25,本土法人(未具名),內資,力積電(6770),半導體-記憶體晶圓代工,買進(中立升評),80,前值65(+23%)；Q2毛利率28%創3年半新高單季EPS0.76元 7月投片價再漲45% Q3/Q4季季高 今明年EPS 6.26/6.39元；已做個股摘要；來源ftnn 564258
2026-07-26,民營金控旗下投顧(未具名),內資,巨大(9921),傳產-自行車,增持(維持),108,前值88(+22.7%)；報告7/22出具；終結4年營運衰退 2026-28EPS 3.33/5.99/7.25元 評價2027EPS×18倍PE Q2 EPS估1.41元年增192% 8/7財報；已做個股摘要；來源wantrich 20260726900001
2026-07-26,統一投顧(總經理廖婉婷),內資,AI硬體供應鏈(台積電2330/HBM/GPU),半導體-AI硬體,無(產業觀點),無,Kimi K3修正屬價格跑太快後拉回 傑文斯悖論成本降反增Token用量 AI硬體需求主線未變 修正為長線布局機會 花旗同視為記憶體需求催化劑；無評等目標價不建個股摘要；來源wantrich 20260726900002
2026-07-27,龍頭券商旗下投顧(未具名),內資,漢翔(2634),國防航太/無人機,買進(首度升評),80,報告7/23出具；無人機三大標案估貢獻133億元營收 V-BAT海巡署12架次12億元 反制系統3年估6/30/90億元；2026/27EPS 2.3/3.3元(年增196%/42%) 2027EPS×24倍PE；已做個股摘要；來源wantrich 20260727900001
2026-07-27,本土投顧(未具名),內資,樺漢(6414),工業電腦/系統整合,買進(維持),463,前次收錄345(7/22大型投顧)機構是否同源待確認；6月營收176.6億月增13.4%年增57% Q2達成率110%創高；Kontron整合 軌道交通全球市占逾5成；已做個股摘要；來源ftnn 564467
2026-07-27,本土投顧(未具名),內資,神基(3005),工業電腦/強固型電腦,買進(維持),125,前次收錄130(7/22)小幅下修 待確認；6月營收42.54億創高；國防軍工+無人機 未來12個月無人機估占強固型電腦營收5-10%；已做個股摘要；來源ftnn 564467
2026-07-26,本土法人(未具名),內資,華通(2313),PCB-HDI/低軌衛星,買進,315,SpaceX申請第三代VLEO衛星10萬顆 今明年估增4000/6000顆 Amazon LEO增400/630顆；2027年EPS 13.1元；7/24收201.5元外資賣超5677張；已做個股摘要；來源ftnn 564274
2026-07-26,Factset彙整(10位分析師),外資,穎崴(6515),半導體-測試介面,共識(未列評等),12600,2026EPS中位數下修至97.85元(前值99.75 最高107.56最低88.32)；6月營收14.6億年增287.9% 6月EPS 8.61元；MEMS探針卡初期成本高Q2毛利率恐季減；與7/24野村8315、7/16高盛13000落差大；已做個股摘要；來源ftnn 564409
2026-07-26,歐系外資(未具名),外資,南茂(8150),半導體-封測,看好(調升目標價),待確認,新聞未揭露具體目標價；2026-28EPS 4.2/6.2/7.4元；DDR4/DDR5增量+Flash+封測外包 DriverIC急單漲價；SiPh與光學凸塊2027起貢獻；已做個股摘要；來源ftnn 564445
2026-07-26,國泰證期,內資,長興(1717),化工-先進封裝材料,看好(未明列評等),75,7/23另一法人初評86元 機構不同；6月稅前盈餘2.84億年增97.37% H1 17.91億年增71.76%創近4年同期新高 每股稅前1.53元；6月毛利率自高檔回歸正常；已做個股摘要；來源ftnn 564427
2026-07-27,野村,外資,致茂(2360),量測/半導體測試設備,買進(重啟研究),2845,補充7/24已收錄之2845元；2026-28EPS 43.42/65.3/83.9元 獲利CAGR39% 營收CAGR32%；現價約2027年32倍PE低於同業37倍；ALETHEIA最高4000元；不另建摘要；來源ftnn 564468
2026-07-27,大摩/花旗,外資,國巨*(2327),被動元件-MLCC,優於大盤/買進(維持),1465,補充7/23已收錄之1465元；下調未來3年EPS 2-3% 情境樂觀2075/悲觀685；花旗維持買進1500元；7/29法說為關鍵；不另建摘要；來源wantrich 20260727900002
2026-07-26,法人(未具名),內資,帆宣(6196),半導體-廠務工程/設備代工,買進(沿用),650,補充7/20已收錄之650元；今年EPS上看25.6元 在手訂單逾1000億元 台積AZ P2下半年落成估占全年營收約50%；不另建摘要；來源ftnn 564403
2026-07-26,法人(未具名),內資,威剛(3260),記憶體模組,看好(無評等),無,無目標價不建摘要；H1營收642.72億年增183% Q2 381.72億季增46.26%連3季創高；Q3備貨規模拉高至逾500億元；HBM4/高階DRAM排擠DDR4供給；來源ftnn 564400
2026-07-27,公司/業界,待確認,臻鼎-KY(4958),半導體-載板/PCB,無(公司動態),無,補充7/24已收錄之695元；2030年全球廠房擴至57棟 FCBGA至2030仍估2-3成供給缺口 部分AI/記憶體客戶預付款訂單排至2029年；不另建摘要；來源ftnn 564466
2026-07-27,日系外資(未具名),外資,穩懋(3105),半導體-化合物半導體/砷化鎵,買進(由持有調升),449,前值505(-11%)；法說會後升評但降目標價；看好三大成長動能+產品組合優化獲利；已做個股摘要；來源chinatimes 20260727001701
2026-07-27,美系外資A(未具名),外資,穩懋(3105),半導體-化合物半導體/砷化鎵,賣出(維持),142,法說會後維持最保守評等 前值未揭露待確認；與日系外資449元落差逾3倍；併入穩懋個股摘要；來源chinatimes 20260727001701
2026-07-27,美系外資B(未具名),外資,穩懋(3105),半導體-化合物半導體/砷化鎵,減碼(維持),300,法說會後維持偏空 前值未揭露待確認；H1 EPS 3.56元 Q2 EPS 2.3元季增83% Q3財測營收季增11-13%毛利率31-33%；併入穩懋個股摘要；來源chinatimes 20260727001701
2026-07-27,大摩,外資,記憶體族群(南亞科2408/華邦電2344/威剛3260/十銓4967),半導體-記憶體,看多(產業觀點),無,分析師Joseph Moore 7月底報告；資料中心記憶體嚴重供不應求 Q3 DRAM價格估續漲逾25%；記憶體為AI伺服器與邊緣AI最核心供應瓶頸 HBM缺貨下多頭估延續2-3年 恐慌拋售為極佳進場點；當日族群漲3.75%南亞科漲逾8%；無目標價不建個股摘要；來源wantrich 20260727900319
2026-07-27,大摩,外資,群創(3481),面板-玻璃基板/先進封裝,保守(未揭露評等),無,報告7/26出具；藍思科技與Intel合作TGV玻璃核心基板 試產線年底就緒2027下半年有望量產；群創與台積電及Ibiden合作但量產估2028下半年或2029年 落後藍思約1年；技術精度與良率為兩大障礙；無評等目標價不建個股摘要；來源wantrich 20260727900122
2026-07-27,大摩,外資,友達(2409),面板-玻璃基板/先進封裝,最保守(未揭露評等),無,報告7/26出具；玻璃聚焦低軌衛星天線模組與MicroLED光學模組 尚無明確量產時間表 大摩態度最保守；京東方計畫2027建產能2028量產且企圖完成玻璃核心ABF載板全製程；無評等目標價不建個股摘要；來源wantrich 20260727900122
2026-07-27,美系外資B(未具名),外資,萬潤(6187),半導體-設備(先進封裝/CPO),買進(維持),1550,補充7/09已收錄之1550元(前值1650 疑為Goldman Sachs 待確認)；股價自4月高點1490回檔逾29%已大致反應CPO遞延疑慮 CPO設備產出率領先同業 ASP至少可調漲20%；2026-28獲利預期分別調升7%/調降6%/調降12%；自選股 已做個股摘要(彙整2家)；來源chinatimes 20260727001923
2026-07-27,美系外資A(未具名),外資,萬潤(6187),半導體-設備(先進封裝/CPO),買進(初評),1500,補充7/15已收錄之1500元(疑為美銀 待確認)；先進封裝擴產+次世代需求+CPO第二成長曲線 半導體設備業務2026-28 CAGR估34% ROE自2024年逾20%估明後2年升至30-40%；6月營收10.12億月增38.9%年增87.06%連2月新高 Q2 23.54億季增66.82%創高；併入萬潤個股摘要；來源chinatimes 20260727001923
2026-07-27,瑞銀(UBS),外資,萬潤(6187),半導體-設備(先進封裝/CPO),買進(首次評等),1550,澄清7/27已收錄之「歐系外資1550」實為瑞銀首評；CoWoS擴產延續+封測廠布局CPO 即將出貨矽品等大廠 明年EPS挑戰20元以上；7/27漲停1035元；自選股；已做個股摘要；來源ftnn 564635
2026-07-28,本土大咖投顧(未具名),內資,華碩(2357),PC/NB品牌,買進,1200,2027EPS 81.8元×15倍PE；Server營收2026/27估年增119%/18% RTX Spark 2027貢獻營收700億占6.5%；已做個股摘要(彙整4檔)；來源ftnn 564791
2026-07-28,本土大咖投顧(未具名),內資,技嘉(2376),主機板/AI伺服器,買進,440,同一份報告4檔全買進；RTX Spark明年估貢獻營收/獲利3%/4%；併入華碩摘要檔；來源ftnn 564791
2026-07-28,本土大咖投顧(未具名),內資,微星(2377),主機板/PC,買進,160,PC漲價潮+RTX Spark 明年估貢獻營收/獲利7%/9%；併入華碩摘要檔；來源ftnn 564791
2026-07-28,本土大咖投顧(未具名),內資,華擎(3515),主機板/AI伺服器,買進,310,CSP 2026資本支出年增預估由64%上修至85.9%；併入華碩摘要檔；來源ftnn 564791
2026-07-28,法人(未具名),內資,台達電(2308),電源/電力電子,買進(維持),2565,前值未揭露；800VDC僅導入時程遞延2027小量生產後逐季放量 長期趨勢不變；Q2營收1832.56億季增15%年增47.7%創高 H1 3426.09億年增41%；與7/23美系外資2280元分歧；已做個股摘要；來源ftnn 564785
2026-07-28,法人(未具名),內資,光寶科(2301),電源/電力電子,買進(維持),280,前值未揭露；高階伺服器電源+BBU+CDU液冷+Power Rack；Q2營收527.04億季增21.4%年增30.4% H1 961.12億年增25.08%；併入台達電摘要檔；來源ftnn 564785
2026-07-27,本土老牌投顧(未具名),內資,亞翔(6139),廠務工程-無塵室/機電,買進,1100,H1營收459.6億年增69.5%達去年全年59%；新增訂單3037億年增164% 在手訂單4400億年增76%；2026/27營收1076/1868億 EPS 51.89/101.15元 毛利率18.9%/19.2%；半導體占82%東協占64%；已做個股摘要；來源ftnn 564782
2026-07-27,券商2家(未具名),內資,亞翔(6139),廠務工程-無塵室/機電,看多,1280~1500,CMoney彙整同日2家券商 目標價區間1280~1500元 2026營收估1077.06~1148.89億 EPS 47.92~55.85元；與本土老牌投顧1100元分歧 併入亞翔摘要檔；來源cmoney nid1241265
2026-07-27,本土老牌投顧(未具名),內資,欣銓(3264),半導體-IC測試,買進(維持),270,前值未揭露；龍潭新廠7月投產 Q3營收估雙位數季增；AI ASIC高階測試占比提升+低毛利產品漲價；首度完整揭露全智科(測試)+瑞峰(封裝)光通訊布局 矽光子/CPO一站式；2026/27EPS 9.71/13.39元；已做個股摘要；來源ftnn 564704
2026-07-27,本土大型投顧(未具名),內資,穩懋(3105),半導體-化合物半導體/砷化鎵,買進(維持),461,Q2營收52.57億季增15%年增19% 毛利率28.2%季增1.9pp 單季EPS2.3元優預期；Q3營收估季增低雙位數毛利率上看3成；光通訊占比高個位數明年挑戰雙位數 美系客戶PD產品Q3放量能見度2-3年；2026/27EPS 8.78/10.98元；與同日日系外資449/美系300/美系142元分歧逾3倍；已做個股摘要；來源ftnn 564687
2026-07-27,法人(未具名),內資,南亞(1303),塑化/電子材料(玻纖布CCL),未明列評等,260,玻纖布CCL供不應求+轉投資南亞科南電強力貢獻；2026EPS估11.43元；7/27三大法人買超1.6萬張27.6億元 連2日累計1.9萬張34.45億元；評等與前值未揭露待確認；已做個股摘要；來源ftnn 564750
2026-07-27,Factset彙整(9位分析師),外資,川湖(2059),機械-伺服器機構件(滑軌),共識(未列評等),9000,2026EPS中位數自180.67元上修至239.41元(+32%) 最高258.16最低236.01；2027/28估220.12/225.12元(2027低於2026 序列反常待確認)；已做個股摘要；來源cnyes 6546786
2026-07-27,Factset彙整(15位分析師),外資,台燿(6274),電子材料-銅箔基板(CCL),共識(未列評等),1975,2026EPS中位數自33.1元小幅上修至33.64元 最高38.75最低22.93離散度大；2027/28估63.46/114.47元；AI伺服器/HPC高階CCL需求；已做個股摘要；來源cnyes 6547025
2026-07-27,第一金證券,內資,長榮航(2618),航空運輸,看多,48,2026EPS估4.67元 對應約10.3倍PE；原文載2026營收262.562億與公司規模不符 疑誤植待確認；7/27三大法人買超2.1萬張居第5名；已做個股摘要；來源cmoney nid1241267
2026-07-28,高盛,外資,旺矽(6223),半導體-測試介面(探針卡),買進(維持),8000,前值8800(-9%)；報告7/27出具；CPO 2027/28營收占比由15-20%與20-25%砍至7-9%與10-13% 2028EPS下修9%至224.8元；2026/27EPS 67.6/149.5元上調7%/1%；Q3營收估季增14%毛利率回升59.5%；已做個股摘要；來源wantrich 20260728900160
2026-07-28,Factset彙整(22位分析師),外資,聯電(2303),半導體-晶圓代工,積極12/中立10/保守3,120,前值108.5(+10.6%)為本場次調幅最大；最高258最低47離散度極大；28日跌停收113.5元；已做個股摘要；來源cnyes 6547793
2026-07-28,Factset彙整(13位分析師),外資,京元電子(2449),半導體-封測(測試),共識(未列評等),361.9,2026EPS中位數9.17→9.09元下修為本場次唯一下修；2027/28估14.29/20.13元；28日除權息1.5元且跌停收236元；已做個股摘要；來源cnyes 6548223
2026-07-28,Factset彙整(7位分析師),外資,台塑(1301),塑化,共識(未列評等),70,2026EPS中位數2.43→2.53元上修 由虧轉盈；2027年共識2.31元反低於2026年 分歧大；28日收57.5元跌6.81%；已做個股摘要；來源cnyes 6548028
2026-07-28,Factset彙整(10位分析師),外資,華航(2610),航空運輸,共識(未列評等),24.5,前值24元(+2.1%)；2026EPS中位數1.85→1.99元上修；油價回跌+暑假旺季 28日大盤重挫下逆勢漲2.35%收21.75元；已做個股摘要；來源cnyes 6547455
2026-07-27,Factset彙整(15位分析師),外資,台燿(6274),電子材料-銅箔基板(CCL),共識(未列評等),1975,維持目標價；2026EPS中位數33.64→34.62元同日二度上修(接續早盤場次33.64元紀錄)；2027/28估66.51/117.11元；28日跌停收1130元較目標價折價逾42%；已更新既有個股摘要檔260728_FactSet彙整_台燿6274.docx(含前次33.64元)；來源cnyes 6547136
2026-07-28,本土投顧(未具名),內資,記憶體族群(旺宏2337/華邦電2344/南亞科2408/力積電6770),半導體-記憶體,無(產業觀點),無,長鑫產能集中DDR4與LPDDR4X 高階DRAM報價護城河穩固；建議觀察旺宏法說三訊號 旺宏跌停價113元為超額修正買點；無目標價不建個股摘要；來源wantrich 20260728900271
2026-07-28,永豐投顧,內資,大盤策略,策略-大盤,無(大盤觀點),無,季線再度失守 中小型股去槓桿回調更深需更長時間修復籌碼；FOMC在即加美債殖利率上揚 短期V轉機率低 本周區間42500-45000點；來源wantrich 20260728900255
2026-07-28,富達國際,外資,全球AI主題,策略-產業,無(產業觀點),無,中國晶片技術突圍挫傷短線信心但AI仍為最重要長期成長主題；未來10年全球利率中性略高 投資邏輯由題材驅動轉向獲利實質回報；來源wantrich 20260728900255
2026-07-28,玉山投信(毛宗毅),內資,美股與算力指數,策略-產業,無(產業觀點),無,S&P500今年獲利預估成長22.6% 預估本益比位於近5年均值未過熱；8月底進場算力指數持有3/6/12個月平均約4.3%/7.1%/逾19%；來源chinatimes 20260728001692
2026-07-28,花旗,外資,國巨*(2327),被動元件-MLCC,買進(重申),1500,補充7/24已收錄之1500元；本益比約22倍遠低於全球同業平均32倍 基本面未轉弱；7/1高點1220元至7/27收625元近腰斬主因籌碼面；7/29法說為止跌關鍵；不另建摘要；來源wantrich 20260728900003
2026-07-28,摩根士丹利(大摩),外資,記憶體三雄(旺宏2337/南亞科2408/華邦電2344),半導體-記憶體,優於大盤(重申),無,報告7/27出具 承接7/27已收錄之大摩記憶體族群觀點並具體化；DDR4 Q3單月漲2成單季報價季增逾30% SLC/MLC NAND漲5-6成 NOR Flash漲3-4成；CSP洽簽1-2年長約(LTA)鎖量；以2028EPS推算本淨比1.2-1.5倍 歷史1倍附近支撐強；力積電未列入推薦；未揭露目標價；已做個股摘要(存旺宏2337)；來源wantrich 20260729900002 + ftnn 565126
2026-07-28,法人(未具名),待確認,矽格(6257),半導體-封測/測試(CPO/矽光子),看好(未明列評等),335,子公司矽格聯測董事會通過追加20億元資本支出 因應未來2年AI客戶擴產並緩解母廠產能吃緊；AI/CPO營收占比約5% 2026年估升至7-8%；2026/27EPS 9.2/13.4元 以2027年獲利給25倍PE推算；已做個股摘要；來源ftnn 565116
2026-07-28,大和資本,外資,台燿(6274),電子材料-銅箔基板(CCL),買進(維持),2320,前值2122(+9.3%)；Q2 CCL ASP估調升約30% 毛利率25.1%→29.5% 營業利益上看32.5億元較原估高13%；泰國新廠8月中開出優先供應AWS Trainium3 市占估20-30% 2027下半年再增月產能60萬張；2027營收估年增87% 2026-28EPS上修12-38%；已做個股摘要；來源ftnn 565054
2026-07-28,美系外資(未具名),外資,貿聯-KY(3665),電子零組件-連接線束/高速互連,加碼(維持),3665,對照7/20小摩3100元(前值2100)；6月營收85.18億月增15.86%年增63.79%創高 單月EPS 6.05元 淨利11.8億年增60.78%；Q2營收232.53億季增11.5%年增37.3% H1 441.11億年增33.97%；毛利率回升證明Q1下滑屬短期 HVDC與次世代GPU伺服器推升單機價值延續至2027；已做個股摘要(彙整美日系2家)；來源ftnn 564939 + wantrich 20260728900220
2026-07-28,日系外資(未具名),外資,貿聯-KY(3665),電子零組件-連接線束/高速互連,買進(維持),3053,與美系外資3665元差約20%；產品組合改善加規模擴大 Q2獲利可望超越市場預期；規劃下半年完成與Interplex Datacom合併；台南/馬來西亞/越南新產線本季開出；併入貿聯-KY摘要檔；來源wantrich 20260728900220
2026-07-28,高盛,外資,昇達科(3491),低軌衛星/衛星通訊零組件,買進(維持),2513,維持目標價 報告時股價1155元潛在漲幅逾117%；Q2營收9.02億年增76%(季減12%) 毛利率55.6%(去年同期43.4%) 淨利3.08億年增333%；6月營收2.57億年增89% 7月估2.77億年增119%；AWS模型轉換負面影響Q3消退；已做個股摘要(彙整高盛+金控投顧)；來源ftnn 565066
2026-07-29,金控龍頭旗下投顧(未具名),內資,昇達科(3491),低軌衛星/衛星通訊零組件,推薦(未明列評等),1930,與同期高盛2513元落差約23%；投顧本身亦投資SpaceX；星艦7/24完成第13次試飛 單次送20顆V3衛星入軌並回收；併入昇達科摘要檔；來源wantrich 20260729900001
2026-07-29,金控龍頭旗下投顧(未具名),內資,啟碁(6285),低軌衛星-網通設備,推薦(未明列評等),292,同一份低軌衛星族群報告4檔之一；V3單顆容量1024Gbps為V2(96Gbps)約10倍 星艦單次最多載60顆(Falcon 9為27顆+122%) 單次總容量約61000Gbps提升約23倍；發射成本目標降至每公斤200美元以下；併入昇達科摘要檔；來源wantrich 20260729900001
2026-07-29,金控龍頭旗下投顧(未具名),內資,華通(2313),PCB-低軌衛星,推薦(未明列評等),324,前次收錄315元(7/26本土法人) 機構是否同源待確認；同一份低軌衛星族群報告4檔之一；併入昇達科摘要檔；來源wantrich 20260729900001
2026-07-29,金控龍頭旗下投顧(未具名),內資,穩懋(3105),半導體-化合物半導體/砷化鎵,推薦(未明列評等),500,前次收錄461元(7/27本土大型投顧)；V3回傳端新增V/W-band(40-110GHz) GaN功率密度為GaAs的4-8倍 推升GaN於星鏈衛星用量；併入昇達科摘要檔；來源wantrich 20260729900001
2026-07-29,本土投顧(未具名),內資,上銀(2049),機械-傳動元件(滾珠螺桿/線性滑軌),買進(維持),431,前值未揭露；6月營收25.54億月增2.98%年增31.62% H1 138.88億年增18.05%；滾珠螺桿訂單能見度5.5個月 線性滑軌3-4個月 接單熱度可延續至2027；2026/27EPS 10.41/13.46元；CoPos半導體機器人專案開發中；已做個股摘要；來源ftnn 565128
2026-07-28,本土老牌投顧(未具名),內資,奇鋐(3017),散熱模組(AI伺服器氣冷/水冷),買進(維持),3835,維持目標價；6月營收176.18億月增11%年增66.1%；水冷模組良率突破90% Q2毛利率上修1.8pp至32.27% EPS上修至21.88元；AWS T3氣冷6月起出貨 Google TPU與AMD MI455 Q3小量Q4放量 VR200機櫃10-11月出貨；風險為Q2營收略低於預期與GB300拉貨放緩；已做個股摘要；來源ftnn 565080
2026-07-28,美系外資(未具名),外資,寶雅(5904),零售通路-美妝生活百貨,買進(重申),745,舊值未揭露；Q2營收69.32億季減2.3%年增14.7% 毛利率44.9% 營益率15.4% 稅後8.68億年增46% EPS 8.15元 獲利超預期21%；H1營收140.27億年增13.7% EPS 17.45元；上調2026-28獲利預估7%；H1全台483家店全年拚破500家；已做個股摘要；來源ftnn 564968
2026-07-28,永豐投顧,內資,晶碩(6491),醫材-隱形眼鏡,買進(維持),372,報告7/28出具；月產能由1.05億片增至1.18億片(+12%)；Q2營收21.15億創單季新高達成率101.5% 日本營收占比達6成；對照7/15 Factset共識410元；已做個股摘要(隱眼3雄合併檔存晶碩6491)；來源wantrich 20260729900003
2026-07-28,統一投顧,內資,晶碩(6491),醫材-隱形眼鏡,買進(維持),417,與永豐372元差12%；2026年EPS估26.04元；併入隱眼3雄摘要檔；來源wantrich 20260729900003
2026-07-28,永豐投顧,內資,視陽(6782),醫材-隱形眼鏡,買進(維持),279,馬來西亞廠擴產提前1季 Q4月產能由4200萬片增至6300萬片(+50%)；2027年產能利用率多可達80%以上；併入隱眼3雄摘要檔；來源wantrich 20260729900003
2026-07-28,統一投顧,內資,視陽(6782),醫材-隱形眼鏡,買進(維持),256,與永豐279元差9%；2026年EPS估17.08元；併入隱眼3雄摘要檔；來源wantrich 20260729900003
2026-07-28,永豐投顧,內資,望隼(4771),醫材-隱形眼鏡,買進(維持),243,2027Q1前月產能由5750萬片拉升至8400萬片(+46%)；併入隱眼3雄摘要檔；來源wantrich 20260729900003
2026-07-28,統一投顧,內資,望隼(4771),醫材-隱形眼鏡,買進(維持),263,與永豐243元差8%；上修2026營收至47.82億元(+37.1%) 毛利率41.5% EPS 17.52元 Q2營收11.96億達成率101.6%；併入隱眼3雄摘要檔；來源wantrich 20260729900003
2026-07-27,國票投顧,內資,中鋼(2002),鋼鐵,買進(維持),24,報告7/27出具 前次收錄23元(7/24本土法人)；2026營收估3570.5億(+12.58%) 毛利率5.76% 稅後40.53億轉虧為盈 EPS 0.25元 出貨約1090萬噸；Q2毛利率6.88% EPS 0.16元；Q3出貨約280萬噸 EPS 0.07元；已做個股摘要(彙整國票+華南)；來源wantrich 20260728900004
2026-07-27,華南投顧,內資,中鋼(2002),鋼鐵,買進(維持),22.8,前值22.7微升；全年EPS估0.26元；Q3出貨目標由290萬噸下修至270萬噸 8月盤價每噸降800元(Q3月盤累計降1100元) Q3 EPS降至0.02元；Q4毛利率估旺季增4.1pp至8.5%；與國票24元對淡季深度看法不同；併入中鋼摘要檔；來源wantrich 20260728900004
2026-07-28,法人(未具名),內資,川湖(2059),機械-伺服器機構件(滑軌),獲利上修(未列評等),無,無目標價不建個股摘要；Q2營收108.3億季增98.7%年增56%創單季新高 Q1 EPS 36.58元創高；2026EPS上修至突破200元(逾20個股本)；伺服器滑軌全球市占逾80% 毛利率估維持7成以上；8/7法說 美國新廠9月量產；對照7/27 Factset共識9000元/EPS 239.41元；來源ftnn 564808
2026-07-29,法人(未具名),內資,威剛(3260),記憶體模組,看好(無評等),無,無目標價不建個股摘要 補充7/26已收錄；Q2營收381.4億年增197.4% 毛利率42.1% 稅後104億年增逾10倍 單季EPS 32.39元；H1營收642.4億年增182.6% 稅後199.4億年增13倍 H1 EPS 62.46元；首度半年配息每股18元；三大原廠2027產能大致提前售罄 HBM與AI伺服器占近7成DRAM產能；來源ftnn 565127
2026-07-29,施羅德投信,內資,大盤策略,策略-大盤,逢低買進(大盤觀點),無,7/28下半年台股展望記者會 主管游秋華/基金經理柯鴻旼；認定為籌碼與融資整理非基本面轉變 2大落底訊號=融資餘額明顯收斂+槓桿資金退場；市場對2027獲利預估仍保守 看好Q4；AI基建需求可延續至2030 動能外溢至MLCC/成熟製程/矽晶圓；市場預期年底升息一碼；來源ftnn 565102
2026-07-28,高盛,外資,旺矽(6223),半導體-測試介面(探針卡),買進(重申),8000,補充7/28已收錄之8000元(前值8800)；新增細節 Q2營收52.26億季增33%年增59%優預期 Q3營收估季增14%毛利率57.9%→59.5%；MEMS月產能2026年底達500萬針2027年底800萬針 切入全球領先CPU客戶Q4出貨2027市占估破30%；2026-28EPS 67.64/149.64/224.75元；不另建摘要；來源ftnn 564998
2026-07-28,美系外資(未具名),外資,聯發科(2454),IC設計,未載明評等,5300,與7/22小摩5300元相同 目標價未變動；FactSet 25位分析師2026EPS中位數由66.5元上修至67.67元(最高78.6最低54.66)；美系外資估AI ASIC自2026Q3綻放 2027年ASIC營收有望達200億美元；7/31法說為關鍵；不另建摘要；來源ftnn 564901
2026-07-28,歐系外資(未具名),外資,南茂(8150),半導體-封測,調升目標價(未揭露),待確認,與7/26紀錄同源內容一致 目標價仍未揭露；Q2營收符合預期 DDR4/DDR5增量+Flash+封測外包動能延續至2026下半年；7/28跌停81元連5跌 5日跌幅22.12% 基本面與股價明顯背離；不另建摘要；來源ftnn 565111
2026-07-29,專家評論(陳榮華)引述大摩/花旗,外資,國巨*(2327),被動元件-MLCC,大摩增持/花旗買進(引述既有報告),1465,非新出報告 引述大摩7/22報告1465元(由1515元下修 樂觀2075悲觀685)與花旗1500元；股價3週內自1220元高點跌至7/28跌停563元 屬情緒與估值修正；風險為村田車規MLCC砍價一半/三星電機菲律賓新廠倒貨/OEM重複下單 本益比恐由15-18倍壓回8-10倍；7/29法說重點應在重複下單判斷與急單比例；不另建摘要；來源wantrich 20260729900004
2026-07-28,本土大型金控旗下投顧(未具名;自由財經標籤指凱基待確認),內資,旺宏(2337),半導體-記憶體,增持(維持),218,前值300(-27%)；報告7/28法說後出具；Q2 EPS 3.91元創高但eMMC漲勢不如預期(4主因)；今明年EPS下修至21.8/67元 營收907.4/2137.9億 毛利率68%/78.9%；NOR Flash與SLC NAND本季ASP估季增40%/70%；2026EPS×10倍PE；風險為設備進機延後與人力瓶頸；已做個股摘要(彙整2家)；來源wantrich 20260729900109 + ltn 5521304
2026-07-29,Factset彙整(10位分析師),外資,旺宏(2337),半導體-記憶體,共識(未列評等),183,2026EPS中位數13.63→15.9元上修(最高27.69最低7.45)；2027/28估40.41/34.27元；29日跌停收102元較共識折價逾44%；併入旺宏摘要檔；來源cnyes 6550642
2026-07-29,本土法人(未具名),內資,欣興(3037),半導體-載板,買進(上修EPS),1200,前值待確認；Q2純益131億單季EPS 8.45元創高 H1純益193.56億EPS 11.7元；資本支出340億→537億(含長交期設備176億) 2027光復二/2028楊梅二開出；ABF明年缺口10%→12%；2026/27EPS上修至16.96/32.45元 約2027年37倍PE；已做個股摘要(彙整2家)；來源ftnn 554241 + yahoo
2026-07-29,Factset彙整(20位分析師),外資,欣興(3037),半導體-載板,共識(未列評等),1175,2026EPS中位數16.1→16.34元上修(最高21.12最低12.99)；2027/28估32.75/55.88元；29日跌停收688元較共識折價逾41%；併入欣興摘要檔；來源cnyes 6550442
2026-07-29,Factset彙整(13位分析師),外資,智原(3035),IC設計-ASIC/矽智財,共識(未列評等),198.5,2026EPS中位數3.56→3.72元上修(最高8.75最低2.84)；2027/28估6.75/9.73元；Q2營收33.1億季增28% 毛利率45.2% EPS 0.76元優預期 但Q3估季減且高階封裝專案遞延至明年；29日收167元(-9.97%)；已做個股摘要(彙整3家)；來源cnyes 6549131
2026-07-29,日系外資(未具名),外資,智原(3035),IC設計-ASIC/矽智財,買進(維持),195,維持12個月目標價195元不變；看好2026年後段發力 先進封裝放量帶動獲利自Q2轉強；併入智原摘要檔；來源sinotrade/時報資訊 20260729
2026-07-29,美系外資(未具名),外資,智原(3035),IC設計-ASIC/矽智財,偏空(評等待確認),待確認,與日系外資目標價相差100元形成多空激辯；考量毛利率下滑及先進製程因素轉趨保守；新聞未完整揭露具體數字待確認；併入智原摘要檔；來源sinotrade/時報資訊 20260729
2026-07-29,Factset彙整(6位分析師),外資,力積電(6770),半導體-記憶體晶圓代工,積極樂觀5位/中立0/保守0,100,前值92.5(+8.11%)為本場次調幅第二大；最高111最低60元；29日收50.4元(-9.68%)近5日跌14.29% 較共識折價約50%；已做個股摘要；來源cnyes 6550441
2026-07-28,Factset彙整(5位分析師),外資,台塑化(6505),塑化-煉油,積極樂觀4位/中立2,90,前值70(+28.57%)為本場次調幅最大；最高100最低62元；7/28 20:10發布屬前一場次後；28日收74.6元近5日跌12.65%；已做個股摘要；來源cnyes 6548819
2026-07-29,Factset彙整(6位分析師),外資,群創(3481),面板-玻璃基板/先進封裝,積極1/中立4/保守1,70,前值72.5(-3.45%)為本場次唯一下修；最高90最低23元離散度極大；呼應7/27大摩玻璃核心基板量產落後藍思約1年之保守看法；28日收45元；已做個股摘要；來源cnyes 6549122
2026-07-16,歐系外資(未具名),外資,台達電(2308),電源/電力電子,買進(維持),2750,前值2600；補收錄7/16報告；看好AI伺服器電源與資料中心電力基建 2027/28年EPS上調5-6% 股價自5月下旬回跌約25%評價更具吸引力；與7/23美系外資2280元(下修)分歧 目前區間2280-2922元；7/30法說；已做個股摘要；來源chinatimes 20260716002300 + ctee 20260716701061
2026-07-29,美系外資/花旗(沿用既有報告),外資,國巨*(2327),被動元件-MLCC,優於大盤/買進(沿用),1465/1500,法說當日彙整非新報告；Q2實績營收444.56億季增16.5%年增35.7%創高 毛利率38.5% EPS 4.59元季增17.7%年增88.4%創高；公司估Q3營收溫和成長毛利率續升 券商估Q3營收季增高個位數毛利率上看4成；外資法說前七大提問；下半年直接客戶ASP估漲30-40%；7/29跌停507元 7月累跌55.53%；FactSet共識1275元(2026EPS 19.59元 發布日待確認)；已做個股摘要；來源chinatimes 20260729002107 + sinotrade法說
2026-07-29,公司法說(無券商評等),－,聯電(2303),半導體-晶圓代工,無(公司展望),無,Q3晶圓出貨估季增7-9% 美元ASP持穩 毛利率34-36% 產能利用率拉升至逾90%(Q2為85%)；今年AI相關營收近3億美元 未來3年估逾10億美元(電源管理IC/連接晶片/FPGA/先進封裝/矽光子)；與Intel 12奈米2027 tape-out 2028才有明顯營收；無評等目標價不建個股摘要；來源ltn 5522094
2026-07-29,中信投顧,內資,大盤策略,策略-大盤,無(大盤觀點),無,加權指數收40039.18點跌1564.18點(-3.75%)史上第7大跌點 盤中最低39384.85失守4萬 量能1.08兆 兩日累跌3595點；三大法人賣超317.57億(外資及陸資賣222.52億 投信買90.94億 自營賣185.99億)；四大利空=科技巨頭資本支出與ROI受檢視/輝達融資循環疑慮/中國DUV量產傳聞/美伊情勢與Fed升息；中信投顧認屬情緒面非基本面 但止穩前先求生存 建議換強勢股/去槓桿/改配置被動式ETF；來源udn 9658394 + udn 9658040
2026-07-29,Factset彙整(22位分析師),外資,聯電(2303),半導體-晶圓代工,共識(未列評等),120,維持目標價(承接7/28紀錄)；2026EPS中位數4.88→4.93元 最高估值6.5→7.37元樂觀端上調13.4% 中位數僅微升顯示共識未整體位移；2027/28估5.8/6.91元；法說Q3出貨估季增7-9%美元ASP持穩毛利率34-36%產能利用率逾90% Q2 EPS 3.39元 資本支出上調至20億美元；29日跌停收102.5元較共識折價約14.6%；已做個股摘要；來源cnyes 6551204
2026-07-29,Factset彙整(20位分析師),外資,亞德客-KY(1590),機械-氣動元件,共識(未列評等),1900,維持目標價(7/16階段為1805元)；2026EPS中位數同日二度上修57.75→59.05→59.37元(累計+2.8%)研判為7/28法說後集體上修；2027/28/29估68.06/75.74/68.41元(2029低於2028序列反常待確認)；驗證7/24「全年挑戰50元以上」說法法人看得更樂觀；2026營收共識436.67億年增27.2%；29日收1325元較共識折價約30.3%；已做個股摘要；來源cnyes 6551080
2026-07-29,Factset彙整(16位分析師),外資,瑞昱(2379),IC設計-網通/消費IC,共識(未列評等),617.5,前值未揭露；2026EPS中位數32.1→32.43元小幅上修 最高42.71最低27.42兩端均未變動屬區間內調整；2027/28估37.5/43.06元；2026營收共識1392.81億年增13.5%；頁面行情快照738元高於共識目標價約19.5%為本波少數溢價個股(行情時點待確認)；已做個股摘要；來源cnyes 6550443
2026-07-29,台新投顧(總經理黃文清),內資,大盤策略,策略-大盤,無(大盤觀點),無,短線回穩3訊號=中小型電子股率先反彈+韓股與美股同步止跌回升+Fed會後訊息不偏鷹；指數自6/23高點48218.87點回檔約17% 29日測半年線；研判賣壓主要來自內資獲利了結非融資斷頭 外資賣超已明顯縮減；短期不易V轉將由跌深最弱勢族群率先反彈；上市市值2天蒸發15.6兆元；來源cna 202607290318
2026-07-29,公司財報(無券商評等),－,台光電(2383),電子材料-銅箔基板(CCL),無(公司財報),無,Q2 EPS 27.55元賺近3個股本且連6季每季逾1股本；營收472.7億元創單季新高季增43%年增110% 毛利率33.9%季增4.5pp 稅後98.7億元創高季增84.9%年增183.8%；Prismark 2026/07認定2025年營收登全球CCL產業第1超越生益與建滔 高速材料市占38.6% HDI市占逾7成連20年第1；未來一年延續全產全銷；對照7/20高盛買進9500元；無評等目標價不建個股摘要；來源cna 202607290357
2026-07-30,高盛,外資,台光電(2383),電子材料-銅箔基板(CCL),買進(維持),10200,前值9500(+7.4%)；CCL產業報告；Q2營收472.7億季增43%年增110% 毛利率33.9%(+4.5pp) EPS 27.55元創高 H1 42.46元；Q3營收估季增21% 毛利率36.5-36.8% M8/M9高階CCL需求；2026-28EPS上修至118/250/457元；載板用CCL Q3完成認證Q4貢獻；Prismark認定2025年營收全球CCL第1；30日漲停4510元；已做個股摘要；來源technews 20260730 + ltn 5522547 + udn 9638268
2026-07-30,高盛,外資,台燿(6274),電子材料-銅箔基板(CCL),買進(維持),3010,前值2860(+5.2%)；同一份CCL產業報告；泰國新廠產能快速開出 Q3營收估季增23% 毛利率季增3.4pp至32.3%；2026-28EPS上修至38.8/93.5/168.7元；與7/28大和2320元及FactSet共識1975元分歧；已做個股摘要；來源technews 20260730 + udn 9638268
2026-07-30,外資A(未具名),外資,國巨*(2327),被動元件-MLCC,未揭露(下調),1450,對照大摩7/22之1465元；被動元件產業估值修正與去槓桿；7/29法說B/B Ratio跳增至2.2 Q3營運續強 不排除再漲價 無庫藏股規劃；30日跌停456.5元失守500元；已做個股摘要(彙整外資2家+本土法人);來源ftnn 565674
2026-07-30,外資B(未具名),外資,國巨*(2327),被動元件-MLCC,未揭露(下調),1280,對照花旗7/24之1500元；兩家外資落差170元；併入國巨個股摘要；來源ftnn 565674
2026-07-30,本土法人(多家彙整),內資,國巨*(2327),被動元件-MLCC,未揭露(下調),688~1240,過半法人目標價低於1000元 市場對重返千元信心不足；7/1高點1220元至7/30收456.5元波段跌逾62%；併入國巨個股摘要；來源ftnn 565674
2026-07-27,美系外資(未具名),外資,聯發科(2454),IC設計,產業首選TopPick(維持),5588,維持不變；2028年預估EPS×18倍PE 2025-28營收CAGR估逾50%；法說最大焦點為2027年ASIC營收估達200億美元高於公司指引；外資五大提問(2奈米TPU/EMIB-T良率 1.4奈米TPU v10 第二家CSP 高通切入ASIC TAM AI手機殺手級應用)；7/31法說；與7/28收錄之美系外資5300元是否同源待確認；補收錄；已做個股摘要；來源ltn 5518755
2026-07-30,摩爾投顧(蔡慶龍),內資,聯發科(2454),IC設計,無(產業觀點),無,Q2營收1521.8億季增約2%高於財測 6月580.12億月增22.3% H1 3013.33億；Q3營收估小幅下滑可能為轉型期低點；3奈米雲端AI晶片2026Q4放量 2奈米推進；法人推估台積先進封裝配額由2026年約1.5%升至2027年約7.3% 2027年雲端AI晶片營收有機會逾百億美元；併入聯發科摘要檔；來源cnyes 6552260
2026-07-27,永豐投顧,內資,穩懋(3105),半導體-化合物半導體/砷化鎵,買進(維持),395,前值640(-38%)；法說後考量Q2毛利率及Q3毛利率展望低於預期而下調評價 但LEO+光通訊雙題材中長期成長方向未變 Optical自Q2末量產2026H2逐步放量；27日跌停307.5元開出後翻紅暫報349元振幅逾15%；與同期日系449/本土461/金控500/美系300/美系142元分歧；補收錄；已做個股摘要；來源ltn 5518784
2026-07-30,FactSet彙整,外資,力成(6239),半導體-封測,共識(未列評等),310,前值300(+3.3%)；2026EPS中位數上修至12.71元(前值12.65元)；對照7/20老牌投顧買進400元相對保守；7/30除息4.5元參考價228.5元；原始鉅亨連結待確認；已做個股摘要；來源cnyes台股預估(連結待確認) + cnyes 6550796
2026-07-30,公司法說(無券商評等),－,台達電(2308),電源/電力電子,無(公司展望),無,Q2營收獲利EPS同創新高(EPS 9.68元)；AI相關產品營收占比逾25% 液冷(Liquid to liquid)由去年約10%升至逾12%；HVDC 400V/800V Q3開始量產但Q4出貨仍有限 明顯放量最快要到明年；鄭平稱下半年一定優於上半年 CSP需求未變僅施工/缺料/建置進度延後；EV下半年仍疲弱 自動化下半年可望回到損平以上；無評等目標價不建個股摘要；來源newtalk 20260730/1050400
2026-07-30,法人(未具名),內資,南亞(1303),塑化/電子材料,無(觀點),無,無具體目標價不建個股摘要；H1 EPS 5.17元創歷年同期新高 AI帶動電路板材料需求 玻纖布/銅箔/CCL/ABF載板供應緊缺漲價；公司預期7月營收優於6月 Q3高於Q2；外資連4買4.89萬張 大摩高盛美林為主要買超券商；法人估今年保守可賺一個股本 本益比偏低可分批布局；30日最高亮燈漲停155.5元；對照7/22未具名法人340元與7/27法人260元；來源ltn 5522605
2026-07-29,公司法說(無券商評等),－,順達(3111),電子零組件-電池模組/BBU,無(公司展望),無,無評等目標價不建個股摘要；Q2營收34.91億季增4.4%年增7.4% 毛利率13.85%季減6.18pp 稅後2.07億季減33.6%年減65.1% EPS 1.35元；H1營收68.35億年增21.8% EPS 3.4元；Q2不佳主因某款BBU產品客戶拉貨不如預期 7月中旬已恢復 下半年接單良好；總經理張崇興維持全年營收兩位數成長目標；30日收285.5元跌7.31%；來源ftnn 565685
2026-07-30,倫元投顧(陳學進),內資,大盤策略,策略-大盤,無(大盤觀點),無,30日收39933點跌105點量約1.1兆 盤中曾強彈逾千點至41155點後翻黑；認屬估值/槓桿/情緒修正非經濟衰退起點 GDP預估上修至10-11% 上市櫃營收年增近36%；建議空方趨勢未轉前避免追高 中長線採買黑不買紅分批布局 金融/傳產內需/高殖利率為避風港；籲強化四貸高槓桿監理；來源cnyes 6552651
2026-07-30,日系外資(未具名),外資,欣興(3037),半導體-載板,買進(維持),1500,前值1000(+50%)為本場次調幅最大；法說後報告；Q2毛利率受惠產品漲價及技術世代轉換持續提升 擴張態勢符合預期；強勁資本支出展望顯示ABF市場展望仍佳；2026-28獲利預期調升31~66%；已做個股摘要(彙整5家)；來源chinatimes 20260730002447
2026-07-30,美系外資A(未具名),外資,欣興(3037),半導體-載板,買進(維持),1500,維持不變；ABF載板市場仍處供應商主導強勁市況 Q2毛利率大幅優於預期證明需求強勁；須觀察預計2027年量產之EMIB-T載板初期良率；併入欣興摘要檔；來源chinatimes 20260730002447
2026-07-30,美系外資B(未具名),外資,欣興(3037),半導體-載板,加碼(維持),1465,維持不變；AI產品占比持續提升推動結構性毛利率成長 EMIB-T專案布局穩固；公司設定長期整體毛利率目標50~60%；併入欣興摘要檔；來源chinatimes 20260730002447
2026-07-30,美系外資C(未具名),外資,欣興(3037),半導體-載板,中立(維持),1220,前值1140(+7%)；本季至2027年底長約售價估每季季增10~15% 現貨售價季增逾20% LTA激勵機制未來5年平均帶動營益率提升逾10個百分點；惟AI HDI/PCB因初期良率偏低毛利率展望偏弱 加上過往HDI業務執行力疑慮故維持中立；2026-28獲利預期調升8~39%；併入欣興摘要檔；來源chinatimes 20260730002447
2026-07-30,美系外資D(未具名),外資,欣興(3037),半導體-載板,買進(維持),1200,前值1400(-14.3%)為5家中唯一下修；技術世代轉換與擴產帶動展望仍正向 ABF供需缺口持續擴大；下修主因提高營業費用及調降業外收益預期；2026-28獲利預期調升28%及1~2%；5家目標價區間由1000~1500元上移至1200~1500元；30日開低跌逾5%後翻紅亮燈漲停756元；併入欣興摘要檔；來源chinatimes 20260730002447
2026-07-30,美系外資A(未具名),外資,聯電(2303),半導體-晶圓代工,加碼(維持),138,維持不變；法說後報告；Q3晶圓出貨估季增7~9%優於該行原估的5% 主因市占率提升及AI半導體業務貢獻增加；晶圓廠稼動率已逾90%其中8吋廠達85%；有信心2027年持續反映產品價值 預期可達成漲價5~10%；資本支出提高至20億美元有助降低成熟製程需求疲弱疑慮 認為目前股價具吸引力；已做個股摘要(彙整2家)；來源chinatimes 20260730002629
2026-07-30,美系外資B(未具名),外資,聯電(2303),半導體-晶圓代工,買進(維持),125,前值88(+42%)為本場次調幅最大；Q2營運穩健Q3展望續看升 正重新調整產品組合朝AI相關特殊技術發展(矽光子/先進封裝/連接技術/電源管理)；2026-28獲利預期分別調升59%/44%/52%反映較佳稼動率及毛利率改善；風險為新增產能折舊增加將限制長期毛利率改善幅度；30日跳空開高4.88%後攻漲停112.5元 終場漲7.32%收110元 外資由賣轉買逾3.9萬張；併入聯電摘要檔；來源chinatimes 20260730002629
2026-07-30,高盛,外資,國巨*(2327),被動元件-MLCC,買進(維持),1280,前值1490(-14.1%)；為7/30已收錄之外資B(1280元)之券商具名化確認；下修主因反映產業去槓桿化導致本益比遭壓縮 而非獲利預估變化 故維持買進評等；已做個股摘要(彙整2家外資+本土法人)；來源money.udn 9661547 + chinatimes 20260730002241
2026-07-30,花旗,外資,國巨*(2327),被動元件-MLCC,買進(維持),1450,前值1500(-3.3%)；為7/30已收錄之外資A(1450元)之券商具名化確認；下修理由同高盛(去槓桿導致本益比壓縮)評等不動；本土法人目標價688~1240元過半降至千元以下；7月起產品全面漲價15~25%；30日連三跌停收456.5元 自7/1高點1220元波段跌逾62%；併入國巨摘要檔；來源money.udn 9661547 + ltn 5522515
2026-07-29,第一金投顧(黃詣庭),內資,大盤策略,策略-大盤,無(大盤觀點),無,補收錄；7/31為關鍵日=FOMC決議(預期不變 重點在訊息中性/偏鷹/偏鴿三情境)+未來48小時微軟Meta亞馬遜蘋果財報+韓股槓桿ETF現金保證金由1000萬提前至7/31升至3000萬韓元(韓股近日殺最重主因)；40000點為多空分野不宜實質跌破；融資餘額5455億仍偏高 降至5200億以下較佳；建議勿接刀 分批進場不用槓桿 首選大型權值股；來源udn 9658455
2026-07-29,台新投顧(副董事長李鎮宇),內資,大盤策略,策略-大盤,無(大盤觀點),無,補收錄；與7/29已收錄之台新投顧黃文清為不同人不同觀點；若Fed 9月不升息 指數破4萬點已是可進場買點；形容本波AI行情像長跑選手調整呼吸 是改善體力狀態非賽事結束；只要AI投資循環未改變 今年台股仍有機會突破前波高點創新高；來源udn 9658207
2026-07-31,日系外資(未具名),外資,日月光投控(3711),半導體-封測,未揭露(上調),800,法說後全場最高價；前值未揭露；LEAP先進封測需求遠優於原預期 ATM業務Q2毛利率27.3% Q4可望突破3成；外資估今年EPS上看2個股本 明年挑戰3個股本；已做個股摘要(彙整6家外資+5家本土)；來源chinatimes 20260731001877
2026-07-31,日美歐系外資(5家彙整),外資,日月光投控(3711),半導體-封測,未揭露(上調),628~750,法說後全面上調 過半落在7字頭；Q3合併營收估季增21~22%遠超法人原估個位數 封測營收季增11~14%毛利率28~29% EMS營收季增達40%；單季EPS上修至4.83~5.42元；併入日月光摘要檔；來源chinatimes 20260731001877
2026-07-31,本土法人(5家彙整),內資,日月光投控(3711),半導體-封測,未揭露(上調),700以上,法說後五家全面上調至7字頭；2026資本支出自85億美元上調23.5%至105億美元(封裝56%/測試40%) 建置13座新廠及8座擴建含馬來西亞新加坡美國加州；斥資120億元購友達高雄路竹廠與乖乖中壢廠；2026 LEAP營收目標逾35億美元年增119% 2027估70~85億美元；31日一字鎖漲停555元；併入日月光摘要檔；來源ctee 20260731700993
2026-07-29,美系外資(未具名),外資,力成(6239),半導體-封測,未揭露(上調),360,前值300(+20%)為外資圈最高；補收錄(7/31 ctee轉述)；法說後下半年AI伺服器/HBM/SSD需求強勁 NAND封測營收年增69%為主要動能 其次SiP與模組；已做個股摘要(彙整外資2家+本土法人)；來源chinatimes 20260729002258
2026-07-29,歐系外資(未具名),外資,力成(6239),半導體-封測,未揭露(上調),260,前值240(+8.3%)相對保守 僅約美系360元的七成；看好2027-28年FCBGA與FOPLP新訂單 重申明後年獲利創新高；併入力成摘要檔；來源chinatimes 20260729002258
2026-07-29,本土法人(多家彙整),內資,力成(6239),半導體-封測,未揭露,400,本土最高400元 另6家給予300元以上；與超微合作FOPLP估2027年中量產 目標成為全球首家FOPLP商業量產於AI應用之封測廠；與博通新加坡合資公司發展OE/CPO估2027H2-2028顯著貢獻；對照FactSet共識310元；併入力成摘要檔；來源chinatimes 20260729002258
2026-07-30,高盛,外資,信驊(5274),半導體-IC設計(BMC),買進(重申),22000,前值20000(+10%)為今年第四度上修(自7300元起算) 為法人第三高；Q2營收季增23%年增72%較高盛預期高3% 毛利率估69.6%(Q1 69.2% 公司原估67-68%)因價格調整轉嫁載板與封測成本；Q3營收估季增22% 毛利率維持69.5%；四大動能=Agentic AI帶動BMC需求(2026年850萬顆→2027年1230萬顆)/AI ASIC部署加速/AST2700滲透率2026-28年5%-22%-38%(ASP較AST2600高50-60%)/E-glass認證近完成Q4引入新封測夥伴；對照花旗22500元 瑞銀或滙豐24000元(報導誤植待確認)；8/5法說；31日漲停；已做個股摘要；來源udn 9659010 + cmnews
2026-07-31,公司法說(無券商評等),－,聯發科(2454),IC設計,無(公司展望),無,無評等目標價不建個股摘要；Q2營收1521.83億季增2%年增1.2% 毛利率46.2% 營益率15% EPS 15.28元 上半年EPS 30.45元；Q3財測營收季增0~5%年增7~12% 毛利率46%±1.5% 費用率31%±2%；2027年AI ASIC市占率目標由10-15%上調至15-20% SAM維持800億美元 第二代ASIC 2028年初量產；首款AI加速器ASIC Q4量產帶動2026資料中心營收逾20億美元；董事會核准50億美元彈性融資 帳上淨現金逾70億美元；存貨週轉天數102日(前季87日)；31日漲停3555元；來源cnyes 6554849 + cnyes 6554642
2026-07-31,公司法說(無券商評等),－,光寶科(2301),電源/電力電子,無(公司財報),無,無新評等目標價不建個股摘要；Q2稅後純益71.2億元 EPS 3.14元年增1.26倍創歷史新高 毛利率27%；上半年稅後純益109億元年增66% EPS 4.8元創歷史同期新高；受惠AI資料中心電源與儲能系統需求；31日法說吸引買盤強攻漲停重登200元關；對照7/28法人買進280元；來源udn 9663328 + ctee 20260731700993
2026-07-31,法人(未具名),內資,川湖(2059),機械-伺服器機構件(滑軌),無(觀點),無,無具體目標價不建個股摘要；法人看好今年EPS有望挑戰200元；31日彈上漲停價7850元；對照7/12高盛12000元與7/27 FactSet共識9000元；來源ctee 20260731700993
2026-07-31,法人(未具名),內資,京元電子(2449),半導體-封測(測試),無(觀點),無,無新目標價不建個股摘要；2026資本支出上調至500億元顯示對需求高度樂觀；法人估今年Q3及全年營收可望雙位數成長挑戰歷史新高 獲利同步走揚；先進測試新產能預計2027H1啟動量產；31日跟隨大盤反彈重登200元關；對照7/28 FactSet共識361.9元；來源ctee 20260731700993
2026-07-31,本土法人(未具名),內資,奇鋐(3017),散熱模組(AI伺服器氣冷/水冷),無(偏多),無,無新目標價不建個股摘要；業績展望正向 下半年水冷板產能將增至每月100萬組；本土法人偏多相挺 31日亮燈觸漲停；對照7/28本土老牌投顧買進3835元；來源ctee 20260731700993
2026-07-31,法人(未具名),內資,緯穎(6669),AI伺服器-ODM,無(觀點),無,無新目標價不建個股摘要；伺服器出貨強 法人看好下半年受惠Trainium AI伺服器出貨放量；31日強攻漲停重返各短均線；對照7/23滙豐8400元與7/20瑞銀7000元；來源ctee 20260731700993
2026-07-31,法人(未具名),內資,新盛力(4931),電子零組件-BBU電池模組,無(觀點),無,無目標價不建個股摘要；BBU題材重燃 法人預估今年BBU占比上看60~70% 仍為主要成長動能；31日止跌反彈亮燈攻頂；來源ctee 20260731700993
2026-07-31,統一投顧,內資,大盤策略,策略-大盤,無(大盤觀點),無,偏多但審慎；近期AI燒錢疑慮造成基本面殺盤主軸 隨CSP大廠財報結束及台股密集法說 基本面下修疑慮將獲底定；本週上市大盤融資減肥近832億元週減幅逾14.2%籌碼適度清洗 加上費半大漲共振有利止跌反彈；惟上檔均線反壓且期貨空單仍逾8萬口 須避免過度槓桿；先觀察季線44080點是否成功挑戰；來源cnyes 6554313
2026-07-31,國泰證期研究部,內資,大盤策略,策略-大盤,無(大盤觀點),無,中性；短線情緒波動劇烈 指數若未站穩5日線仍以技術性反彈視之；外資台指期淨空單仍逾8萬口且聯準會態度謹慎 在避險部位明顯降溫前建議逢低分批布局之防禦策略；選股優先關注具實質財報利多與法說展望樂觀之晶圓代工成熟製程與先進封測供應鏈 並留意矽光子概念股；來源cnyes 6554313
2026-07-31,兆豐國際投顧(副總黃國偉),內資,大盤策略,策略-大盤,無(大盤觀點),無,偏多；台股短期底部已浮現 31日展開強勢反彈 中長期多頭趨勢維持不變 指數初步有機會挑戰季線44089點；31日加權指數收43119.75點漲3186.45點創史上最大單日漲點(盤中最大漲點2962.22點亦破紀錄) 成交值8337.13億元 外資買超675.54億元 上市漲停113檔 台積電漲停2425元貢獻大盤約1746點；惟本週仍累跌535.09點 7月累跌3006.16點；來源cna 202607310157
2026-07-31,集邦科技TrendForce,研調,記憶體與被動元件產業,產業研調,無(產業研調),無,非券商研調；記憶體=2027年需求維持由AI應用主導 DRAM因HBM持續排擠產能及AI server需求強勁 CPU用記憶體與HBM採購動能持續增加 供給緊張價格偏強 但NAND Flash因新產能集中釋放與消費需求走弱 2027H2供給趨寬鬆價格恐修正；MLCC=6月村田/三星電機/太陽誘電三大日韓廠出貨同步創近5年單月新高 消費級訂單外溢嘉惠台陸系製造商 高階高容產品交期已拉長至4~5個月 白銀與銅原料價格居高 下半年價格大幅回落機率低；來源ctee 20260731700993
2026-07-31,美系外資A(推定高盛),外資,鴻勁(7769),半導體-測試設備(分選機),買進(維持),12500,前值12000(+4.2%)為外資圈最高；Q2法說釋出強勁成長訊號 客戶需求能見度延伸至2027年；大尺寸封裝測試方案滲透速度超乎預期 ASP較目前主流GPU分選機高出20~25%將推升單機價值；看好AI ASIC/車用晶片/美國電動車客戶 下一代AI晶片散熱規格提高有助ASP提升；因Q2獲利低於預期今年獲利預期調降4.4% 明後2年調升0.5%及4.2%；已做個股摘要(彙整3家美系外資)；經濟日報指出3家為高盛/花旗/大摩 個別對應待確認；來源chinatimes 20260731002054 + udn 9663635
2026-07-31,美系外資B(推定花旗),外資,鴻勁(7769),半導體-測試設備(分選機),買進(維持),11000,維持不變；2026H2受惠Google TPU/Tesla AI5/AMD CPU等專案出貨帶動主動溫控分選機(ATC Handler)需求；2027年除出貨量增加外 大型封裝托盤/高散熱規格/AOI導入也將推升產品價值；看好中國大陸市場成長 調升2026~28獲利預期1%/6%/6%；因產業評價受總經不確定性影響略降目標本益比故目標價不變；併入鴻勁摘要檔；來源chinatimes 20260731002054
2026-07-31,美系外資C(推定大摩),外資,鴻勁(7769),半導體-測試設備(分選機),加碼(維持),10008,維持不變 為本場次最保守；鴻勁持續加速擴產 2026產能成長目標由40%提升至45% 2027維持50%；認為是AI測試市場擴張重要受惠廠商 近期股價回檔提供投資切入機會；公司Q2及上半年獲利雙創新高 產能滿載到年底 2027規畫再擴產50%；31日跳空鎖漲停6180元；對照7/24野村11100元；併入鴻勁摘要檔；來源chinatimes 20260731002054
2026-07-31,美系外資A(未具名),外資,瑞昱(2379),IC設計-網通/消費IC,買進(維持),630,前值未揭露；4家外資法說後評價分歧但基本面看法一致；Q2營收高基期下仍年增18%季增3% 公司預期Q3營收再季增高個位數優於市場原估 受惠企業網路/物聯網/車用需求強勁；Q2毛利率下滑但有信心未來數季回升至正常高40%水準 6月起調價Q3起緩解封測成本壓力 供應鏈庫存健康存貨跌價損失機率偏低；看好Wi-Fi/多千兆網路/乙太網路規格升級為延續至明年成長動能；評價基礎為2026-27平均EPS及17倍本益比；風險=網路技術升級放緩/車用乙太網路不如預期/PC消費電子轉弱/價格競爭/記憶體成本；已做個股摘要(彙整4家外資)；來源chinatimes 20260731001875
2026-07-31,美系外資B(未具名),外資,瑞昱(2379),IC設計-網通/消費IC,中立,717,前值未揭露；本場次目標價最高但評等最保守；下半年PC面臨記憶體成本上升及CPU供應吃緊 但規格升級需求可望支撐營收；消費性=世界盃結束後電視出貨轉弱/家電穩定成長/全球遊戲機出貨預估下滑；網通受惠企業基礎設施換機及轉向Wi-Fi 7與多千兆乙太網路；車用下半年進旺季 歐洲為主要動能；與部分客戶協商新價格自Q3生效有助毛利率回升 網管型交換器市占率較前次調查提高2~3個百分點；筆電Wi-Fi 7滲透率今年估約30% Wi-Fi 8預計2028Q1起部署；整體展望優於先前擔憂惟股價評價已大致合理；併入瑞昱摘要檔；來源chinatimes 20260731001875
2026-07-31,歐系外資(未具名),外資,瑞昱(2379),IC設計-網通/消費IC,中立(維持),690,前值525(+31.4%)為本場次調幅最大；下半年營收三支撐=6月起調高產品價格(受記憶體漲價影響較大的產品調價幅度及效益更明顯)/網通車用家電需求穩定抵銷消費性轉弱/封測與記憶體供應吃緊促客戶提前建立庫存；持續成本管控 預估2026Q3及Q4營業費用率均維持約37%；調高2026/27/28 EPS預估2%/18%/12%；惟考量記憶體成本上升可能加重終端售價壓力故維持中立；併入瑞昱摘要檔；來源chinatimes 20260731001875
2026-07-31,日系外資(未具名),外資,瑞昱(2379),IC設計-網通/消費IC,買進(維持),未揭露,目標價未揭露；公司對Q3釋出審慎但穩定的營運看法 2026下半年各產品線需求仍將持續調整；受DRAM及NAND成本維持高檔/CPU供應吃緊/客戶為因應漲價提前拉貨後需求正常化影響 下半年PC業務可能弱於上半年；仍須面對封測產能受限及部分PC關鍵零組件供應不足 短期營運存在不確定性；觀察股價自5月低點起兩個月內一度大漲約80% 反映市場期待成本轉嫁/定價能力提升及資金轉向低本益比個股；併入瑞昱摘要檔；來源chinatimes 20260731001875
2026-08-01,富邦投顧(董事長陳奕光),內資,大盤策略,策略-大盤,無(大盤觀點),無,偏多；解鈴還需繫鈴人 韓版國安基金進場後韓股飆漲17.91%為跌勢踩煞車 緩解市場恐慌 此處應該就是低點 帶動台股深V反彈的其實是韓股；軋空買盤助漲=7月自6/23高點48000點跌到7/30破4萬點 空頭已斬獲8000點選擇回補了結；31日成交量僅8337億元明顯量縮 但非買盤不強而是不少股票漲停買不到；Q2財報密集公布 8/14上市櫃財報申報結束前數字應非常精彩 回歸基本面就是台灣的優勢；台積電漲停及大盤深V可視為後續反彈訊號 下週有機會挑戰月線及季線 40000點應可逐漸成為重要支撐 8月區間40000~46000點；來源udn 9663928
2026-08-01,分析師(未具名),內資,大盤策略,策略-大盤,無(大盤觀點),無,審慎；季線附近有一波套牢賣壓需要時間消化 加上聯準會9月有可能升息 大盤直接V型反轉機會不大 投資人仍應避免追高；31日台股夜盤開盤後再度重挫逾1500點 下週一開盤再添變數；市場數據=31日加權指數收43119.75點漲3186.45點(+7.98%)創史上最大單日漲點及史上第二大漲幅 台積電漲停2425元為史上第三次漲停 聯電漲停121元 國巨*漲停502元 聯發科與日月光投控同飆漲停 新台幣強升1.62角收32.292元；7月全月重挫3006點 高低點落差8011點 14個交易日盤中高低差逾千點；來源udn 9663928
2026-07-31,富邦投顧陳奕光/第一金投顧黃詣庭/凱基投顧朱晏民(3家彙整),內資,大盤策略,策略-大盤,無(大盤觀點),無,偏多；籌碼絕地報復性回補三大動能=(1)基本面堅實與V型反轉 估8/15半年報完整公布前許多科技大廠業績將陸續傳捷報創歷史新高 (2)軋空與軋空手雙軋行情 空單急轉回補助漲 空手透過ETF介入帶動31日槓桿及海外ETF爆發10~18%漲勢 (3)國際極端賣壓宣洩與國家隊介入 韓股SK海力士本益比一度跌至僅剩5倍促韓國政府討論限空令；投信6/23起連28買累計買超3071.8億元 7/31單日爆買333.8億元創投信史上單日第三大；外資7月賣超7389.2億元 今年累計賣超1.69兆元 7/31回補675.5億元寫單日買超史上第11大；7/15站上45000點高峰至月底回檔13個交易日外資倒貨3675.8億元 推估外資8月回補動能至少從3000億元起跳；下週先挑戰季線與月線 上檔壓力區先看45000點；來源udn 9663846
2026-07-31,聯邦投信(009804經理人周彥名),內資,大盤策略,策略-大盤,無(大盤觀點),無,非券商為投信經理人觀點 中性偏多；短期波動多屬情緒面與資金面調整 投資人應回歸基本面觀察企業長期獲利能力與產業發展趨勢；總經數據強韌=6月出口748.3億美元年增40.3%創歷年單月第三高 外銷訂單952.6億美元年增59.4% 製造業生產指數年增24.34%；台灣在晶圓代工/IC設計/伺服器/散熱及關鍵零組件供應鏈重要性穩固 長期競爭優勢未因短期修正改變；近期跌勢反映槓桿資金調整及融資籌碼去化 籌碼沉澱後焦點可望回歸企業獲利能力；建議以中長期角度看待波動 聚焦具產業競爭力與獲利成長潛力之優質企業；來源udn 9662687
2026-08-01,花旗,外資,日月光投控(3711),半導體-封測(OSAT),買進(維持),750,前值600(+25.0%)；為7/31已收錄之外資彙整區間628~750元之券商具名化確認；Q2 ATM營收1261億元創歷史新高年增36% ATM毛利率27.3% 估2026Q4突破30%結構性天花板；Q2毛利率21%稅後淨利210億元季增49%年增180%；看好AI時代多年成長週期；已做個股摘要(彙整花旗/大摩/本土投顧)；來源technews 20260731 ase
2026-08-01,摩根士丹利(大摩),外資,日月光投控(3711),半導體-封測(OSAT),優於大盤(重申),628,前值558(+12.5%)；為7/31已收錄之外資彙整區間628~750元之券商具名化確認；認為日月光在先進封裝市場具議價能力 AI相關營收與獲利率雙升 評價仍具吸引力；2026資本支出由85億上修至105億美元約七成投入LEAP；2027 LEAP營收目標由55億大幅上修至至少75億美元；併入日月光摘要檔；來源technews 20260731 ase
2026-08-01,本土投顧(未具名),內資,日月光投控(3711),半導體-封測(OSAT),買進,685,前值未揭露；Q2合併營收1911億元季增10%年增26.7% 單季EPS 4.8元大幅優於預期；2026資本支出上修至105億美元其中65億直接用於先進封測設備；LEAP 2026營收貢獻上看35億美元 占比由2025年8%拉升至15%以上；估2026/2027 EPS分別挑戰18.72元與27.33元；以7/31漲停收盤555元計潛在上檔23.4%；併入日月光摘要檔；來源udn 9664558
2026-08-01,高盛(具名確認),外資,鴻勁(7769),半導體-測試設備(分選機),買進(維持),12500,數字與7/31早盤場次已收錄之美系外資A相同(前值12000 +4.2%) 本場次為經濟日報具名確認為高盛(分析師虞成敬)；在手訂單能見度直達2027年 重申2027產能再擴充50%；大陸客戶需求轉向高階分選機已不再拖累毛利率 大陸營收2026估年增60~80% 2027增幅逾100%；仍為外資圈最高；不另建摘要 併入7/31鴻勁摘要檔；來源udn 9663635
2026-08-01,花旗(具名確認),外資,鴻勁(7769),半導體-測試設備(分選機),買進(維持),11000,數字與7/31早盤場次已收錄之美系外資B相同(維持不變) 本場次為券商具名化確認；視鴻勁為AI測試市場TAM持續擴大之主要受惠者 預期2026H2出貨持續放量；不另建摘要 併入7/31鴻勁摘要檔；來源udn 9663635
2026-08-01,摩根士丹利(具名確認),外資,鴻勁(7769),半導體-測試設備(分選機),優於大盤(維持),10008,數字與7/31早盤場次已收錄之美系外資C相同(維持不變) 本場次為券商具名化確認 為三家最保守；同看好AI測試TAM擴大 2026H2出貨放量；不另建摘要 併入7/31鴻勁摘要檔；來源udn 9663635
2026-08-01,本土大型投顧(未具名),內資,全新(2455),光通訊-化合物半導體磊晶,買進,475,前值未揭露；上游磊晶大廠 顯著受惠CW Laser(連續波雷射)相關光元件需求大增；法人估全球800G以上高階光模組出貨量2026年達5500萬個 2027年翻倍至1.05億個；AI資料中心加速升級為核心驅動力；已做個股摘要；來源udn 9664373
2026-08-01,本土大型投顧(未具名),內資,環宇-KY(4991),光通訊-砷化鎵晶圓製造代工,買進,865,前值未揭露 報導稱大幅上調 為本場次調幅最顯著者；中游晶圓製造與代工 直接搭上CW Laser光元件成長浪潮；NPO/CPO交換機Port數估由2026年100萬個爆發成長至2028年1000萬個；接收端800G已大量出貨 未來1.6T與發射端產品有機會切入；規劃新竹設CW Laser後段產能有望打入CPO供應鏈；注意2025年EPS僅0.15元終結連五虧 獲利穩定度待驗證；已做個股摘要；來源udn 9664373
2026-08-01,本土大型投顧(未具名),內資,晶技(3042),石英元件-被動元件,買進,245,前值未揭露；光模組內DSP均需搭配高頻小型化石英振盪器(Oscillator)帶動出貨升溫；不論傳統插拔式模組/LPO或CPO架構均持續帶動需求 屬架構中性受惠者；為本場次光通訊三檔中本業基礎最成熟者；已做個股摘要；來源udn 9664373
2026-08-01,本土大型投顧(未具名),內資,源傑科技(7917),光通訊-矽基光引擎(興櫃),未給評等(看好),無,無評等無目標價不建個股摘要；聯鈞持股54.23%之小金雞 掌握自有MEMS製程矽基光引擎(SiP OE)與AOC技術；2024年因400G AOC大量出貨美系Hyperscaler轉虧為盈(稅後淨利4.27億元 EPS 6.38元)；800G產品預計2026年量產出貨；來源udn 9664373
2026-08-01,民營金控旗下投顧,內資,中鋼(2002),鋼鐵,買進,23,報告出具日7/31；與7/24本土法人23元一致 對照7/27國票投顧24元與華南投顧22.8元；時序進入用鋼淡季估8月盤價恐續跌 但美國鋼價穩升與淡季出貨優於去年兩理由下全年可望虧轉盈；估2026營收年增8.6%至3179億元 稅後純益82.7億元 EPS 0.53元 年底每股淨值19.3元；已做個股摘要；來源wantrich 20260801900005
2026-08-01,民營金控旗下投顧,內資,東和鋼鐵(2006),鋼鐵,買進,79,首次收錄；前6月營收299億元年減0.9% 稅後純益25.4億元年增16% EPS 3.48元；估2026全年營收587億元年增約1.5% 稅後純益48.3億元年增2.2% EPS 6.61元 為三檔鋼鐵股每股獲利最高者；目標價對應2026預估EPS約12倍本益比；已做個股摘要；來源wantrich 20260801900005
2026-08-01,民營金控旗下投顧,內資,豐興(2015),鋼鐵,買進,72,首次收錄；上半年營收140億元年減11%但稅後純益13.5億元年增18% EPS 2.32元 量縮價穩利差擴大；Q3淡季估稅後純益5.9億元 EPS 1.01元；估2026全年EPS 4.5元 年底每股淨值40.04元；目標價對應約16倍本益比與1.8倍PBR 三檔中相對不便宜；已做個股摘要；來源wantrich 20260801900005
2026-08-01,大型本國投顧(未具名),內資,亞德客-KY(1590),機械-氣動元件,調升目標價(評等未明示),待確認,新聞僅稱調升目標價未揭露數字故不建個股摘要；Q2 EPS 16.5元改寫單季歷史新高優於市場預期 主因氣動產品出貨強勁/線軌營收回溫/產能滿載；線軌產能利用率由Q1的30%升至Q2的40% 估年底攀升至50%；公司自身上修2026營收展望至年增20%以上；對照7/29 Factset共識1900元；來源udn 9662782
2026-08-01,法人(未具名),內資,新日興(3376),手機鉸鏈Hinge-機構件,未給評等,無,無評等無目標價不建個股摘要；為美系客戶(Q3將發表首款折疊機)Hinge供應商之一；折疊機Hinge為今年下半年至明年成長動能 估2027年手機Hinge營收比重達四成以上；分析師估2026 EPS成長至5.6元 較2025年的1.63元倍數成長；來源udn 9664798
2026-08-01,凱基投顧朱晏民/群益投顧蔡明彥/第一金投顧黃詣庭/台新投顧黃文清(4家彙整),內資,大盤策略,策略-大盤,無(大盤觀點),無,補收錄(原文8/1 00:44發布 8/1早盤場次未收錄)；震盪築底偏多；8月台股進入震盪築底 大盤預期於40000~45000點反覆整理；7/29-7/30在半年線前止跌回穩並留下影線 下檔支撐強勁 但月線季線以上套牢壓力不輕；朱晏民蔡明彥指台積電法說上修營收與資本支出展望後 市場預估台股2026年企業獲利成長率由40%上修至48% 2027年仍有23% 本波修正為健康的重新定價而非空頭市場開端；五大觀察關鍵=中東局勢/上市櫃7月營收及財報/MSCI季度調整/全球央行年會/輝達財報；風險=國際油價反彈 市場預期Fed 9月升息機率逾60% 30年美債殖利率飆至19年新高；正面訊號=微軟財報緩解AI支出疑慮 韓股槓桿保證金新制上路後SK海力士三星分別飆29.9%/26.8% 對沖基金Situational Awareness爆倉；無評等目標價不建個股摘要；來源udn 9663925
2026-08-02,輝達NVIDIA(資深副總裁Gilad Shainer)+集邦科技TrendForce,研調,光通訊產業(CPO/矽光子),產業消息/研調,無(產業消息),無,非券商為公司官方宣告加研調機構預估；Gilad Shainer於技術論壇宣告CPO開始量產 輝達與供應鏈合作開發之交換器已交貨給緊密合作客戶並在自家部署 預期今年可望看到大量具CPO技術交換器導入全球AI工廠；輝達量產前已提前布建光引擎OE/封裝/光纖陣列/客製化雷射光源等生態系投資 並將共同參與技術標準制定；未來光通訊最大商機在Scale-up 所需頻寬效能為Scale-out十倍以上；已在Spectrum-X先行導入CPO 目標搭配即將大規模部署之Vera Rubin平台(運算速度較GB300提升至少三倍)；Shainer亦與台積電共同開發COUPE矽光子封裝平台；TrendForce估CPO/NPO市場規模2030年突破390億美元 2028-2029年成長動能隨Scale-up導入光互連急遽增長；打破先前對光通訊規格升級疑慮(對照6月SemiAnalysis稱CPO遞延兩年至2028年)；為8/1已收錄光通訊三檔(全新2455/環宇-KY4991/晶技3042 本土大型投顧買進)提供佐證；無券商評等不建個股摘要；來源udn 9665202
2026-08-01,FactSet分析師共識(11位分析師),彙整,光寶科(2301),電源/電力電子,積極樂觀7/中立5/保守0,250,前值239(+4.6%)；8/1 10:10發布 早盤場次未收錄本場次補入；最高估值300元最低176元(下緣低於現價)；7/31漲停收209元 潛在上檔約19.6%；Q2稅後純益71.2億元EPS 3.14元年增1.26倍創單季新高 毛利率27% 上半年EPS 4.8元；全年AI營收占比可望突破三成 800V HVDC拚Q4出貨 已拿下北美兩大新CSP客戶；策略投資光通訊元件廠DenseLight最快2027H2貢獻營收；7/31外資回補超跌股買超金額第一；對照7/28法人280元與7/17凱基275元/統一240元 共識位於區間中段；已做個股摘要；來源cnyes 6555638
2026-08-01,FactSet分析師共識(7位分析師),彙整,中興電(1513),重電/電機機械,積極樂觀4/中立1,191,前值180(+6.11%)為本場次調幅最大者；首次收錄；8/1 10:10發布 早盤場次未收錄本場次補入；最高估值214元最低166元(下緣仍高於現價)；7/31收153.5元(+4.42%) 潛在上檔約24.4%；近5日-2.85% 電機機械族群近5日-5.13%弱於加權指數-1.23%；7/9除息6元 以153.5元計現金殖利率約3.9%；原文未揭露EPS預估與上修理由 評等分佈合計5位未達7位待確認；已做個股摘要；來源cnyes 6555639
2026-08-02,法人(未具名),內資,東典光電(6588),光通訊-薄膜濾光片,未給評等(短線價位觀點),107,首次收錄；非券商正式評等 為未具名法人短線價位 預期區間78~107元；7/31收89.1元(+10.0%) 潛在上檔約20.1%；上半年營收1.84億元年增132.45%已超越2025全年1.73億元；Q1毛利率翻正站上21.22% 6月自結單月EPS 0.22元由虧轉盈；400G/800G已切入AI基建 800G需求強勁挹注營收 1.6T持續送樣驗證；策略投資威力富科技切入三五族化合物半導體代工；上週漲9.33%周K連2紅 單周成交量3.5萬張較前週增近10倍籌碼浮動大；營收基期極小需留意；已做個股摘要；來源cnyes 6555898
2026-08-02,台新投顧(總經理黃文清)/安聯投信(蕭惠中)/施羅德投信(柯鴻旼)(3家彙整),內資,大盤策略,策略-大盤,無(大盤觀點),無,偏多但選中小型；台新黃文清=本波下跌主因技術面過度偏離與籌碼面健康修正 融資大幅減肥加上外資回補買盤加持 研判短線低點不易再破 大型權值股先前回檔相對抗跌後續反彈空間恐受限 建議優先關注修正較深基本面佳且7/31獲外資回頭加碼之中小型個股；16檔篩選條件=6/22歷史收盤新高以來跌幅大於大盤(大盤同期回落9.68%)且今年營收年增且7/31外資大舉買進 依買超金額排序為光寶科/華通/信驊/穩懋/雙鴻/宏碁/十銓/萬潤/東元等 集中AI相關概念股(自選股萬潤6187入列)；外資7/31回補675億元刷新全月單日買超紀錄 7月提款7380億元但資金流出多集中中小型股；安聯蕭惠中=焦點由Fed利率政策轉向企業獲利與AI投資趨勢 AI由概念驅動轉向基礎建設投資階段 半導體/伺服器/記憶體/高速傳輸核心供應鏈受惠；施羅德柯鴻旼=聚焦(1)通吃全球科技巨頭訂單且具最強定價能力之AI半導體龍頭(2)具競爭力AI零組件含散熱模組/電源供應/半導體測試介面/PCB-CCL/電子物料漲價族群/CPO；無個股評等目標價不建個股摘要；來源chinatimes 20260802000165
2026-08-02,公司訊息(無券商評等),－,鴻勁(7769),半導體-測試設備(分選機),無(公司訊息),無,無評等目標價不建個股摘要 併入既有鴻勁摘要對照；與美系大客戶合作之Insertion 4 OE光電同測設備已完成技術驗證(光學對準機構/插入損耗驗證/光學量測儀器建置) 10月起出貨 客戶量產後每月可交付20~30台；設備將送往以色列/台灣/美國實驗室進行工程驗證；CPO光電同測需整合自動化Handler+高階溫控+光學對準+ATE 單價明顯較高 新規格ASP至少提升20% 搭配大封裝與自動化系統者達20~25%；Q2已完成CPO專用高潔淨度實驗室 規劃至少兩個實驗室支援不同客戶與ATE平台；熱控開發目標由目前主流約3kW提高至2027-2028年10kW 可應用於CPO/CPU/GPU/TPU/ASIC測試；今年底產能吃緊部分需求排至2027Q1 2027年產能規劃再增50%；對照7/31-8/1已收錄高盛12500元/花旗11000元/大摩10008元；來源cnyes 6555018
2026-08-02,公司展望(無券商評等),－,PC三雄(宏碁2353/微星2377/華碩2357),PC品牌/地端AI,無(公司展望),無,無評等目標價不建個股摘要；宏碁=今年產品調漲高峰落在Q3 Q4價格可望趨穩 高單價致全年出貨台數估雙位數衰退但ASP大幅提升 台灣地區全年營收有機會持穩去年 Q4企業採購案啟動下商用PC出貨明顯優於上半年；微星=與輝達合作搭載高階晶片之RTX Spark地端AI裝置預計Q3底至Q4初上市 美國與中國訂單熱絡 首批備貨已銷售一空客戶追加訂單中；華碩=同列第一波RTX Spark品牌陣容 產品可協助重度使用者節省雲端資源費用 預期開放預購時可能供不應求；市調機構估Q2全球PC出貨年減4%終止成長 品牌廠普遍放棄價格競爭轉向提升ASP與優化產品組合並加速布局AI伺服器與地端AI；來源cnyes 6555475
2026-08-03,統一投顧(協理陳晏平),內資,大盤策略,策略-大盤,無(大盤觀點),無,技術性反彈偏審慎；指數站回5日10日線之上暫以技術性反彈視之 建議適度短打；美國PCE降溫加微軟創單日市值最大增量帶動費半強彈 亞馬遜財報盤後大漲；近期AI燒錢疑慮為殺盤主軸 台股技術面一度回測半年線 隨CSP大廠財報結束與密集法說公告 基本面下修疑慮將底定；融資減肥籌碼清洗有利後市 觀察季線反壓能否挑戰；外資期貨空單仍高須避免過度槓桿與追價 選股以流動性佳中大型AI權值股為主；長線追蹤族群=台積電及先進製程封裝/載板PCB/電源管理/機箱滑軌/機器人概念/特用化學/自行車；無評等目標價不建個股摘要；來源udn 9666351
2026-08-03,第一金投顧(協理黃奕銓),內資,大盤策略,策略-大盤,無(大盤觀點),無,偏多；中東地緣衝突下國際油價反彈有限；AI熱潮推升核心耐久財訂單續創歷史新高；7月以來台股已修正3000點 短線清洗投機浮額 跌深反彈行情有望延續；無評等目標價不建個股摘要；來源udn 9666351
2026-08-03,群益投顧(董事長蔡明彥),內資,大盤策略,策略-大盤,無(大盤觀點),無,8月整理機率高不追高；韓股7/31提高保證金並放話考慮再推限空令 全球去槓桿賣壓應已宣洩完畢 本周起回歸基本面；韓國兩大記憶體廠稱供應吃緊要到2028年才紓緩 60~70%產能已被AI大廠HBM綁定 今年底到明年Q1有部分產能開出 報價上攻動能減弱但不易大跌；美四大CSP僅臉書AI投資回報令市場失望 除微軟外均維持2027年AI投資高於今年 2027全球AI總投資上看1兆美元預期不變 台灣AI供應鏈到年底前業績無烏雲；陸月之暗面Kimi k3仍用輝達GB300訓練 威脅可控 官方28奈米DUV顯影設備對成熟製程廠威脅較大 但三星Intel有EUV仍難與台積電競爭；美30年期長債已升抵5%之上警戒區；半導體供不應求態勢短期最難逆轉 列為短線操作首選；無評等目標價不建個股摘要；來源udn 9666350
2026-08-03,凱基投信(投資長歐陽渭棠),內資,大盤策略,策略-大盤,無(大盤觀點),無,非券商為投信投資長觀點 中性偏多；加權指數最低點距6月歷史高點已回落逾18%；核心利空=大陸半導體自主化(長鑫科技上海STAR板掛牌首日大漲逾466% 募資約86億美元 躍居陸市值最高晶片股 相關競爭廠商單日重挫8~14%)及AI循環融資疑慮(傳輝達洽談逾7500億美元AI基建交易 並可能為OpenAI提供2500億美元租賃擔保與3500億美元晶片採購融資)；記憶體與AI硬體股自6月高點市值蒸發逾2兆美元；陸國企傳量產浸潤式DUV曝光機衝擊ASML；惟AI產業基本面未見反轉 CoWoS產能持續吃緊 美系CSP資本支出共識持續上修；建議嚴控現金部位 利用回檔分批布局AI供應鏈；無評等目標價不建個股摘要；來源udn 9666316
2026-08-03,台新投顧黃文清/華南投顧呂仁傑/永豐投顧曾信凱/元富投顧江浩農(4家彙整),內資,大盤策略,策略-大盤,無(大盤觀點),無,偏多逢低承接；台積電7/31亮燈漲停上漲9.98% 但台積電ADR於7/30及7/31分別上漲7.64%與0.23% 顯示現貨漲勢已超過ADR 惟無礙台股中期格局；法人指8月行情上漲機率高 季線低檔有守 若8/3走低反而是逢低撿便宜機會；台股若守穩5日線41665點與10日線42834點 將無礙中期反彈格局；關鍵在外資投信於7/31同步追買個股表現 合計逾2萬張者共12檔=凱基金2883/鴻海2317/台新新光金2887/長榮航2618/華航2610/合庫金5880/永豐金2890/元大金2885/緯創3231/仁寶2324/台積電2330/臺企銀2834；無評等目標價不建個股摘要；來源udn 9666537
2026-08-03,富邦/永豐/台新/統一(4家大型法人彙整),內資,大盤策略,策略-大盤,無(大盤觀點),無,震盪偏多；8月上半月行情仍趨震盪 但有三大理由支撐=(1)台積電中長線買進訊號浮現 (2)上市櫃公司第3季獲利有機會再寫新高 (3)輝達等AI巨頭有望釋出正向展望；盤勢整理後有望上攻45K大關；原文為付費文僅取得導言 後段是否含個股目標價待確認；無個股評等目標價不建個股摘要；來源udn 9666556
2026-08-02,元大投顧/永豐投顧(2家彙整),內資,大盤策略,策略-大盤,無(大盤觀點),無,中性；元大投顧=台股週級別修正尚未結束 修正4~6週後易有反彈 可望逐步接近短底；永豐投顧=7月回檔本質是乖離收斂 8月題材少盤勢易被籌碼面主導 8/26輝達財報為最大事件 另提醒油價與通膨黏著性風險；其餘為外資投信買賣超張數(0050/旺宏/廣達/力積電/京元電子/緯創等)屬籌碼統計；無評等目標價不建個股摘要；來源cnyes 6555893
2026-08-02,法人(未具名),內資,主題選股(華通2313/宇瞻8271/聯一光3441),策略-主題,無(操作建議),無,無評等無目標價不建個股摘要；受美伊衝突升溫/美債殖利率攀高/Google財報自由現金流轉負等利空影響引發科技股動盪 幸半年線發揮強勁支撐 技術面尚需時間震盪打底；操作建議保持適度資金彈性 反彈汰弱留強；看好低軌衛星(華通)/記憶體(宇瞻)/光學鏡頭(聯一光)三大題材增溫 相關個股可伺機加碼；原文為付費文僅取得導言 後段是否含目標價待確認；來源udn 9666432
2026-08-03,產業消息(無券商評等),－,Google TPU供應鏈(台積電2330/聯發科2454/鴻海2317/英業達2356),半導體-AI ASIC供應鏈,無(產業消息),無,無評等目標價不建個股摘要；Google 2028年TPU需求上看1500萬顆 超越輝達當前全年訂單規模1300萬顆 屆時以數量計將成全球最大AI運算晶片業者 法人指Google對TPU v9訂單規劃積極；台積電囊括TPU v9的2奈米製程訂單2028年投片量產為一大贏家；因輝達已提前包下台積電未來三年逾五成CoWoS產能並共同研發CoPoS Google僅搶下逾千萬顆CoWoS 其餘二三百萬顆TPU v9先進封裝委由英特爾EMIB-T；聯發科拿下TPU v9訂單可取得大筆委託設計費 以1500萬顆推算營運大進補；鴻海負責L6至L10/L11 TPU伺服器設計及代工組裝 英業達取得L10/L11伺服器機櫃設計代工；業界分析Google強化TPU應為自有模型推論需求 輝達AI平台仍負責大型模型運算；來源udn 9666533
2026-08-02,公司法說(無券商評等),－,聯發科(2454),IC設計-手機/AI ASIC,無(公司財測),無,無評等目標價不建個股摘要；上周五法說會三個上修數字=(1)全年美元營收成長由4月法說的中至高個位數百分比上修為高個位數百分比 (2)AI ASIC業務由原估今年Q4貢獻約20億美元營收 更新為2026年資料中心營收可望超過20億美元 (3)資料中心營收將在2027年加速成長 該年度可服務市場規模SAM達800億美元 市占率目標由上季預估10~15%提高為15~20%；另證實ASIC案件採用英特爾EMIB-T先進封裝；來源udn 9666087及9666042
2026-08-03,法人(未具名),內資,竑騰(7751),半導體-封裝設備(均熱片貼合/AOI),無(營收預估),無,無評等無目標價不建個股摘要 併入既有竑騰資料夾對照；受惠輝達新一代AI平台Rubin即將放量加上CoWoS後段封裝需求熱度不減 在手訂單能見度已看到明年；上半年合併營收13.5億元年增68% 在手訂單創高；近期承租新廠擴充組裝產能預計8月投入營運 組裝空間提升一倍；今年上半年接單量較去年同期倍增 下半年拉貨力道更勝上半年 法人預估全年營收有機會較去年倍增；供應輝達均熱片Heat Spreader貼合設備 切入封測廠OS段後段製程(點膠/植片/壓合/均熱片貼合) 材料除石墨烯也擴大至銦片；中長期加入日月光號召的AI先進測試基地 高雄仁武新廠力拚明年底投產 產能可再倍增；來源udn 9666306
2026-08-03,法人(未具名),內資,中興電(1513),重電/電機機械,無(營運看好),無,無評等無目標價不建個股摘要 對照8/1 FactSet共識191元；獲國內晶圓大廠認證之GIS氣體絕緣開關設備將於Q4開始出貨 法人看好高毛利產品比重提升帶動獲利能力改善 明年出貨力道更明顯；台電拉貨遞延效應逐步消除；在手訂單超過400億元 部分能見度延伸至2031年 今年新接單目標200~250億元；台電新增334億元配電系統五年升級計畫 市場預期2027年起進一步帶動重電設備採購；布局AI資料中心機電整合/空調備援/模組化機房；嘟嘟房約5~5.5萬個車位 活躍會員逾21萬人 規劃2027年掛牌上櫃；海外營收占比約5~10%；來源udn 9666339
2026-08-03,法人(未具名),內資,中磊(5388),網通-CPE/企業網通,無(獲利預估),無,無評等無目標價不建個股摘要 首次收錄；6月及第2季營收同創歷史新高；法人看好功率放大器及企業網通WiFi 7路由器等新產品下半年陸續出貨 助益下半年單季營收再寫新猷 獲利增幅更勝營收成長幅度；北美有線電視營運商為與電信商10G PON抗衡 將骨幹網路升級至DOCSIS 4.0並持續安裝功率放大器 DOCSIS 4.0纜線數據機亦將放量；企業端大量導入WiFi 7 北美行動業者以自家毫米波頻段切入企業市場 毫米波5G FWA新專案放量可望推升Q3營收續創新高；切入邊緣AI智慧監控裝置與DAA分散式局端設備；雖記憶體等零組件成本走揚但未影響需求 規格升級推升ASP；估全年營收成長47% 稅後純益成長逾六成；來源udn 9666296
2026-08-03,公司展望(無券商評等),－,背光模組三雄(瑞儀6176/中光電5371/達運6120),光電-背光模組,無(公司展望),無,無評等目標價不建個股摘要；瑞儀=因併購一次性激勵獎金約4億元侵蝕獲利 Q2 EPS降至0.52元為33季來新低 但上半年毛利率受惠產品結構優化改寫同期新高；雙引擎策略維持筆電與車載背光優勢外 重金投入奈米壓印與晶圓級光學元件平台 已取得軍工與醫療客戶實質進展 部分訂單今年底開始出貨 目標2028年新事業放量；中光電=子公司無人機整機業務估占今年營收逾九成 遙控器已取得認證標章並開始出貨 今年對國內大型新標案看法保守 加速布局美日鎖定非紅供應鏈 節能產品Q3電視及公眾顯示器進入備貨旺季 NB受記憶體及關鍵零組件供應吃緊漲價影響品牌客戶下單保守；達運=雙軸並進 轉投資新事業去年貢獻營收5% 今年初出售湖口部分廠房予力成旗下晶兆成科技17.8億元 處分利益11.36億元已於Q2認列；來源udn 9666307
2026-08-03,－(近24小時無新觀點),－,萬潤(6187),半導體-封裝自動化設備(自選股),無新評等,無新目標價,自選股本場次追蹤紀錄 非新觀點 不另建摘要；經10次以上搜尋確認8/2-8/3無任何新券商報告或評等調整見報；最近一次券商觀點為7/27=一家美系外資初評買進目標價1500元(先進封裝擴產/台美客戶次世代封裝需求/CPO為第二成長引擎 2026-2028半導體設備業務CAGR上看34% ROE看好升至30~40%) 另一家美系外資維持買進但目標價由1650元下修至1550元(股價自4月高點回檔逾29% CPO專案遞延疑慮已大致反映 萬潤CPO設備產出率領先同業 ASP至少還有約20%調漲空間)；註FTNN報導稱1550元為歐系瑞銀首評 與中時說法不一 出處待確認；7/28理財週刊法人估2026全年EPS 27.79元年增約80%；來源wantrich 20260727900217
2026-08-03,高盛(分析師虞成敬),外資,聯發科(2454),IC設計-手機/AI ASIC,買進(維持),7000,前值6800(+2.9%)；外資圈第二高僅次麥格理10000元；AI ASIC上升週期才剛開始 2026年ASIC營收微幅上調至22億美元 2027年在SAM 800億美元與市占率上調至15~20%帶動下大增至203億美元；ASIC占總營收比重2026年約10% 2027年躍升至48%；2028年公司未提供展望但估ASIC營收達525億美元 占總營收68%；8/3跳空漲停3910元(前一交易日3555元) 漲停買單逾4000張 貢獻大盤約194點；已做個股摘要(彙整高盛/花旗/滙豐)；來源udn 9668107
2026-08-03,花旗(分析師陳佳儀),外資,聯發科(2454),IC設計-手機/AI ASIC,買進(維持),6800,前值6055(+12.3%)；外資圈第三高；預期2027年起獲利出現爆炸式拐點 EPS由今年68.53元激增至133.87元 2028年再大增至260.38元；最大亮點仍集中AI領域 特別是雲端AI基礎建設與邊緣端代理型AI需求持續成長 再次確立AI ASIC為最重要長期成長動力之一；併入聯發科摘要檔；來源udn 9668107
2026-08-03,滙豐,外資,聯發科(2454),IC設計-手機/AI ASIC,中立(維持),4250,前值2605(+63.1%)為本場次調幅最大但評等最保守者；改採SOTP分拆組合估值法 分別給予AI ASIC 43倍與智慧型手機14倍本益比 反映營運重心已由傳統手機轉向AI ASIC；估AI ASIC今年營收約23億美元 Q4開始放量；維持中立三理由=(1)股價已部分反映明年CoWoS利多 (2)2028年來自英特爾EMIB的潛在成長空間待觀察 (3)HBM記憶體採購仍存不確定性；另指Google TPU自Zebrafish升級至Humufish後ASP由4000~5000美元提升至1.2~1.5萬美元 實際漲幅具變數 將成影響2028年ASIC營收預估關鍵；併入聯發科摘要檔；來源udn 9667022
2026-08-03,麥格理/美銀/瑞銀(轉述提及),外資,聯發科(2454),IC設計-手機/AI ASIC,買進或優於大盤,麥格理10000(外資圈最高) 美銀瑞銀待確認,新聞僅轉述提及未載明論點與調幅 數字待確認；同篇另提兩則未具名美系外資(6055→6800與6800→7000)數字與花旗高盛完全一致 研判為同一批報告未具名版本 未重複計數(來源udn 9667080)；併入聯發科摘要檔；來源udn 9668107
2026-08-03,摩根士丹利(大摩),外資,南亞科(2408),半導體-DRAM/記憶體,優於大盤,580,前值550(+5.5% 對照6/29大摩報告)；潛在漲幅85%；2026年EPS預估62.13元較2025年的2.36元激增25.32倍 2027年再升至112.32元年增80.78%；DDR4第3季可望維持逐月漲價 CSP願提高採購價格甚至有機會簽1~2年長約LTA；Q3單月漲幅有望逾20% 單季漲幅上看30%以上；產業結構性驅動=AI由大型模型訓練轉向以推理為主的代理式AI 推理請求由單次轉持續循環 記憶體產能滿載時點由2027年遞延至2028年 景氣循環拉長；8/3早盤即亮燈強鎖漲停至收盤 以85%漲幅回推收盤約313元(推算值)；原文未列任何下行風險；已做個股摘要；來源udn 9668043
2026-08-03,摩根大通(小摩),外資,華邦電(2344),半導體-利基型DRAM/Flash,優於大盤,360,前值未揭露；潛在漲幅151.7%為本場次最高；2026年EPS預估28.5元較2025年的9.2元大增約3.1倍 2027年上看60元年增1.1倍；受惠與南亞科相同之記憶體供不應求趨勢；對照6/29大摩曾給288元 3月間另有222元版本 小摩本次360元為目前市場相對積極估值；8/3早盤即亮燈強鎖漲停至收盤 以151.7%漲幅回推收盤約143元(推算值)；新聞未揭露舊目標價調幅與分析師姓名 屬外資報告轉述型即時新聞；已做個股摘要；來源udn 9668043
2026-08-03,摩根士丹利(大摩),外資,愛普*(6531),半導體-記憶體IC/矽智財設計,優於大盤(維持),1555,前值未揭露 對照7/8小摩1350元；潛在漲幅1.12倍(以8/3收盤733元計)；6月淨利3.27億元年增785%(約7.8倍) 單月EPS 2.01元年增784%優於預期；6月單月EPS即占大摩Q2 EPS預估值3.98元的51% 顯示Q2進度明顯超前；成長動能=S-SiCap矽電容市場結構性供不應求 加上邊緣AI帶動之VHM異質整合高頻寬記憶體商機；6月成果展現強勢定價提升能力為維持評等核心理由；8/3開低走高近午盤漲停鎖死收733元 KD低檔金叉；註股名帶星號為財報/公司治理特殊註記股；已做個股摘要；來源udn 9667986
2026-08-03,本土法人(多家彙整),內資,晶碩(6491),生技醫材-隱形眼鏡,偏多(維持),400~441,前值未揭露 對照7/28永豐372元與統一417元 區間整體上移；看好今年營收可望突破85億元 明年挑戰100億元；獲利今年賺逾2.5個股本 明年朝3個股本邁進；7月合併營收7.46億元年增17.42%創歷史單月次高(僅次2023年11月) 前七月47.46億元年增23.1%；上半年合併營收40億元年增24.2% 淨利10.17億元年增26.6% EPS 13.13元創歷年同期新高 Q2 EPS 7.07元為單季歷史次高；動能=日本需求穩健且客戶擴大採購/矽水膠新品放量/高階散光老花多焦點出貨增加；下半年為傳統旺季加新產能開出 營運可望優於上半年；8/7除息每股10.0051元；8/3早盤漲停356元站回5日月季線 距區間下緣400元上檔約12.4%；已做個股摘要；來源udn 9666975
2026-08-03,高盛(產業觀點),外資,PCB/ABF載板族群,PCB-載板,無(產業觀點),無,無個股評等目標價不建個股摘要；AI算力需求持續擴張 客製化晶片ASIC成長動能有望進一步超越GPU；ASIC放量將帶動PCB/ABF載板等關鍵零組件需求持續增溫；高階產品仍面臨良率與產能限制 相關供應鏈有望成為下一波市場關注重心；來源cnyes 6556925
2026-08-03,中國信託投信(經理人葉松炫)+法人(未具名),內資,PCB族群(欣興3037/景碩3189/台燿6274/聯茂6213/金居8358),PCB-載板,無(ETF產品觀點/族群觀察),無,非券商評等為投信ETF觀點加未具名法人族群觀察 不建個股摘要；高階載板產能利用率已接近滿載 供給維持吃緊 高階載板台日韓三地市占合計約九成；AI基礎建設需求短期未見明顯降溫；微軟亞馬遜財報優於預期使AI泡沫化疑慮緩解 先前遭錯殺之記憶體/ABF載板/PCB/被動元件強勁反彈 估值已回落至具吸引力水準 市場普遍認為最壞情況可能已過去；PCB族群漲勢相對落後具補漲邏輯；上列五檔8/3多檔攻上漲停(欣興865元+9.91%/景碩698元+9.92%/台燿1220元+9.91%/聯茂289元+9.89%/金居327.5元+9.90%)；中信台日韓PCB ETF 009828募集期8/17~8/20；來源cnyes 6556925
2026-08-03,富邦投顧(董事長陳奕光),內資,大盤策略,策略-大盤,無(大盤觀點),8月區間40000~45000點,偏多；八月五大利多=(1)台積電漲停確認多頭 歷史經驗台積電漲停後台股5/10/20日上漲機率均逾5成 (2)集中市場融資餘額減幅遠大於指數同期跌幅 籌碼清洗乾淨 (3)焦點回歸基本面 多數上市櫃Q2財報有望創單季新高 Q2 GDP成長率13.72% (4)軋空可期 外資自6/23高點以來賣超1.14兆元 自營商賣超約4343億元 (5)美CSP資本支出利空解讀告一段落且Fed利率會議結束；8/3須觀察7/31低點與5日線41610~41665點不能跌破 守住即短線買點；兩大觀察指標=新台幣匯率與外資現貨買賣超 外資單日賣超不再擴大至千億元以上較有利；全月研判N字型打底回升；註與早盤場次已收錄之udn 9666556彙整稿部分重疊 惟本則另提供指數區間與五大利多細節故獨立收錄；無個股評等目標價不建個股摘要；來源ctee 20260803700031
2026-08-03,台新投顧(總經理黃文清)+法人(未具名),內資,大盤策略,策略-大盤,無(大盤觀點),8月區間39000~46000點,偏多；依技術面表現與籌碼面沉澱加上外資回補持股 研判短線低點已現；8月初為財報利多發酵期 率先公布財報的企業往往表現優異；8月中旬進入Q2財報密集公布期 市場觀望情緒可能轉濃 將驗證企業獲利是否持續上修；月底焦點鎖定輝達最新財報與展望以確認AI基礎建設需求是否維持強勁；未具名法人風險提示=8/27~8/29 Jackson Hole全球央行年會Fed看法將牽動全球資金流向 續留意國際油價與總經數據；市場背景=加權指數7月重挫3006點 日線力守半年線39417點 7/31飆出歷史單日最大漲點後台指期夜盤拉回逾千點；富邦台新兩家8月區間重疊帶為40000~45000點；無個股評等目標價不建個股摘要；來源ctee 20260803700031
2026-08-03,公司訊息(無券商評等),－,盛群(6202),IC設計-微控制器MCU,無(公司展望),無,無評等目標價不建個股摘要 首次收錄；疫情後首次全面性調漲產品報價幅度約1~2成(先前3月僅針對低毛利專案調價) 成本壓力來自封裝廠本季可能第二三次調價與晶圓代工預告明年調升；Q2自結營收9.83億元年增14%季增19% 歸母淨利1.47億元年增5.63倍季增1.16倍 EPS 0.64元；上半年合併營收18.08億元年增12% 歸母淨利2.16億元年增92% EPS 0.94元；展望下半年優於上半年 Q3季增 Q4與Q3相當；新切入伺服器散熱風扇MCU打入電源供應器大廠供應鏈 力爭替代外商額度 效益明年逐漸發酵；安防產品線Q2出貨量創單季新高上半年年增逾30% 電磁爐產品線成長最明顯；8/3盤中奔漲停；來源udn 9667353
2026-08-03,權證專欄(市場預估 非券商評等),－,奇鋐(3017)/貿聯-KY(3665),散熱/線束連接器,無(權證操作建議),無,非券商個股評等為權證專欄不建個股摘要；全年輝達GB出貨量有望上看6萬櫃；奇鋐=伺服器加網通去年營收年增181.1% 市場預估今年該領域年增103% 為輝達GPU/CPU水冷板公板設計者 Vera Rubin系列Group A水冷板供貨比重約30% Group C於四大CSP約五成 已取得四大CSP的ASIC水冷板訂單下半年陸續出貨 Rack Manifold產能開出後四大CSP供貨比重可望提升至三成以上 市場預估Q3營收555.5億元季增13% 今年EPS有望大幅成長至94.8元；貿聯-KY=以9億美元併購Interplex(機殼機櫃Busbar機構件滑軌) Interplex可供應輝達單櫃產值高於貿聯2~3倍 去年單月平均營收約10億元 以貿聯6月營收84億元計合併後單月營收上看100億元 併購後HPC營收占比將達60~70%或更高；權證建議布局價內外5%內且距到期超過三個月者；來源udn 9666591
2026-08-03,－(近24小時無新觀點),－,萬潤(6187),半導體-封裝自動化設備(自選股),無新評等,無新目標價,自選股本場次追蹤紀錄 非新觀點 不另建摘要；經多次搜尋確認8/3全日無任何新券商報告或評等調整見報；最近一次券商觀點仍為7/27=一家美系外資初評買進目標價1500元(先進封裝擴產/台美客戶次世代封裝需求/CPO為第二成長引擎 2026-2028半導體設備業務CAGR上看34%) 另一家美系外資維持買進但目標價由1650元下修至1550元(股價自4月高點回檔逾29% CPO專案遞延疑慮已大致反映 萬潤CPO設備產出率領先同業 ASP至少還有約20%調漲空間)；註FTNN報導稱1550元為歐系瑞銀首評 與中時說法不一 出處待確認；來源wantrich 20260727900217
2026-08-04,元大投顧,內資,友達(2409),面板-顯示器/AI先進封裝轉型,持有-超越同業(維持),23.8,前值20(+19%)；補收錄7/31 11:15旺得富報導 先前場次未收錄；評價方法=2027年每股淨值19.86元×目標本淨比1.2倍 目前評價合理；3天賣2廠(分別售予廣達與日月光)估進帳176.7億元 2026年EPS由-0.21元上修至0.08元虧轉盈 2027年EPS上修0.4%至0.42元；Q2營收709億元季增2.7%年增2.4%優於預期2.3% 毛利率/營益率13%/0.3%較前季轉盈 EPS 0.18元 業外14億元(達運處分湖口廠予力成旗下晶兆成認列11.36億元)；產品組合面板/垂直場域/車用48%/19%/29%(Q1為49%/17%/29%)面板比重下降；產能利用率88-90%按需生產；規劃TGV/RDL/Glass Core試產線下半年建置(董事會通過新增86億資本支出含此) 惟成熟量產在2030年之後明顯貢獻2029年後初期占比低於5%；車用占比由31%上調至32%為2027EPS上修主因 Micro LED估2028年出貨車用客戶 已有Garmin手錶商品化實績；光通訊與光互連廠商合作初期以取代銅線Scale Up為主；2026營收下修1.1%至2792億元年減0.8% 2027營收下修1%；全球面板價格估Q3Q4均下跌 IT出貨下半年衰退因記憶體漲價影響NB訂價；注意EPS上修全來自業外一次性處分利益非本業改善；對照7/27大摩對友達玻璃基板態度最保守；已做個股摘要(元大凱基合併)；來源wantrich 20260731900191
2026-08-04,凱基投顧,內資,友達(2409),面板-顯示器/AI先進封裝轉型,持有(維持),23.6,前值15(+57%)為本場次調幅最大者；補收錄7/31 同篇報導；評價方法=相當於2026年股價淨值比1.2倍；與元大23.8元收斂於23.6-23.8元區間但推導年度不同(元大用2027年淨值 凱基用2026年)；保守理由=下半年消費電子需求面臨調整 面板報價預期7~9月將走跌 友達本業恐轉虧 AI布局及產品轉型需2-3年才可商品化；預估2026/2027年EPS各為-0.01元/0.31元 毛利率各12.5%/13.3%；兩家評等皆僅至持有等級 上修的是評價基準而非本業獲利預期；併入友達摘要檔；來源wantrich 20260731900191
2026-08-04,高盛(閉門會議),外資,台積電(2330),半導體-晶圓代工,未明示(閉門會議觀點),無(本則未列目標價),補收錄8/1 13:50鉅亨報導 先前僅收錄8/3簡短版cnyes 6556925 本則為完整版含台積電與聯發科細節；2027年先進製程及先進封裝漲價幅度由市場原估約5%上修至接近10% 若順利推動有望抵銷2奈米量產初期與海外晶圓廠擴產對毛利率的壓力 使2027年獲利能力優於市場預期；資本支出2026年已提高至600~640億美元 依供應鏈調查2027年可能進一步增至750~800億美元 顯示AI投資未降溫並帶動半導體設備進入新一輪景氣循環；以2027年預估本益比計台積電約16倍 相對高估值AI概念股仍具投資吸引力；投資氣氛轉保守兩大疑慮=CSP龐大AI資本支出能否持續與AI商業化速度 及美國利率政策不確定性；供應鏈風險提示=第三代CCL/輝達Rubin平台/Google專案將集中Q3末至Q4初大量拉貨 屆時零組件可能吃緊甚至影響AI伺服器交貨 Google供應鏈風險高於AWS及輝達；輝達Rubin運算板已傳出良率挑戰 反映主要PCB供應商高階HDI製程精度不足 Rubin採224G SerDes後續升級448G PCB可能成AI伺服器新瓶頸；ABF高階產能接近滿載 訂單轉往低階產能但良率偏低大幅增加產能消耗 低階ABF現貨價漲幅甚至可能超過長約報價的高階產品；中低階電子零組件漲價主因是廠商產能轉往高階MLCC及T-glass造成供給收縮 而非終端需求回溫 隨消費性電子旺季接近尾聲漲勢可能放緩；無明示評等目標價不建個股摘要；來源cnyes 6555691
2026-08-04,高盛(閉門會議),外資,聯發科(2454),IC設計-手機/AI ASIC,未明示(閉門會議觀點),無(本則未列目標價),補收錄8/1 同一份閉門會議紀要 與8/3已收錄之高盛買進7000元為不同來源不重複計數；AI ASIC將成未來兩年最大成長引擎甚至超越GPU；以Google TPU為例2027年出貨量預估較今年增加至少2~3倍；聯發科參與Google TPU專案後2027年AI ASIC出貨量有機會達400萬顆以上 相關業務營收占比可望接近公司總營收的一半；代號Humor Fish之新一代AI ASIC專案預計2027年底至2028年量產 因參與內容增加產品單價可望較現有專案提高3~4倍 市場因此看好2028年EPS有機會突破400元；以2027年預估本益比計聯發科約18倍；註Humor Fish與8/3滙豐報告提及之Humufish應為同一專案不同音譯 拼法待確認；無明示評等目標價不建個股摘要；來源cnyes 6555691
2026-08-04,瑞銀(高級亞洲及中國經濟分析師鄧維慎)+外資共識彙整,外資,台灣總經+外資共識9檔,策略-總經/選股,無(總經觀點),無,補收錄8/3 04:10工商時報 先前場次未收錄；瑞銀將台灣2026年GDP成長率預測由原先9.9%上調至11% 若實現將是台灣自1987年以來最快經濟成長速度 主因出口動能持續強勁/企業資本支出擴張/AI相關需求外溢效應逐步顯現；摩根大通研究發現韓股槓桿型ETF去槓桿已經完成 避險基金約已完成90%去槓桿 兩者槓桿已回到可接受水準；對應台股集中市場融資餘額由6313億元降至5074億元 7/31雖重新增加135.96億元但波段仍減肥2成；大盤融資維持率一度降至156% 過往經驗顯示短期修正行情中降至151%~157%時往往代表短期底部已接近；外資近期重申看好且共識度較高之科技股9檔=台光電2383/聯發科2454/台燿6274/日月光投控3711/欣興3037/頎邦6147/鴻勁7769/致茂2360/台達電2308；高盛與大和資本同步調升台光電股價預期 高盛賦予10200元(為外資喊出第六檔萬金股候選 該數字已於7/30收錄) 大和資本調升後數字未揭露待確認；無新個股目標價不建個股摘要；來源chinatimes 20260803000152 + 20260803001084
2026-08-04,華南投顧(董事長呂仁傑),內資,大盤策略,策略-大盤,無(大盤觀點),Q3 39000~45000點 Q4上看50000點,8/3 18:12發布 前一場次(19:19)未收錄；華南永昌證券8/3舉行2026下半年投資展望會；台股7月大回檔後短期要V型反彈並不容易 預估Q3在39000~45000點區間整理 Q4有望挑戰歷史高點48218點甚至50000點；Q4挑戰新高三前提=(1)Fed不升息(2)AI需求持續(3)Anthropic順利上市；近期量能萎縮至8000億元顯示投資人信心不足 最理想量能要回到1.2兆元才有利上攻；短期可能在季線與半年線之間整理 44000點以上為較大壓力區；韓股去槓桿應已完成七八成 對台股影響力將下滑 台股融資餘額減少1000多億元較健康；2倍槓桿ETF長期持有成本偏高較適合短期操作；Q3不是享受大多頭時期而是布局好時機 要注意買黑不買紅 積極型投資人資產配置最好股八債二 債券以追求配息為主而非資本利得 短天期債利率風險較低；影響股市最重要是利率 美10年期公債殖利率高達4.7% 若持續居高不下不但影響企業籌資也造成日圓持續弱勢；新神山群=封測/記憶體/被動元件/探針卡/電源管理IC；無個股評等目標價不建個股摘要；來源udn 9668205
2026-08-04,－(近24小時無新觀點),－,萬潤(6187),半導體-封裝自動化設備(自選股),無新評等,無新目標價,自選股本場次追蹤紀錄 非新觀點 不另建摘要；經多次搜尋確認8/3盤後至8/4開盤前無任何新券商報告或評等調整見報；最近一次券商觀點仍為7/27=一家美系外資初評買進目標價1500元(先進封裝擴產/台美客戶次世代封裝需求/CPO為第二成長引擎 2026-2028半導體設備業務CAGR上看34%) 另一家美系外資維持買進但目標價由1650元下修至1550元(CPO專案遞延疑慮已大致反映 萬潤CPO設備產出率領先同業 ASP至少還有約20%調漲空間)；註FTNN報導稱1550元為歐系瑞銀首評 與中時說法不一 出處待確認；來源wantrich 20260727900217
2026-08-04,證交所/櫃買中心(制度變革 非券商觀點),－,市場制度,制度-交易規則,無(制度公告),無,非券商觀點 列為操作環境註記 不建個股摘要；證交所與櫃買中心8/3宣布修正注意股與處置股制度三大變革 新制8/10上路=(1)處置期間縮短(天數減半)(2)處置期間撮合交易時間由5分鐘縮短為2分鐘(3)千金股列注意股之價差門檻放大(市場稱台積電條款)；券商公會理事長陳俊宏肯定主管機關短期做出反應 未來與國際制度更貼近有助壯大資本市場 個股當沖占比盼下回檢討；影響近期高波動個股流動性與當沖環境；來源udn 9668702 + 9668143
2026-08-04,高盛,外資,景碩(3189),PCB-IC載板/ABF・BT,買進(重申),1125,前值1120(+0.4%)；潛在漲幅約46.7%(對8/4收盤767元)；次世代AI產品需求強勁 封裝尺寸與層數持續增加 高盛不排除2027~2028年ABF載板供不應求；景碩法說目標拿下Vera CPU載板100%市占 AI GPU載板市占未來幾季提升至20% AI業務占營收比重由今年約10%提升至2027年15~20%；估Q3Q4 ABF與BT載板均價各季增約8% ABF漲勢優於BT(高盛先前看法為BT較強 本次逆轉) 帶動營收連兩季成長約10% 毛利率提升至27~29%；長線即使不計ABF漲價 2027/2028年營收仍估每年成長30%以上 毛利率連兩年各提升約5個百分點；分3年投入196億元擴新廠設備由核心客戶投資支應 高盛估未來3年客戶投入ABF設備逾800億元 2029年底前ABF月產能倍增至8000萬顆；上調2027~2029年獲利各5%/10%/10%；Q2營收124.96億元季增12.5%年增30.7%創高 毛利率26.1% EPS 2.57元 上半年EPS 3.74元已超越去年全年3.51元；8/4連3根漲停收767元收復月線 外資由賣轉買單日買超974張；已做個股摘要；來源ctee 20260804701043 + udn money 9669608
2026-08-04,本土法人(原文未具名投顧),內資,光寶科(2301),電源供應器/AI資料中心電力,買進,370,前值300(+23.3%)為8家本土法人中最樂觀者；8家評等分布=強力買進2家/買進4家/增加持股1家/區間操作1家 目標價區間158~370元 分歧極大；估今明年EPS 11.7元與18.9元 年增76%與62%；50V/500kW Power Rack毛利率超過35%為推升獲利重要動能；今年AI相關營收可望達970億元年增196%占比42% 明年上看2172億元年增124%占比有機會提升至60%；新產品110kW Power Shelf/BBU/800V HVDC Power Rack/D2D Brick下半年才進入驗證與量產 量產時程與客戶認證為變數；資本支出由130億元上修至180億元 高雄二期Q3與越南廣寧廠Q4投入量產；Q2稅後純益71.16億元年增126% EPS 3.14元創單季新高 上半年EPS 4.8元；8/4連3天漲停4日大漲逾36% 盤中爆量6.1萬張；註最樂觀投顧名稱原文未揭露；已做個股摘要；來源ctee 20260804700773 + 20260804700182
2026-08-04,本土法人(原文未具名),內資,聯發科(2454),IC設計-手機/AI ASIC,強力買進(由買進上修),5625,前值未揭露；法人指2028年下一代晶片開始貢獻營收後 AI ASIC相關營收由先前8000~9000億元進一步上調至1.1兆元；看好2027~2028年間AI相關營收比重將正式超越手機業務；因近期大盤大幅回檔提供更具吸引力潛在漲幅空間故上修評等至強力買進；對照8/3已收錄外資=高盛買進7000元/花旗買進6800元/滙豐中立4250元/麥格理10000元最高 本土法人5625元位於外資區間下緣；8/4開高走低收3865元跌1.15%；註本則為權證專欄轉述之法人觀點 券商名稱與舊目標價未具名；已做個股摘要(併入)；來源ctee 20260804700284
2026-08-04,花旗(分析師陳佳儀),外資,台灣半導體產業6檔(台積電2330/聯電2303/日月光投控3711/台達電2308/聯發科2454/創意3443),半導體-產業報告,買進(六檔全數),本則未列個別目標價,產業報告未列個別目標價故不另建六份個股摘要 已將聯發科段落併入聯發科摘要；供應鏈紛紛上調展望並加大資本支出 2027年AI需求能見度顯著提升 AI基建投資仍處多年擴張周期早期；台積電CoWoS產能持續售罄；聯電矽光子與先進封裝未來幾年總投資達50億美元；台達電2026年AI相關營收占比將達25%；聯發科已將AI ASIC營收目標上調至120~160億美元；創意CPU業務明年翻倍 營收貢獻2026/2027年分別達30%/50%；來源udn 9670358
2026-08-04,法人(原文未具名),內資,鴻勁(7769),半導體-測試設備,買進(維持),7000,前值未揭露；潛在漲幅約9.0%(對8/3收盤6425元)上檔空間有限；已完成與美系大客戶合作開發的Insertion 4 OE設備 相較傳統半導體測試設備不僅機台需求量增加 單價增幅更可達20~25%；預計第四季開始出貨 若客戶正式進入量產公司每月可交付20~30台；今年下半年產能將增加45% 2027年預期可再擴充50%以上產能；法人認為產業長線需求明確 鴻勁具市場獨占性與產業深厚護城河故維持買進；8/3跳空大漲3.96%收6425元收復月線；亦名列8/3外資共識看好9檔名單；註本則為權證專欄轉述 券商名稱未具名；已做個股摘要；來源ctee 20260804700284
2026-08-04,法人(未具名),內資,川湖(2059),AI伺服器機構件-滑軌,無評等(獲利上修),本則未列目標價,無評等與目標價不建個股摘要；受惠NVIDIA VR機櫃與AMD MI455 Helios雙寬機櫃放量 VR滑軌ASP較GB300再提升逾一成；美五大CSP 2026年資本支出估年增89%；法人將2026年營收預估上修至390億元年增124%；2026/2027年EPS上修至約239.03元/341.66元 年增132%/43%；毛利率維持75~80% GB/VR/ASIC機櫃滑軌市占均逾80%；8/4股價漲停9495元創新高 為13檔亮燈千金股之一；來源udn money 9669723
2026-08-04,多家外資(未具名),外資,國巨*(2327),被動元件-MLCC,正向,千元以上(數字待確認),無具體券商名稱與新舊目標價不建個股摘要；股價自高點腰斬後多家外資仍維持正向看法 理由為AI與高階產品需求增溫加上被動元件景氣回升；原文為經濟日報付費內容僅前言可讀 個別券商名稱與新舊目標價無法取得 數字待確認；對照7/30已收錄之高盛1490→1280元與花旗1500→1450元下調 本則說法方向相反 建議以正式報告為準；來源udn money 9670344
2026-08-04,永誠國際投顧(投資總監陳威良),內資,國巨*(2327)與禾伸堂(3026),被動元件-MLCC,技術面反彈目標(非正式評等),國巨750元/禾伸堂656~657元,非正式券商評等為節目黃金切割率技術面推算 不建個股摘要；國巨以0.382黃金切割率推算第一波反彈目標約750元(季線附近) 距前高1220元仍有不小差距 8/4續漲逾5%(此前連兩根漲停)；主動式ETF 00981A持有國巨25437張成本價463.3元 今年1~7月皆站買方 因成本夠低故一張不賣；禾伸堂與國巨有比價空間 投信持續加碼 0.382反彈幅度落在季線656~657元 惟處置時間延長為流動性風險；分析師陳唯泰指信昌電6173清洗浮額後相對持穩 華新科2492已回到半年線及年線附近；原文明示不要期待一口氣站回千元；來源ctee 20260804701014
2026-08-04,康和證券(投資總監廖繼弘)+永豐投顧(總經理黃柏棠)+凱基投顧,內資,大盤策略,策略-大盤,無(大盤觀點),壓力45000~46000點 最佳情境42000~45000點震盪,無個股評等目標價不建個股摘要；康和廖繼弘=台股處於短線反彈中期觀察階段 轉為中期多頭需三大要件(月均量回到1.2兆元/月線同步翻揚/周KD交叉向上且開口放大) 否則以震盪擴底為主 45000點有大量套牢賣壓 12日RSI於8/3回升至48接近轉強門檻；永豐黃柏棠=中長線回歸評價與基本面 台積電高階製程與AI訂單能見度佳2027年成長動能持續 風險為美國10年期公債殖利率若升破5%將壓縮反彈空間；凱基投顧=月線維持下彎形成上檔沉重蓋頭反壓 大盤不易一次性越過月線 短線先轉震盪整理再伺機帶量上攻 只要守住7/31長紅低點41610點則跌深反彈不至轉弱；同篇華南投顧呂仁傑Q3 39000~45000點觀點已於前場次收錄不重複計數；來源ctee 20260804700075 + 20260804700066
2026-08-04,TrendForce(研調機構 非券商評等),－,AI伺服器/CSP資本支出/DRAM產業,產業-研調數據,無(研調數據),無,非券商評等不建個股摘要；全球前九大CSP 2026年度資本支出總額估突破8867億美元年增約90% 2027年再年增49%擴大至突破1.3兆美元 北美五大(Google/Amazon/Meta/Microsoft/Oracle)合計占比近九成 四大中系CSP今年資本支出合計年增亦逾80%；2026全年AI伺服器出貨增幅上調逾兩個百分點至近31%；Q3全球伺服器出貨首破500萬台季增2.8%增速放緩(受記憶體供應吃緊影響)；DRAM第3季合約價估漲20~25% 第4季再漲15~20% 2026年供需位元差距約負1%~負2% 缺貨最嚴峻期可能落在2027上半年 最快2028年才能形成具規模位元產出；風險=資本支出大增使亞馬遜與Google自由現金流甚至轉為負值 市場對投資回收期與資金壓力疑慮升高；另五大CSP今年資本支出合計7951億美元年增77% 法人受惠名單為奇鋐/富世達/健策/台達電/光寶科/金像電；來源ctee 20260804700179 + 20260804700182 + 20260804700210
2026-08-04,美系外資(8/4轉述 與8/3同批報告),外資,南亞科(2408)與華邦電(2344),半導體-記憶體,優於大盤,南亞科580/華邦電360,重複確認不重複計數；8/4 10:57報導之數字與8/3已收錄之大摩(南亞科580元)與小摩(華邦電360元)完全一致 研判為同一批報告轉述版本；新增資訊=美系外資預估DDR4第3季合約價單季漲幅可望超過30%；AI由訓練轉推理使記憶體需求由一次性運算轉為持續消耗 供需吃緊延後至2028年；籌碼面華邦電8/3獲外資買超2.6萬張為外資買超前十大中唯一個股；華邦電8/4攻漲停並收復月線 周四盤後將舉行法說；不另建個股摘要；來源udn 9669322
2026-08-04,－(近24小時無新觀點),－,萬潤(6187),半導體-封裝自動化設備(自選股),無新評等,無新目標價,自選股本場次追蹤紀錄 非新觀點 不另建摘要；經多次搜尋確認8/4全日無任何新券商報告或評等調整見報；8/4盤前報導提及CoPoS預期2026年進入商業化驗證/2028年開始邁向量產 法人點名弘塑與萬潤與均華可望率先受惠(產業消息 未附評等或目標價)；最近一次券商觀點仍為7/27=一家美系外資初評買進目標價1500元(先進封裝擴產/台美客戶次世代封裝需求/CPO為第二成長引擎 2026-2028半導體設備業務CAGR上看34%) 另一家美系外資維持買進但目標價由1650元下修至1550元(CPO專案遞延疑慮已大致反映 萬潤CPO設備產出率領先同業 ASP至少還有約20%調漲空間)；註FTNN報導稱1550元為歐系瑞銀首評 與中時說法不一 出處待確認；來源ctee 20260804700433 + wantrich 20260727900217
2026-08-05,麥格理,外資,聯電(2303),半導體-晶圓代工(成熟製程/矽光子/AI電源IC),正向,258,前值未揭露 為外資圈最高；Q2財報後內外資看好共識度攀升至過往新高；聯電透過矽光子與AI電源IC等特殊製程切入AI供應鏈 矽光子與先進封裝展望更加明確；花旗野村廣發大摩瑞銀麥格理全部給予正向評等；樂觀股價預期突破2字頭以麥格理258元與瑞銀230元最耀眼；本則新聞未揭露各家舊目標價與分析師姓名 調幅待確認；已做個股摘要(外資彙整)；來源ctee 20260805700065
2026-08-05,瑞銀,外資,聯電(2303),半導體-晶圓代工(成熟製程/矽光子/AI電源IC),正向,230,前值未揭露 與麥格理同列外資圈最樂觀兩家；升評理由同為矽光子與先進封裝展望更明確；併入聯電摘要檔；來源ctee 20260805700065
2026-08-05,中信投顧+金控旗下投顧,內資,聯電(2303),半導體-晶圓代工,買進(升評),本則未列目標價,內資同步升評至買進 理由為矽光子先進封裝展望更加明確；聯電名列花旗半導體五天王(台積電2330/聯電2303/日月光投控3711/聯發科2454/創意3443)；併入聯電摘要檔；來源ctee 20260805700065
2026-08-05,花旗環球,外資,頎邦(6147),半導體-驅動IC封測(DDIC/LPO/矽光子),買進,230,前值未揭露(逆勢調升)；Q2毛利率大增6.8個百分點至30.3% 完勝市場預期且為後疫情時期首見 花旗盛讚毛利率回溫速度優於預期；OLED面板驅動IC需求變佳帶動產能利用率上升 Q2營收季增15%；LPO業務Q2開始放量 預期需求Q3起逐步升溫 研判新進入者南茂仍需幾個季度才能追上 LPO市場仍處發展初期客戶尋求第二供應商相當自然 市場對競爭憂慮已反應過度 LPO有助提升整體毛利率；已做個股摘要；來源ctee 20260805700233
2026-08-05,瑞銀(分析師蘇厚合),外資,頎邦(6147),半導體-驅動IC封測(DDIC/LPO/矽光子),買進(維持),290,前值340(-14.7%) 仍為外資圈最高；Q3受惠OLED iPhone DDI季節性需求與矽光子業務放量 加上TV/IT終端客戶趕在晶圓代工漲價前拉貨DDIC 單季營收可望季增7%；Q2針對產品漲價10%後價格依舊高檔不墜 若供需進一步吃緊不排除還會再漲價；矽光子業務Q3營收可望季增30% 隨客戶200G/lane跨阻放大器TIA放量營收占比將達6% 毛利率較佳項目占比提升帶動Q3毛利率再進步；下修目標價主因近期封測與光學族群本益比遭市場壓縮 調降目標本益比 屬評價面而非基本面轉弱；8/4收144.5元漲6.64% 股價自高點回檔約6成 融資餘額由近6萬張腰斬一半籌碼沉澱 距290元潛在漲幅達1倍；併入頎邦摘要檔；來源ctee 20260805700233
2026-08-05,凱基投顧,內資,南亞科(2408),半導體-DRAM/記憶體,增持,720,前值未揭露 為目前已收錄市場最高 較8/3大摩580元高24%；南亞科已取代韓廠成為DDR4漲價主導者 Q3 DDR4 8Gb合約價結構為南亞科(>30美元)>華邦電(25~28美元)>韓廠；大型長約LTA本季陸續換約將推升Blended ASP；7月營收438.67億元月增49.27%年增719.61%超預期；推估2026~2028年EPS 75.1元/130.6元/203.6元 列為記憶體類股首選；已做個股摘要(凱基群益合併)；來源wantrich 20260805900003
2026-08-05,群益投顧,內資,南亞科(2408),半導體-DRAM/記憶體,買進,556,前值未揭露 與凱基720元落差164元 差異主要來自EPS假設(群益61.84元vs凱基75.1元)；估全年EPS 61.84元 Q3Q4毛利率維持高點；DRAM大廠資本支出轉向HBM與DDR5壓縮DDR4供給 南亞科成DDR4最大供應商 支撐下半年DDR4價格有20%以上漲幅；併入南亞科摘要檔；來源wantrich 20260805900003
2026-08-05,群益投顧(券商歸屬待確認),內資,十銓(4967),記憶體模組,買進,本則未列目標價,與南亞科同篇報導；CSP大量採購鎖產能 預期漲價潮至少延伸至2027年以後；單季EPS 27元創歷史新高(所屬季別待確認 對照8/4已收錄工商時報報導十銓Q2獲利年增逾200倍)；模組廠獲利對記憶體價格高度敏感 庫存增值效應在價格反轉時將轉為跌價損失；已做個股摘要(資訊有限)；來源wantrich 20260805900003
2026-08-05,元大投顧,內資,全新(2455),化合物半導體-砷化鎵/磷化銦磊晶(光通訊/手機PA),買進(維持),430,前值475(-9.5%)；下修主因手機受記憶體排擠 PA成長率由13%下修至11% 今明兩年EPS下修至5.55元/8.55元 參考本益比由55倍降至50倍；正面因子=大陸InP基板5月底7月底分別通過審批缺貨暫緩解 100G PD已自5月出貨 2027年光電子業務占比可望達53%超越微電子 MOCVD擴產由5台增至7台；方向矛盾提醒=同日8/4輝達宣告CPO進入量產 全新與穩懋/IET-KY/華星光/環宇-KY等9檔光通訊股齊奔漲停 評等維持買進下修的是評價基準與手機業務假設；已做個股摘要(元大永豐合併)；來源wantrich 20260805900002 + ftnn 567151
2026-08-05,永豐投顧,內資,全新(2455),化合物半導體-砷化鎵/磷化銦磊晶(光通訊/手機PA),買進(維持),373,前值466(-20%)為本場次下修幅度最大者；手機PA進入下行循環 Q2毛利率低於預期 下修營收與獲利 今明兩年EPS由5.94元/8.97元下修至5.00元/7.45元；與元大對明年EPS看法差距約13%(8.55 vs 7.45)；併入全新摘要檔；來源wantrich 20260805900002
2026-08-05,本土法人(未具名),內資,昇達科(3491),通訊網路-低軌衛星微波/毫米波元件,買進(維持),1900,前值未揭露；SpaceX Starlink V3衛星單顆容量由V2的96Gbps跳升至1024Gbps(逾10倍) 單次載運由27顆增至60顆 等同單次發射總容量放大逾20倍；SpaceX 7月初已向FCC申請部署10萬顆V3衛星；7月中宣布以不高於17億元取得巨頻科技約55%股權 8月完成交割；預估2026/2027營收44.34億元(+80.8%)/78.07億元(+76.1%)；EPS微幅調降至19.08元/42.17元 本益比由50倍下調至明年約25倍(改以2027年獲利為評價基礎)；風險=評價已預先計入明年高成長 客戶集中度高綁定SpaceX；已做個股摘要；來源ftnn 567156
2026-08-05,本土大型投顧(未具名),內資,台燿(6274),電子零組件-銅箔基板CCL(高階M8/M9),買進(維持),1600,前值未揭露；評價落差提醒=對照7/31已收錄高盛2860→3010元 內外資差距近一倍為目前追蹤名單分歧最大者之一；Q2營收143億元(季增42.2%年增110.9%) 稅後純益23.4億元(年增259.4%) EPS 8.02元 毛利率季增4.6個百分點至29.7%優於預期；美系網通客戶升級至M8/M9高階CCL；2026-2028產能規劃260/380/530萬張；估Q3Q4營收163.9億元/184.3億元 EPS 10.92元/13.04元；泰國新廠仍虧損；已做個股摘要；來源ftnn 567139
2026-08-05,大和資本證券,外資,聯發科(2454),IC設計-手機/AI ASIC,買進(升評),本則未列目標價,法說會報喜後升評買進 加入大摩高盛等外資多頭陣營 目前僅滙豐維持中立；花旗指聯發科AI晶片布局已不再侷限智慧機 進一步延伸至邊緣AI與企業運算 AI ASIC營收目標已上調至120~160億美元；聯發科名列花旗半導體五天王；已做個股摘要(大和+本土投顧合併)；來源ctee 20260805700065
2026-08-05,本土投顧(未具名),內資,聯發科(2454),IC設計-手機/AI ASIC,買進,5400,前值未揭露；Q3手機業務營收恐持平或下滑 但智慧裝置平台營收可望季增中高個位數 帶動整體營收維持成長優於市場預期 顯示成長動能已由手機轉向非手機平台；註與8/4已收錄之本土法人5625元數字不同 研判為不同家本土投顧 兩者券商名稱皆未具名；目標價光譜=麥格理10000>高盛7000>花旗6800>本土法人5625>本土投顧5400>滙豐4250 離散度極大；併入聯發科摘要檔；來源ftnn 567035
2026-08-05,花旗環球(研究部主管陳佳儀),外資,半導體五天王(台積電2330/聯電2303/日月光投控3711/聯發科2454/創意3443),半導體-產業報告,五檔全數正向,本則未列個別目標價,重複確認不重複計數；與8/4已收錄之花旗六檔產業報告為同一份研究 本則版本為半導體五天王未含台達電；新增資訊=AI基建投資仍處擴張初期 未來受惠範圍將由運算領域逐步擴大至網路電源等相關領域 聯電開始透過矽光子與AI電源IC等特殊製程切入AI供應鏈；不另建六份個股摘要 聯電與聯發科段落已併入各自摘要；來源ctee 20260805700065 + 20260805700437
2026-08-05,富邦投顧(董事長陳奕光)+華南投顧(董事長呂仁傑),內資,大盤策略,策略-大盤,無(大盤觀點),壓力43785(月線)~44142(季線) 支撐41967(5日線)~41610(7/31低點),無個股評等目標價不建個股摘要；8月延續大震盪以N字走勢打底 操作短線區間因應長線乘勢布局=彈至壓力區減碼中小型股 回測支撐區站買方；陳奕光9月五大利多=(1)景氣首顆紅燈後第9個月易見高點(2)周KD降至20以下後第5~8周通常帶動15%漲幅目前已第6周(3)創天量後續漲3.8個月漲幅約17.4%(台股5/29創天量)(4)美國大選前40天上漲機率逾8成(5)8月中Q2財報與9月中8月營收接力反應Q3展望；資產配置積極型股80%債20% 穩健型股55%債45%；呂仁傑=關鍵在Fed 9月不升息 目前市場預估升息機率超過5成 其研判下半年利率維持不變明年上半年有望降息；來源ctee 20260805700228
2026-08-05,工商時報證券投資總監廖繼弘(專欄)+玉山投顧(總經理陳正偉),內資,大盤策略,策略-大盤,無(大盤觀點),短線42000~45000點震盪 月均量須回升至1.2兆元 日成交金額須站上1.3兆元,無個股評等目標價不建個股摘要；廖繼弘=半導體修正是去槓桿而非基本面惡化 微軟亞馬遜雲端財報證明AI資本支出開始有回報且兩者9周KD值領先交叉向上可作AI基建輪動領先觀察指標；周K線留下3734點超長下影線 12周RSI守50以上 月RSI在70以上 9月KD仍在80以上高檔鈍化 但月線扣抵走低至季線下且9周KD向下；6/26低點44454點以上套牢壓力大 當時月均量約1.4兆元目前縮至1兆元上下；短線只搶跌深反彈(被動元件/矽晶圓/功率元件) 中期選守季線且9周KD低檔交叉向上的AI股(CCL-ABF/散熱/光通訊/記憶體)；陳正偉=投信連30日買超累計3584.2億元 持股比率攀升至5.38%歷史新高 外資近三日買超426.31億元；15檔雙資加碼股=鴻海/南亞科/緯創/華碩/華邦電/奇鋐/中信金/創意/凱基金/元大金/信驊/國泰金/群聯/新代/景碩；須觀察AI六大族群(封測/記憶體/CCL-ABF/光通訊/散熱/被動元件)是否同步轉強；來源ctee 20260805700241 + 20260805700236
2026-08-05,輝達/產業訊息(無券商評等),－,光通訊CPO族群(穩懋3105/全新2455/環宇-KY4991/華星光4979/IET-KY4971),光通訊-CPO,無(產業訊息),無,無券商評等目標價不建個股摘要；輝達宣告共同封裝光學CPO已進入量產階段 與供應鏈合作開發之交換器已開始交付核心客戶 業界預期今年下半年將有大量搭載CPO技術交換器導入全球AI工廠；輝達點名未來光通訊最大商機在垂直擴充Scale-up 所需頻寬效能為水平擴充Scale-out的10倍；市場分析2026~2027年仍是技術驗證良率提升及供應鏈整合關鍵期 預計2028年起才有望正式放量；法人估2027年光引擎出貨量將達數百萬至千萬級 上游磊晶雷射至中下游封裝光纖陣列均可望受惠；8/4全新/穩懋/IET-KY/華星光/環宇-KY/波若威/光聖/統新/聯亞等9檔齊奔漲停；Lumentum示警磷化銦InP供不應求 台廠訂單滿手卻無貨可出 全新已取得AXT基板料源預期Q3營收大幅跳增；來源ctee 20260805700231
2026-08-05,公司法說(無券商評等),－,世界先進(5347)與環球晶(6488),半導體-晶圓代工/矽晶圓,無(公司展望),無,無券商評等目標價不建個股摘要 首次收錄；世界先進董事長方略8/4法說=AI並非短期景氣循環而是不可逆的結構性成長 預估至少到2027年市場仍將維持供不應求 公司也將持續處於供不應求狀態 已開始與客戶協商2027年價格方案預估調整幅度不會比2026年小；環球晶董事長徐秀蘭=既有12吋8吋及6吋矽晶圓產線幾乎全面滿載 義大利Novara廠火災可能影響Q3營收將透過全球產能調度生產轉移及供應鏈協調降低衝擊 隨德州GWA/Novara新增12吋產線及SOI等高階產品逐步放量 預期自2027年起營收與獲利將出現更具意義的成長；截至本場次兩檔均無券商評等或目標價見報；來源ctee 20260805700437 + 20260805700098 + 20260805700101
2026-08-05,研調機構/市場數據(非券商評等),－,記憶體產業/緯創3231/市場制度,產業-研調數據,無(研調數據),無,非券商評等不建個股摘要；DRAM與NAND 7月價格攀升至歷史新高 分析師示警PC端DRAM價格Q3可能再漲高達20%；研調指輝達正評估下調Rubin Ultra的HBM配置(細節待確認)；緯創Q2稅後純益148.27億元EPS 4.72元 上半年244.58億元EPS 7.78元均創新高 無新券商目標價見報；金管會證期局副局長黃仲豪8/4表示擬推出融資資訊儀表板揭露融資餘額/維持率/借券賣出占比/券商不限用途借貸等資訊 力拚Q3上路；盤前利空=美國公債殖利率飆上新高美債劇烈波動恐殃及股市 中方憂美企AI模型變武器擬推限制實體清單等反制方案；8/4隔夜美股道瓊+1.71%/S&P500+1.79%/那斯達克+2.59%/費半+6.55%；來源ctee 20260805700437 + 20260805700140 + 20260805700176
2026-08-05,－(近24小時無新觀點),－,萬潤(6187),半導體-封裝自動化設備(自選股),無新評等,無新目標價,自選股本場次追蹤紀錄 非新觀點 不另建摘要；經多次搜尋確認8/4盤後至8/5開盤前無任何新券商報告或評等調整見報；旁證=8/4輝達宣告CPO進入量產 為萬潤CPO設備題材的正向產業訊號 惟本場次無券商據此出具新報告；最近一次券商觀點仍為7/27=一家美系外資初評買進目標價1500元(先進封裝擴產/台美客戶次世代封裝需求/CPO為第二成長引擎 2026-2028半導體設備業務CAGR上看34%) 另一家美系外資維持買進但目標價由1650元下修至1550元(CPO專案遞延疑慮已大致反映 萬潤CPO設備產出率領先同業 ASP至少還有約20%調漲空間)；註FTNN報導稱1550元為歐系瑞銀首評 與中時說法不一 出處待確認；來源ctee 20260805700231 + wantrich 20260727900217
2026-08-05,外資(未具名),外資,緯穎(6669),AI伺服器-ODM(雲端資料中心代工),看多,10000,前值8400(+19%)為外資圈首見五位數目標價 正式點名準萬元股；四大核心動能=美系大型CSP持續加大AI資本支出/自身伺服器研發能力強勁並拓展客戶版圖/AI伺服器產品線顯著擴張/代理式AI帶動通用伺服器穩健需求；同步上修2026~2028年淨利 EPS各達363.32元/518.82元/610.90元；6月合併營收1113.71億元月增33%創單月歷史新高；透過馬來西亞子公司進行建築物改良 並以5億美元增資美國子公司；台南沙崙10MW算力中心今年完工 明年Q1支援自研AI工具；評價落差提醒=較FactSet 20位分析師目標價中位數6633元高約51% 較次高滙豐8400元高19% 而EPS預估363.32元僅位於FactSet中位數353.75元中上緣 差距幾乎全來自本益比假設(10000元對應約27.5倍 6633元約18.3倍)屬評價面分歧；原報告列風險=AI需求低於預期與競爭加劇；券商名稱與分析師姓名未揭露 出處待確認；已做個股摘要；來源ctee 20260805700296
2026-08-05,法人(未具名),內資,聯電(2303),半導體-晶圓代工,正向(未明示評等),本則未列目標價,權證專欄轉述 券商名稱未具名故不另建摘要 內容併入本日早盤已建立之聯電摘要檔；Q3展望具體化=預估單季晶圓出貨量季增7%~9% 產能利用率約90% 因市場供需結構性改善毛利率增至35%左右；8吋產品線迎強勁反彈Q3稼動率將改善 12吋處於健康利用率水位足以支撐核心業務；成長主要由電源管理IC/感測器/MCU強勁需求推動；AI營收路徑首次量化=預估2026年AI相關營收將近3億美元 並預期三年內突破10億美元；2026年整體晶圓出貨量仍將成長 22/28nm與8吋市占率持續提升；風險=消費性電子手機PC終端需求仍偏弱；對照本日早盤已收錄外資目標價麥格理258元/瑞銀230元；來源ctee 20260805700305
2026-08-05,法人(未具名),內資,和碩(4938),電子代工-伺服器組裝/手機,正向(未明示評等),本則未列目標價,首次收錄 無評等與目標價不建個股摘要；今年伺服器業務營收有機會年增8~10倍 主因Q2開始出貨高單價GB機櫃至二三線CSP與neocloud 及Q4起VR(Vera Rubin)營收開始貢獻；Q2三大業務營收全面季增 運算營收成長最強季增達三位數 動能來自伺服器GB200/300專案啟動 筆電與桌機營收亦季增 通訊營收季增個位數；產品組合改善與營收規模擴大帶動單季毛利率與營益率同步季增；Q3三大業務營收預期續季增；來源ctee 20260805700305
2026-08-05,公司財報(無新券商評等),－,帆宣(6196),半導體-廠務工程/設備代工,無新評等,無新目標價(沿用7/20 650元),Q2 EPS 8.18元與H1 EPS 13.26元雙創歷史新高；Q2合併營收211.99億元(季增48.16%年增73.81%) 營業利益18.91億元(季增60.33%年增2.26倍) 稅後淨利18億元(年增3.54倍)；Q2毛利率13.45%創近16年同期高 營益率雙升至8.92%創近87季高；H1合併營收355.08億元年增39.48% 業外收益5.26億元年增74%；在手訂單規模逾1000億元 總經理林育業指下半年營收將優於上半年 客戶美國廠二期專案自今年起認列；獲利成長優於營收主因CoWoS相關製造整合專案出貨增加改變產品組合 及美國工程專案成本與時程掌握度提升；8/5開盤跳空漲停541元；現有券商觀點仍為7/20龍頭券商旗下投顧買進650元(EPS上看25.6元) 本場次無新目標價見報故不另建摘要；註第三方投資網誌引述元大投顧450元係Q1時點舊值；來源chinatimes 20260805001655
2026-08-05,公司財報+法說(無新券商評等),－,研華(2395),工業電腦/邊緣AI,無新評等,無新目標價(沿用628元),Q2 EPS 5.20元與H1 EPS 9.05元創歷史新高；Q2稅後純益45.18億元 營收261.26億元季增28.16%年增46.48%；H1稅後純益78.52億元；8/5召開Q2暨上半年法人說明會 法說前股價直衝漲停633元改寫歷史新高價；現有券商觀點=歐系外資買進目標價522→628元(7/20 法人圈最高) 及7/22大型投顧450元；本場次法說後尚無新券商報告見報故不另建摘要；來源cnyes 6560087
2026-08-05,公司財報(無新券商評等),－,威剛(3260),記憶體模組,無新評等,無目標價,Q2 EPS 32.39元與H1 EPS 62.46元創歷史新高 補充7/29已收錄數字並新增H1完整數據；Q2合併營收381.4億元年增197.4% 毛利率42.1% 營業利益127.7億元年增939.3% 稅後純益104億元年增逾10倍；H1合併營收642.4億元年增182.6% 毛利率47.6% 營業利益250.4億元年增14倍 歸屬母公司淨利199.4億元年增13倍；法說會8/6登場；歷次收錄均為看好但無評等目標價 本場次仍無故不建摘要；來源ctee 20260805700299
2026-08-05,公司財報(無新券商評等),－,臻鼎-KY(4958),PCB/載板,無新評等,無新目標價(沿用695元),Q2營收484.31億元年增26.77% H1營收891.59億元年增13.89% 均創歷年同期新高 Q2獲利尚未出爐；法說會8/11登場；法人指Q3進入傳統消費性電子新品備貨旺季 有助下半年營運動能逐步升溫 伺服器/光模塊業務成長幅度極為顯著 高階產品組合持續優化 下半年營運有望更勝上半年；干擾因素為記憶體供需失衡及報價浮動；現有券商觀點=7/24法人增加持股695元 7/13高盛買進824元；無新目標價不建摘要；來源ctee 20260805700299
2026-08-05,公司財報(無新券商評等),－,聯詠(3034),IC設計-驅動IC,無新評等,無新目標價(沿用475元),Q2獲利優於預期 單季EPS達10.4元；8/5股價勁揚逾6%；法說會8/6盤後舉行 關注Q3展望；現有券商觀點=7/8 FactSet彙整目標價475元；本場次無新券商報告不建摘要；來源ctee 20260805700913
2026-08-05,美國FCC政策研擬(非券商評等),－,光通訊族群(聯亞3081/全新2455/華星光4979/聯鈞3450/波若威3163/訊芯-KY6451/前鼎4908/眾達-KY4977),光通訊-光收發器,無(政策訊息),無,非券商評等不建個股摘要 為本日盤面最大題材；路透引述知情人士報導 美國聯邦通訊委員會FCC正研擬新禁令限制中國製造之新型光纖收發器輸入美國 希望最快今年正式上路 主因擔憂設備可能成為資安漏洞存在竊取資料/植入惡意程式/干擾AI資料中心運作風險；全球光收發器龍頭之一中際旭創約九成營收來自中國以外市場其中美國占比逾六成 衝擊最大 美系CSP包括AWS可能加速尋找非中國供應商；8/5台灣光通訊族群多檔亮燈漲停成為盤面最強族群；解讀提醒=尚無券商據此出具新評等或目標價 且全新於本日早盤場次剛被元大投顧430元與永豐投顧373元雙雙下修 兩者需分開解讀 下修的是手機PA業務假設與評價基準 光通訊題材屬額外上檔選擇權；來源ctee 20260805700678 + 20260805700913
2026-08-05,市場數據/產業訊息(非券商評等),－,大盤/力積電6770/永擎7711/文曄3036/環球晶6488,市場-大盤與亮點股,無(市場數據),無,非券商評等不建個股摘要；加權指數8/5大漲1250.94點(+2.88%)收44611.60點 單日收復月線(約43741點)與季線(約44189點)並站回44000點 為7/31止跌以來本波反彈最大單日漲點 成交值放大至1.14兆元(仍未達法人認定中期轉多所需1.2~1.3兆元月均量)；三大法人合計買超1004.06億元 外資含陸資買超903.08億元為史上第三大單日買超 投信買超86.41億元 自營商買超14.57億元 台積電獲外資加碼約298億元；催化劑=美伊傳可能達成協議荷姆茲海峽有望重啟 油價重挫 道瓊與S&P500雙創歷史新高 費半暴漲6.55% 美光漲7.6% 台積電ADR漲2.72% 聯電ADR飆10.38%；台積電收2405元漲85元 聯發科收4000元漲135元連5天上揚 鴻海漲約3%；千金股由44檔增至47檔 竹陞科技6739/聖暉5536/欣興3037新進榜；力積電=英特爾EMIB-T良率傳突破9成封裝成本約僅台積電CoWoS一半 力積電獨供高密度矽電容IPD(密度突破1000nF/mm2 4月起量產)現有產能全數被預定一空正積極擴產 連二日漲停 目標價100元已於7/29收錄本場次無新數字；永擎Q2 EPS 9.76元創新高ASIC專案出貨放量拉漲停；文曄法說前漲停 Q2營收5907億元創高 EPS財測6.03~6.78元 8/6法說；環球晶H1 EPS 11.87元但受外資連日調節盤中翻黑；來源cnyes 6560270 + 6560336 + udn 9672499 + ctee 20260805700913
2026-08-05,－(近24小時無新觀點),－,萬潤(6187),半導體-封裝自動化設備(自選股),無新評等,無新目標價,自選股本場次追蹤紀錄 非新觀點 不另建摘要；經多次搜尋確認8/5全日無任何新券商報告或評等調整見報；旁證=本日美方擬封殺中國光纖收發器 光通訊族群全面漲停 對萬潤CPO設備題材屬正向產業訊號 惟本場次無券商據此出具新報告；最近一次券商觀點仍為7/27=一家美系外資初評買進目標價1500元(先進封裝擴產/台美客戶次世代封裝需求/CPO為第二成長引擎 2026-2028半導體設備業務CAGR上看34%) 另一家美系外資維持買進但目標價由1650元下修至1550元(CPO專案遞延疑慮已大致反映 萬潤CPO設備產出率領先同業 ASP至少還有約20%調漲空間)；註FTNN報導稱1550元為歐系瑞銀首評 與中時說法不一 出處待確認；另有第三方投資網誌引述富邦證券看多目標價800元2026年EPS 20.62元 因非主流媒體查證且日期不明 暫不列入正式紀錄 標記待確認；來源ctee 20260805700678 + wantrich 20260727900217
2026-08-06,花旗環球(分析師陳佳儀),外資,世界先進(5347),半導體-晶圓代工(成熟製程),正向(未明示評等),185(升至),前值未揭露；8/5法說釋出更樂觀2027~2028年AI擴產展望 引爆內外資同步升評潮；Q2產能利用率約87% 管理層預期Q3提升至90% Q4再進一步提高；產能緊缺進一步強化漲價空間 成熟製程晶圓代工市場正進入更全面性復甦階段 產能利用率與價格走勢皆持續改善；註8/5盤後場次記為「公司法說無券商評等」本場次為法說後第一波評等落地；已做個股摘要(多家法人合併)；來源ctee 20260806700216
2026-08-06,凱基投顧,內資,世界先進(5347),半導體-晶圓代工(成熟製程),買進(升評),2字頭(200以上),8/5白天旺得富版本為增持 目標價157→187元(+19%) 兩則是否同一份報告待確認；併入世界先進摘要檔；來源ctee 20260806700216 + wantrich 20260805900132
2026-08-06,金控旗下投顧(未具名),內資,世界先進(5347),半導體-晶圓代工(成熟製程),買進(升評),2字頭(200以上),前值未揭露；提供最完整財務預測=今年資本支出維持600~700億元(2025年640億元) AI相關中介層/PMIC/離散元件維持供不應求 估2027年12吋貢獻營收達12% AI相關營收比重由今年10%~15%提升至30% 毛利率由今年32.8%攀升至35%；新加坡12吋廠維持2027Q1量產良率99%優於預期 原定2029年月產能4.4萬片規畫將提前；研究機構估今年EPS約6元 2027年接近8元 2028年賺逾一個股本；併入世界先進摘要檔；來源ctee 20260806700216
2026-08-06,野村+摩根大通,外資,世界先進(5347),半導體-晶圓代工(成熟製程),未明示(正向),2字頭(200以上),前值未揭露；原文僅稱股價預期均為2字頭 未列個別數字；工商時報標題稱法人喊到220元 但內文未逐一列出 220元對應券商待確認(原文以圖表呈現)；併入世界先進摘要檔；來源ctee 20260806700216
2026-08-06,國泰證期研究+中信投顧,內資,世界先進(5347),半導體-晶圓代工(成熟製程),未明示(正向),2字頭(200以上),前值未揭露；與野村摩根大通同列2字頭；併入世界先進摘要檔；來源ctee 20260806700216
2026-08-06,元大投顧,內資,世界先進(5347),半導體-晶圓代工(成熟製程),買進,200,前值未揭露；8/4報告8/5白天見報 前一場次漏收本場次補收錄；併入世界先進摘要檔；來源wantrich 20260805900132
2026-08-06,高盛證券,外資,大立光(3008),光學元件-高階手機鏡頭/CPO・FAU,維持正向(未明示評等字眼),6263,前值未揭露 原文用語為賦予6263元高檔股價預期 非逐字寫目標價；Q2淡季過後隨主要智慧機品牌客戶新機放量與大陸品牌旗艦機上市 營收將恢復逐季成長；記憶體成本居高不下環境下高階品牌擴大市占 大立光專注高階鏡頭策略有助表現優於同業並帶動毛利率進一步擴張；CPO短期營收貢獻仍相當有限但屬長期成長新市場 帶來重新評價Re-rating機會；對照7/12伯恩斯坦5150元與7/13本土投顧5643元 本次兩家外資均更高；已做個股摘要(高盛美銀合併)；來源ctee 20260806700070
2026-08-06,美銀證券,外資,大立光(3008),光學元件-高階手機鏡頭/CPO・FAU,調升至買進,5600,前值未揭露(僅寫調升 前一評等未載) 原文用語為推測合理股價5600元；CPO/FAU零組件(光纖陣列/微透鏡/稜鏡)技術門檻極高 真正切入者不多；大立光歷經兩個季度送樣與測試後已進入客戶認證階段 進展明顯快於其他競爭者；資通訊供應鏈封閉程度高 與客戶合作深入程度是關鍵；併入大立光摘要檔；來源ctee 20260806700070
2026-08-06,摩根大通(分析師楊維倫),外資,大立光(3008),光學元件-高階手機鏡頭/CPO・FAU,未揭露(擇優布局),本則未列目標價,蘋果供應鏈維持擇優布局 看好受惠穩健iPhone需求 並將產品布局延伸至CPO FAU 成長動能更多元；基本面=7月營收48.77億元月增31%(年減11%) 前七月累計340.86億元年增7% 公司維持法說看法預期8月出貨動能會比7月好；併入大立光摘要檔；來源ctee 20260806700070 + 20260806700067
2026-08-06,富邦投顧,內資,景碩(3189),PCB-IC載板(ABF),買進(維持),1000,前值620(+61%) 報告日8/4；明年有望吃下輝達Vera CPU逾5成占比 營收貢獻逾2成 千元目標價漸成共識；估Q3毛利率提升至27.3%(Q2為26.1%) 營收季增12.4%至140億元 EPS由上季2.57元成長至2.89元；今起2年EPS各估10.22元/22.37元；已做個股摘要(富邦永豐合併)；來源wantrich 20260806900001
2026-08-06,永豐投顧,內資,景碩(3189),PCB-IC載板(ABF),未明示(族群買進想法不變),1020,前值未揭露 報告日8/5 本場次最高；景碩通過額外196億元資本支出(原本80億元)；ABF月產能目標由目前4000萬片翻倍 明起3年月產能依序為5000萬/6500萬/8000萬片；對照8/4已收錄高盛買進1125元(前值1120元) 三家落差僅約12%為追蹤名單中分歧最小者之一；同篇標題含南電8046但內文未給南電個別評等與目標價待確認；併入景碩摘要檔；來源wantrich 20260806900001
2026-08-06,永豐投顧,內資,欣興(3037),PCB-IC載板(ABF/先進封裝),未明示(族群買進想法不變),1575,前值未揭露 報告日8/5 評等歸屬待確認；先進封裝往GPU/ASIC甚至一般Server CPU滲透 ABF長線需求趨勢無虞；估2028年高階ABF供需缺口將達數倍；ABF下半年報價可望逐季調漲5~10%；Intel指出供給瓶頸來自基板/晶圓及記憶體 並以預付款備料 為供給緊俏最直接證據；未附EPS與本益比假設無法檢驗評價；已做個股摘要；來源wantrich 20260806900001
2026-08-06,老字號本土法人(未具名),內資,南亞(1303),塑化-電子材料(銅箔/CCL/玻纖布),買進(維持),228,前值95.5(調幅逾1.3倍) 報告日8/5；電子材料產品組合持續優化 銅箔基板M9有望下半年銷售 M10持續開發；與日東紡合作Low-Dk2玻纖布下半年起穩定放量 對應目前最缺的T-glass低介電玻纖布環節；業外受惠南亞科獲利貢獻增加；預估Q3/Q4 EPS各3.74元/3.83元 今明2年EPS各達12.75元/15.72元；銅箔占電子材料營收約1成 銅箔基板占20%~30%；股價由低點135.5元至8/5收盤177元(+31%)；對照7/22已收錄340元與7/27之260元 本次反而較低 市場合理價區間高度分歧；已做個股摘要(本土法人群益合併)；來源wantrich 20260806900003
2026-08-06,群益證券,內資,南亞(1303),塑化-電子材料(銅箔/CCL/玻纖布),看多,228,前值未揭露；預估2026年度營收約3260.91億元 EPS約12.75元；目標價與EPS與同日老字號本土法人完全一致 研判很可能為同一份報告 兩則來源均未互相指名 是否同一家待確認 若為同一家則南亞本場次實為1則而非2則；併入南亞摘要檔；來源cmnews 券商評等報告彙整
2026-08-06,元大投顧,內資,奇鋐(3017),散熱-水冷/機殼(AI伺服器),看多,3855,前值未揭露；預估2026年度營收約2189.62億元 EPS約100.86元 隱含本益比約38倍；已做個股摘要；來源cmnews 券商評等報告彙整
2026-08-06,投顧研究機構(未具名),內資,奇鋐(3017),散熱-水冷/機殼(AI伺服器),買進,本則未列目標價,工商時報權證專欄轉述 與元大是否同一家待確認；產品組合持續改善 2027年陸續有新客戶加入；生產效率提升與良率改善帶動毛利率可望提升；2027年Rubin Ultra將有一家新的美系業者開始採購VR200 奇鋐為該廠商水冷與機殼供應商之一 且為Switch Tray水冷主要供應商之一；Q2營收低於預期(金額未揭露)；Rubin水冷零組件8~9月開始量產出貨 Rubin Ultra 2027Q3量產；估2027年VR200出貨6~7萬櫃 Rubin Ultra可能占1.5萬櫃；風險=VR200出貨時程遞延至下半年營收貢獻延後 出貨量仍需觀察製造效率；併入奇鋐摘要檔；來源ctee 20260806700286
2026-08-06,金控旗下投顧研究機構(未具名),內資,晶技(3042),石英元件-被動元件(光模組時脈),買進,本則未列目標價(沿用8/1 245元),權證專欄轉述 與8/1已收錄本土大型投顧245元是否同一家待確認；AI業務正面挹注 2027年AI應用占比上看22%(2024/2025年為8%/10% 今年估15%)；成長動能來自光收發模組往800G/1.6T更高頻邁進 每顆DSP旁搭配石英元件頻段更高；相對MEMS時脈方案 石英元件在低相位雜訊及低抖動具優勢；Q2營收36.99億元季增11% 毛利率與EPS皆優於預期；AI應用季增19% 占比由前季13%升至14%(高於去年全年10%) 手機業務占比由26%降至24%；已做個股摘要；來源ctee 20260806700286
2026-08-06,15家投顧+外資券商(均未具名),內外資,亞德客-KY(1590),機械-氣動元件(自動化/半導體設備),均給予買進,1750~2000(區間),前值未揭露；15家評等方向一致罕見 分歧僅在幅度；看好市占率擴大與新產品上市；2027年在中國政策刺激下營運仍在成長軌道 線軌市場將回溫；半導體類氣動元件Q4新規格上市 2027年下半年將有明顯營收貢獻；氣動元件產業景氣循環延長與中國在地化採購趨勢 市占率有望續增；Q2 EPS 16.55元符合預期 全年營收成長率有望達20%以上 預計年底稼動率可達五成；對照7/29已收錄FactSet 20位分析師共識1900元 落在本次區間內顯示預期未進一步上修；原文副標掛國泰綜合證券屬權證專欄發行商掛名 是否即出具評等機構待確認；已做個股摘要；來源ctee 20260806700292
2026-08-06,群益證券,內資,穩懋(3105),化合物半導體-砷化鎵晶圓代工(光通訊/手機PA),看多,456,前值未揭露；預估2026年度營收約217.84億元 EPS約7.36元 隱含本益比約62倍偏高；風險=手機PA仍在下行循環(參照8/5全新遭元大永豐雙下修手機PA假設) FCC限制陸光模組仍在研議階段轉單題材有落空風險 上游磷化銦InP受中國出口管制；本則未揭露論點細節與評等變動方向；已做個股摘要；來源cmnews 券商評等報告彙整
2026-08-06,群益證券,內資,環宇-KY(4991),化合物半導體-磊晶(光通訊/砷化鎵),看多,564,前值未揭露；預估2026年度營收約31.48億元 EPS約6.64元 隱含本益比約85倍為本場次最高；營收規模僅約31億元屬中小型股 單一客戶或專案變動影響大；產業背景=輝達宣告CPO量產與FCC擬限制陸光模組 8/4與8/5光通訊族群多檔漲停；本則未揭露論點細節與評等變動方向；已做個股摘要；來源cmnews 券商評等報告彙整
2026-08-06,群益證券,內資,台玻(1802),玻璃/玻纖(電子級玻纖布上游),看多,63,首次收錄 前值未揭露；預估2026年度營收約498.85億元 EPS約1.96元 隱含本益比約32倍；EPS基期低顯示傳統平板玻璃本業仍拖累 AI相關貢獻占比未揭露；產業關聯=AI伺服器帶動高階CCL需求 Low-Dk/T-glass低介電玻纖布持續短缺(永豐投顧8/5談ABF時亦指T-glass持續短缺) 南亞與日東紡Low-Dk2下半年放量；無歷史目標價可對照亦無其他券商交叉驗證；已做個股摘要；來源cmnews 券商評等報告彙整
2026-08-06,5家券商(未具名 屬性待確認),待確認,達發(6526),IC設計,皆看多,630~750(區間),首次收錄 前值未揭露；預估2026年度營收約236.47億~257.32億元(五家差距8.8%) EPS落在18.96~24.44元(差距29%)；營收共識高但獲利分歧大 研判來自毛利率或費用率假設不同；區間中值690元對應EPS中值約21.7元 隱含本益比約32倍；5家券商名稱與各自目標價均未揭露 無法判斷是否含外資；已做個股摘要；來源cmnews 券商評等報告彙整
2026-08-06,中國信託綜合證券,內資,仁大資訊(7767),資訊服務,看多,60,首次收錄 前值未揭露；預估2026年度營收約31.89億元 EPS約3.99元 隱含本益比約15倍為本場次最低 與AI供應鏈個股(30~85倍)形成明顯對比；本則未揭露任何論點或成長假設僅有數字；營收規模約32億元屬小型股；已做個股摘要；來源cmnews 券商評等報告彙整
2026-08-06,2家券商(未具名 1買進1中立),待確認,富邦媒(8454),電子商務/零售,買進與中立(分歧),275~285(區間),首次收錄 前值未揭露；為本場次15檔中唯一評等分歧者；目標價區間寬度僅3.6%顯示兩家對合理價位看法接近 分歧在是否值得買進而非值多少錢；預估2026年度營收約1120.61億~1124.91億元(差距僅0.4%)；EPS原文截斷待確認 缺乏最關鍵獲利數字；已做個股摘要；來源cmnews 券商評等報告彙整
2026-08-06,凱基投顧+統一投顧+中信投顧,內資,環球晶(6488),半導體-矽晶圓,增加持股/買進/增加持股,1500/1350/1080,補收錄8/5白天旺得富 8/5盤後場次誤記為「公司法說無券商評等」；三家落差420元(約39%)評價分歧明顯 各家舊目標價與分析師姓名均未揭露；公司面=董事長徐秀蘭指12吋8吋6吋產線幾乎全面滿載 義大利Novara廠火災可能影響Q3營收將透過全球產能調度降低衝擊 預期自2027年起營收與獲利出現更具意義成長；H1 EPS 11.87元；產業佐證=第一金投顧指2027~2028年全球預估20座晶圓廠產能開出 矽晶圓供給缺口將浮現 現貨價已止跌回升 合約價下半年開始彈升；對照7/23已收錄未具名法人1600元 三家內資均較保守；已做個股摘要；來源wantrich 20260805900195
2026-08-06,法人(未具名),內資,華碩(2357),PC品牌/AI伺服器,無評等,無目標價(僅EPS預估),無評等目標價不建個股摘要；法人日前將華碩今年全年EPS預估上修至54~56元(舊值未揭露)；受惠輝達迭代Vera Rubin新平台AI伺服器出貨加上新品挹注 下半年展望樂觀 因營收與本業獲利結構改善而上修；6月合併營收1067.23億元月增54.46%年增55.63%創單月歷史新高；Q2合併營收2577.32億元季增23.7%年增37.1%；H1合併營收4661.06億元年增38.85%；來源ctee 20260806700283
2026-08-06,美系外資(未具名),外資,上銀(2049),機械-傳動元件(滾珠螺桿/線性滑軌),無評等(青睞),無目標價,無評等目標價不建個股摘要；獲美系外資青睞 8/5開盤1小時54分即亮燈漲停365元 一舉跨越前高364元 成交逾7700張 外資與自營商聯手買進1035張；訂單主要來自半導體/大型基礎建設/自動化及AI伺服機櫃 晶圓機器人與半導體移載平台EMEM需求持續增加 整體訂單熱度可望延續至年底；滾珠螺桿訂單能見度5.5個月 線性滑軌3~4個月；最近一次有目標價者為7/29本土投顧買進431元；來源ctee 20260806700257
2026-08-06,法人(未具名),內資,德微(3675),功率半導體,無評等,無目標價,首次收錄 無評等目標價不建個股摘要；受惠AI應用/車用電子與工控需求強勁加上客戶低庫存回補；高附加價值產品出貨比重提升 稼動率全面上揚；法人看好下半年營收獲利逐季挑戰新高；7月合併營收2.91億元年增29.78%創單月歷史新高 前7月17.76億元年增19.02%；訂單能見度已來到2027年；來源ctee 20260806700283
2026-08-06,法人(未具名),內資,麗臺(2465),AI系統產品/NVIDIA代理,無評等,無目標價,首次收錄 無評等目標價不建個股摘要；Q2 AI應用相關產品需求暢旺 代理NVIDIA DGX Spark與RTX PRO 6000系列銷售亮眼 法人樂估獲利同步上揚；6月營收突破9億元站上歷年同期新高 上半年累計營收40.75億元年增158.2%為近五年同期新高；外資連四個交易日站買方 8/5單日買超逾千張 盤中攻上85.8元；來源ctee 20260806700240
2026-08-06,公司法說(無新券商評等),－,研華(2395),工業電腦/邊緣AI,無新評等,無新目標價(沿用628元),8/5法說後仍無新券商報告見報 不另建摘要；7月接單金額5.74億美元再創單月新高 B/B值達1.64比Q2更高 預期Q3營收成長幅度不會太小；美國中國歐洲三大市場均看雙位數成長(歐洲季增個位數)；AI占比2025年15% 今年目前已來到22.5%；現有券商觀點=歐系外資買進628元(7/20)與7/22大型投顧450元；來源ctee 20260806700224
2026-08-06,公司/財訊(無券商評等),－,聯電(2303),半導體-晶圓代工,無(公司展望),無,無券商評等不建個股摘要 內容併入既有聯電紀錄；董事會批准1486億元資本支出 預計未來2至3年擴建新加坡廠區並於台南興建新廠；卡位矽光子代工憑12吋製造能力與同業現行8吋主流做出差異化 並將12吋矽光子與先進封裝整合為核心優勢 另投入鈮酸鋰薄膜TFLN光子調變器材料；與英特爾12奈米合作 首要任務是先順利交付12奈米專案證明商業模式可行性；含矽光子與AI電源管理IC等相關營收今年上看3億美元 三年內突破10億美元；Q2營收687.3億元季增12.6%年增17% 毛利率32.5% 稅後純益422.6億元季增161%年增374% EPS 3.39元 H1 EPS 4.68元；Q3預估出貨季增7%~9% 產能利用率近90% 毛利率上看36%；風險=新廠折舊壓制短期毛利 PIC產能競爭者格羅方德與高塔積極擴產；來源ctee 20260806700019
2026-08-06,董事會決議(無券商評等),－,南亞科(2408),半導體-DRAM/記憶體,無(公司決議),無,無券商評等不建個股摘要；2026至2029年資本支出預算以不超過3466億元為上限 導入1B/1C/1D/1E等10奈米級先進製程與EUV曝光設備；5A新廠新產能規劃月投片3萬5900片 2027下半年開始投片 2028年月投片3萬片 2029年提升至3萬5900片 最大規劃產能約每月4萬5000片 整體投資約160億美元；2026年度資本支出由520億元提高至697億元(+34%)；對子公司南亞科技國際增資21億美元；處分補丁科技普通股71.5萬股每股不低於545元 預估認列處分利益約3.6億元 交易後仍持股33.96%；7月合併營收438.68億元月增49.27%年增719.61%續創新高；供應鏈指三大原廠產能轉供HBM及DDR5後 南亞科已成DDR4市場最具議價能力供應商；來源ctee 20260806700062
2026-08-06,法人(未具名 無評等),－,光通訊8檔(聯亞3081/全新2455/訊芯-KY6451/前鼎4908/華星光4979/聯鈞3450/波若威3163/上詮3363),光通訊-光收發器/CPO,無(法人點名),無,無評等目標價不建個股摘要；美FCC擬基於國安理由限制美國AI資料中心使用中國大陸製光收發模組 8/5前鼎/訊芯-KY/全新/華星光/聯鈞/聯亞/波若威同步漲停 上詮大漲近7%；法人明言FCC政策仍處研議階段 短期全面禁止機率並不高 較可能採限制高階產品/提高非中系採購比重/強化產地與客戶流向管理；風險=陸廠已加速將產能移往泰國等東南亞並提升光晶片自主化稀釋轉單效益 大陸掌握全球約7成銦供應並已納入出口管制 雙方均握談判籌碼；來源ctee 20260806700065
2026-08-06,康和證券(投資總監廖繼弘)+富邦投顧(董事長陳奕光)+統一投顧(董事長黎方國)+兆豐期貨(經理郭偉政),內資,大盤策略,策略-大盤,無(大盤觀點),壓力45000~48000前波大量套牢區 統一投顧估40000~44500反覆打底,無個股評等目標價不建個股摘要；廖繼弘=強勢反彈格局確立 靜待四關鍵浮現即為中期轉強上攻訊號(突破下降趨勢線/月季線重新黃金交叉/前波急殺人氣股止穩反彈/月均量重返1.1~1.2兆元)；陳奕光=三個翻多訊號(台積電漲停後1~2個月均漲幅5%/景氣對策訊號首度亮紅燈後九個月翻多以去年12月推算落在9月/美台均11月選舉選前40日均漲幅5~8%亦指向9月)；黎方國=相對保守 須經多次打底測試不排除再壓低測試支撐 另表示預期第四季台股將創高60千金指日可待；郭偉政=台指期連三日逆價差擴大至97.6點 上次連日逆價差為5/14~5/18之後跌破月線 須至期現貨轉連日正價差才重展反彈 現已反彈至0.618黃金切割率位置；數據=8/5收44611.60點漲1250.94點(+2.88%)盤中漲1619點 成交1.2兆元 外資買超903.08億元史上第三大 三大法人合計買超1004.06億元 外資回補台積電12251張約293.63億元 台指期淨空單87199口 上市融資餘額5234.92億元；來源ctee 20260806700044 + 20260806700059
2026-08-06,第一金投顧(董事長黃詣庭)+台新投顧(總經理黃文清),內資,大盤策略,策略-大盤,無(大盤觀點),以均線描述未給點位(8/5跳空站上20日均線並突破60日均線),無個股評等目標價不建個股摘要；黃詣庭=技術面延續反彈暫解60日均線反轉危機 20日均線漸由下彎轉走平 日KD交叉向上 日MACD柱狀體由黑翻紅；留意9月Fed升息預期機率已逾50%(主因主席華許上任後未給傳統前瞻指引市場預期缺乏定錨) Jackson Hole年會8/27~8/29；選股以第二季財報搭配修正後本益比為依據；建議族群=成熟製程(伺服器電源升級帶動PMIC需求排擠成熟製程產能進入漲價循環)/光通訊PIC晶片與矽電容/矽晶圓(2027~2028年全球估20座晶圓廠開出供給缺口將浮現 現貨價已止跌回升合約價下半年開始彈升)；黃文清=台股經去槓桿減融資 多數千金股基本面仍很好AI題材仍強 預期股價有機會續漲；千金股四個交易日收復九檔回升至46千金(6/25歷史高峰56檔 7/30降至37檔)；來源ctee 20260806700228 + 20260806700059
2026-08-06,－(近24小時無新觀點),－,萬潤(6187),半導體-封裝自動化設備(自選股),無新評等,無新目標價,自選股本場次追蹤紀錄 非新觀點 不另建摘要；經多次搜尋確認8/5盤後至8/6開盤前無任何新券商報告或評等調整見報 鉅亨網/旺得富中時/經濟日報/MoneyDJ/FTNN均查無新內容；旁證=美FCC擬限制陸製光收發模組 光通訊族群8/5全面噴出 對萬潤CPO設備題材屬正向產業訊號 惟本場次無券商據此出具新報告；最近一次券商觀點仍為7/27=一家美系外資初評買進目標價1500元 另一家美系外資維持買進但目標價由1650元下修至1550元；註第三方投資網誌引述富邦證券看多800元2026年EPS 20.62元 該文發布日為2026-04-28屬舊資料不列入正式紀錄；來源ctee 20260806700065 + wantrich 20260727900217
2026-08-06,美系外資(未具名),外資,新唐(4919),半導體-MCU/微控制器,減碼(維持),95,前值95(未變動) 本場次唯一負向評等；Q2營收79億元季減1%年增2% 較外資預估低5% 公司稱營收季減主因供應鏈問題而非終端需求轉弱；Q2毛利30億元毛利率38%季減1.3pp年增3.1pp 仍較外資預估高1.8pp 毛利率較Q1下滑因Q1有存貨回沖利益墊高基期；Q2營益率-4.2%季減2.8pp年減2.4pp 單季稅後淨損2.49億元由盈轉虧且低於預期 主因員工獎酬增加與為迎接2027年強勁AI需求擴大研發投入；AI與運算業務營收占比由Q1的35%降至31%(記憶體漲價壓抑PC需求) 通訊業務占比由15%升至20%(主要客戶推出高階新機)；風險=記憶體續漲持續壓抑PC需求 研發費用短期難降 目標價未隨Q2轉虧下修顯示95元已隱含保守假設；同日義隆亦因記憶體/CPU缺料被示警H2轉弱 記憶體漲價已成PC鏈共通逆風；已做個股摘要；來源ctee 20260806701001
2026-08-06,美系外資(未具名),外資,義隆(2458),IC設計-觸控/PC周邊(新事業:無人機/光通訊),加碼(維持),250,前值250(未變動)；Q2營收32億元季減1%年增6% 毛利率47.4%季減0.3pp(模組產品零組件成本增加)；Q2 EPS 3.07元季增25%年增148% 分別高於外資預估22%與市場共識36% 惟外資明指獲利優於預期主要並非來自本業而是金融資產公允價值調整帶動業外收益 屬非經常性項目H2難複製；已啟動漲價=依不同產品線調漲5%~15% 因部分產品以模組出貨零組件成本占比高 成本上揚對毛利率壓力較大；H2展望轉弱=記憶體及CPU缺料致H2 PC需求弱於H1 加上晶圓代工漲價 毛利率可能較Q2小幅下滑；撐場動能=無人機/光通訊逐步貢獻 高階觸覺回饋觸控板單機搭載價值提升 可部分抵銷PC疲弱；風險=新事業營收占比獲利貢獻與時程均未揭露無法量化 漲價轉嫁不完全；已做個股摘要；來源ctee 20260806700916
2026-08-06,美系外資(未具名),外資,智邦(2345),網通-交換器(AI資料中心/Scale-across),加碼(維持),3800,前值未揭露 首次收錄；本則屬同業佐證式報告 論述主體為客戶Arista Networks財報 外資據此外推智邦受惠 非針對智邦本身出具的基本面更新；Arista Q2營收30.36億美元季增12%年增38% 較原財測中間值28億美元高8% non-GAAP毛利率63.4%營益率49.9% 單季non-GAAP EPS 1.03美元；Q3財測營收33億美元季增9%年增43% 營收與EPS分別較市場共識高12%與17%；再上調2026全年營收財測由115億美元至126億美元 年增幅由28%擴大至40% 其中AI Fabric至少35億美元 企業級Fabric上看12.5億美元 營益率由46%上調至48%~49%；今年至少新增一名營收占比逾10%大型客戶；1.6T產品2026下半年試產爬坡2027年量產 目前客戶數個位數但均為大型客戶；Scale-across市場規模估由30~40億美元擴大至2030年150億美元 計入光通訊可達200億美元 今年可取得約12億美元；風險=智邦本身營收毛利率EPS預估與訂單能見度完全未揭露受惠幅度無法量化 前值未揭露無法判斷升降 對照5/6報導曾提3222元但是否同一家無法確認；已做個股摘要；來源ctee 20260806700747
2026-08-06,美系外資A(未具名),外資,信驊(5274),半導體-IC設計(BMC),買進(維持),20455,前值未揭露；成長動能三支柱=AI資料中心及AI相關通用伺服器BMC需求增強/美國大型AI客戶加速部署AI ASIC/新一代AST2700滲透率持續提升；AST2700為關鍵放量指標 管理階層預估出貨量由2026年120~150萬顆大幅增加至2027年1000萬顆(約7~8倍)；Q2毛利率72%明顯優於公司原估67%~68% 主因順利將載板及封測成本上升轉嫁客戶；Q3營收有機會優於公司原估的41~43億元 毛利率可望維持穩定；供應瓶頸緩解=E-glass材料驗證已完成 後段封測產能支援可望增加 為看好未來兩年BMC出貨量及營收仍有上修空間主因；風險=低於7/30已收錄高盛22000元 1000萬顆預估來自公司管理階層非外資獨立估算 72%毛利率已屬歷史高檔仰賴漲價轉嫁；已做個股摘要(2家外資合併)；來源ctee 20260806700695
2026-08-06,美系外資B(未具名),外資,信驊(5274),半導體-IC設計(BMC),買進(維持),20888,前值未揭露 與7/23已收錄某美系外資優於大盤20888元數字完全相同 是否為同一家重申待確認；Q2 EPS 40.87元季增9%年增146% 較該外資預估高10%；單季營收季增23%年增72% 較市場共識高3% 主要受惠AI GPU及CPU伺服器需求持續暢旺；Q2毛利率升至72%季增2.8pp 分別較該外資預估及市場共識高3.5pp與3.4pp 主要反映4月漲價效益；7月營收15.24億元月增16%年增98% 預期隨載板供應支援增加8月及9月營收有望進一步高於7月；兩家目標價20455與20888元落差僅2.1%共識度高 惟均低於7/30高盛22000元；併入信驊摘要檔；來源ctee 20260806700695
2026-08-06,Factset彙整,外資,緯創(3231),AI伺服器-ODM,共識(未列評等),243,前值210(8/4 +15.7%) 評等日8/5 補收錄(8/5盤後與8/6早盤場次均未納入)；本則為外資共識彙整 僅有目標價 無評等與論點 不足以撰寫個股摘要 不另建摘要檔；佐證=大摩8/5已喊275元(維持加碼 由210元上調) 共識價亦隨Q2獲利首破百億元同步走高；對照7/23已收錄法人240元；來源cnyes 外資評等統計總表
2026-08-06,Factset彙整,外資,嘉澤(3533),電子零組件-連接器,共識(未列評等),3000,前值未揭露 評等日8/5 補收錄；本則為外資共識彙整 僅有目標價 無評等與論點 不另建摘要檔；對照7/19已收錄大和資本買進3533元 共識價較該單一外資保守約15%；現價1955元(8/5)；來源cnyes 外資評等統計總表
2026-08-06,Factset彙整,外資,新日興(3376),手機鉸鏈Hinge-機構件,共識(未列評等),276,首次收錄目標價 前值未揭露 評等日8/5 補收錄；本則為外資共識彙整 僅有目標價 無評等與論點 不另建摘要檔；8/1已收錄法人點名其為美系客戶(Q3將發表首款折疊機)Hinge供應商之一但未給評等與目標價 本次為首見具體數字；現價185元(8/5)；來源cnyes 外資評等統計總表
2026-08-06,－(近24小時無新觀點),－,萬潤(6187),半導體-封裝自動化設備(自選股),無新評等,無新目標價,自選股本場次追蹤紀錄 非新觀點 不另建摘要；經多次搜尋確認8/5盤後至8/6 19:00無任何新券商報告或評等調整見報 工商時報/旺得富/鉅亨網/MoneyDJ/經濟日報均查無新內容；最近一次券商觀點仍為7/27=一家美系外資初評買進目標價1500元 另一家美系外資維持買進但目標價由1650元下修至1550元；註本場次搜尋另見第三方投資網誌引述高盛目標價上看1800元 惟該文提及2026年1~3月營收且未載明報告日期 研判為舊資料 與7/9已收錄之高盛1550元(前值1650元)不符 故標記待確認不列入正式紀錄
2026-08-06,－(未變動不重複計列),－,旺宏(2337)與環球晶(6488),半導體-記憶體/矽晶圓,無變動,183 / 1442.5,本場次查核紀錄 非新觀點 不另建摘要；兩檔同見於8/5 Factset外資評等彙整 惟183元與7/29已收錄數字完全相同 1442.5元與7/30已收錄數字完全相同 判定為共識未變動 不重複計列為新增觀點；來源cnyes 外資評等統計總表
2026-08-07,瑞銀證券,外資,力積電(6770),半導體-晶圓代工/DRAM,買進(升評),100,前值未揭露 本則明載為升評；晶圓代工占營收46% 至2027~2028年明顯受惠DRAM供應緊俏；瑞銀估DDR價格Q3/Q4分別季增23%與13% 2026Q4至2027Q4再漲約21%；公司7月已調漲DRAM價格45% 效益自11月營收反映；2027年導入自研1x(19奈米)量產 2028年與美光合作導入1p(16奈米) 1p可使每片晶圓售價達目前記憶體單位售價2.5倍；外資模型估今年轉虧為盈EPS 7.26元 2027/2028年9.7元與11.32元；8/6收66.6元潛在空間逾5成 100元隱含2026年本益比約13.8倍屬AI鏈偏低水位；已做個股摘要(3家外資合併)；來源ctee 20260807700084
2026-08-07,摩根大通,外資,力積電(6770),半導體-晶圓代工/DRAM,未明示(正向),100,前值未揭露 與瑞銀並駕齊驅同列百元；併入力積電摘要檔；與8/6鉅亨FactSet外資共識調升至100元(幅度約8.11%)數字一致 交叉驗證通過；來源ctee 20260807700084 + cnyes 6550441
2026-08-07,摩根士丹利,外資,力積電(6770),半導體-晶圓代工/DRAM,未明示(正向),111,前值未揭露 為市場最高 外資看力積電股價破百共識確立；併入力積電摘要檔；風險=轉盈高度依賴DRAM漲價假設 7月漲價45%效益要到11月營收才反映 中間有驗證空窗期；長鑫存儲7/27掛牌市值衝上人民幣3.3兆元 陸系DRAM擴產對2028年後供需的排擠效應未反映；來源ctee 20260807700084
2026-08-07,法人(未具名),內資,緯創(3231),AI伺服器-ODM,買進,253,前值未揭露 出自工商時報權證專欄 券商名稱未揭露 無法判斷升降；下半年展望正向 隨Rubin及AMD L6量產 下半年營收將季季增且有望雙位數成長；受惠新客戶新機種與更佳交易條件 管理層樂觀看OPM逐漸改善；對照8/6已收錄FactSet共識243元與大摩275元 另有8/4本土大型投顧300元 四者區間寬度約19%；8/5盤中創202.5元新天價 8/6回檔收189.5元仍守5日線；本則未提供EPS與本益比假設無法檢驗評價；緯創擬發行不超過2.5億股GDR(估募資約450億元)股本稀釋未量化；已做個股摘要；來源ctee 20260807700282
2026-08-07,法人(未具名),內資,國巨*(2327),被動元件-MLCC,買進,688,前值未揭露 出自工商時報權證專欄 券商名稱未揭露；AI平台帶動高容量MLCC需求增加 可能排擠其他規格產能 若供需持續緊張或原材料成本上升不排除進一步調價；AI/記憶體/SSD客戶積極洽談長約LTA 產品範圍由電容延伸至其他被動元件 提升訂單能見度及跨產品銷售機會；自7月初1220元高價修正 8/6收570元回檔逾五成 688元隱含空間約21%；註688元明顯低於歷史FactSet共識927元 亦遠低於6月美系券商與大摩1050~1355元區間(超級供需失衡情境上看2055元) 本次內資觀點大幅保守 時點與假設差異待驗證；已做個股摘要；來源ctee 20260807700282
2026-08-07,台新證券,內資,順達(3211),電池模組-BBU/資料中心電源(HVDC),買進,485,前值未揭露 原文僅載上修至485元 調幅無法計算；Q2因BBU機種拉貨不如預期影響營收及毛利率 股價自7月中回落 8月起反彈 8/6拉長紅站回10日均線；法人指7月起拉貨恢復正常 Q3營運及獲利皆顯著回升；Q4將新增一家CSP客戶 高壓專案涵蓋三家CSP 受惠資料中心往HVDC發展；公司預期下半年營收逐季成長 non-IT出貨比重增至逾5成 8kW/12kW機種下半年出貨 800V高壓產品2027年量產；升評理由明指股價修正後價值浮現；註副標掛台新證券屬權證發行商掛名 是否即出具評等機構待確認；已做個股摘要；來源ctee 20260807700288
2026-08-07,花旗環球證券,外資,金像電(2368),PCB-AI伺服器/交換器板,正向(未明示評等),本則未列目標價,首次以此形式收錄 無目標價不建個股摘要；因今年市占擴張 研判未來幾季產能利用率將拉滿；很可能進一步供應ASIC新客戶需求 將是明年重要成長引擎 伴隨積極擴產可持續掌握AI強勁需求；出自工商時報權證專欄；來源ctee 20260807700279
2026-08-07,投顧研究機構(未具名),內資,金像電(2368),PCB-AI伺服器/交換器板,正向(未明示評等),本則未列目標價,無目標價不建個股摘要；美系ASIC客戶產品預期Q2量產Q3達高峰；預計美系另一CSP客戶有望2027Q1出貨高於30層的HLC產品；800G交換器需求暢旺 Q1占比已超過400G 層數約38~44層 隨學習曲線成熟將大幅貢獻毛利；來源ctee 20260807700279
2026-08-07,大和資本證券,外資,金像電(2368)與世芯-KY(3661),AI ASIC供應鏈-AWS Trainium 3,產業正向(未列個股評等),本則未列目標價,無個股評等目標價不建個股摘要；AWS新一代Trainium 3進入量產 下半年出貨加速 台系供應鏈受惠程度高；估Trn3 ASIC AI伺服器未來四季出貨3.5萬~4萬台 每櫃包含64顆晶片；研判相關供應鏈營收動能向上趨勢延續至年底 為亞馬遜供應鏈主要大廠股價催化劑；來源ctee 20260807700279
2026-08-07,法人+金控旗下研究機構(均未具名),內資,世芯-KY(3661),IC設計服務-AI ASIC,正向(未明示評等),本則未列目標價,無目標價不建個股摘要；CSP客戶3奈米製程AI ASIC於6月開始出貨 已確保所有所需產能(晶圓/CoWoS/合作夥伴/基板/冷卻/測試) 推估總量約220萬顆 下一代晶片也由世芯-KY為主要合作夥伴；與大陸客戶合作的車用預估為全年第二大營收來源；CSP客戶2奈米AI ASIC第四季完成流片 首批量產推估2027Q4；今年量產之3奈米生命週期延續至2027Q3 有效銜接不會出現去年的營收空窗期；來源ctee 20260807700279
2026-08-07,群益金鼎證券,內資,達發(6526),IC設計-有線網通/近程無線,正向(未明示評等),本則未列目標價,無目標價不建個股摘要 對照8/6已收錄5家券商630~750元區間；受惠AI資料中心基礎建設加速有線網通成長 Q2營收創歷史新高 毛利率因產品組合與成本上漲季減；Q3營收維持季增年增 且提前拉貨效應消除 成長主要來自真實需求；近程無線晶片(藍牙音訊/藍牙通訊/衛星定位)2024年占營收55% 2025~2026年降為50%；有線網通(光纖固網寬頻/乙太網/光通訊)2024年占35% 去年升至45% 今年續升至50%；來源ctee 20260807700291
2026-08-07,法人(未具名),內資,緯穎(6669),AI伺服器-ODM,無評等,無目標價,無評等目標價不建個股摘要 對照8/3已收錄高盛買進10000元；受惠通用型伺服器需求提升 法人看好Q3營收季增可望達28%；AI伺服器有美系CSP客戶自Q2起持續拉貨ASIC產品 需求持續升溫 下半年營運可期；Q2營收2781.53億元季增0.6%年增26% 上半年5546.6億元年增42% 半年報8/7公布 股價因市場提前卡位站上歷史新高；來源ctee 20260807700285
2026-08-07,－(無券商評等),－,東鋼(2006),鋼鐵-鋼構/鋼筋,無評等,無目標價,無券商評等不建個股摘要 對照8/1已收錄民營金控投顧買進79元；受惠高科技廠房建置需求 鋼構訂單滿至2027年上半年 訂單能見度達2028年上半年；鋼筋在手訂單維持高檔達120萬噸 能見度10~12個月；Q2稅後純益17.6億元年增59.3% EPS 2.41元 上半年EPS 4.07元；股價創歷史新高；來源ctee 20260807700285 + 20260807700249
2026-08-07,第一金投顧(董事長黃詣庭),內資,15檔籌碼穩定股,策略-籌碼選股,選股建議(無個別評等),無個別目標價,無個股評等目標價不建個股摘要；篩選條件=本周四個交易日獲三大法人加碼買超且法人持股比率逾3成；名單15檔=奇鋐3017/鴻海2317/欣興3037/光寶科2301/緯創3231/聯發科2454/晶豪科3006/技嘉2376/景碩3189/緯穎6669/創意3443/信驊5274/健策3653/貿聯-KY3665/聯亞3081 以AI供應鏈占多數(伺服器/散熱/ABF)；大盤觀點=45000點面臨沉重套牢壓力 下方支撐約43000點 短線以5日線為支撐 低檔布局者觸及壓力區可適度調節 空手者震盪拉回擇優分批布局；產業布局續聚焦先進封裝/AI伺服器及零組件 光通訊因個股營運差異大宜搭配營收獲利挑選 並留意7月營收高速成長者；奇鋐本周獲三大法人買超192.69億元居首 持股比率67.17%；鴻海7月營收9465億元月增15.18%年增54.19%創新高 本周買超175.81億元 持股比率46.68%；來源ctee 20260807700208
2026-08-07,萬寶投顧(總監蔡明彰)+永豐投顧(總經理黃柏棠),內資,大盤策略,策略-大盤,無(大盤觀點),44K~45K以上為套牢深水區 上檔關卡45234點與45000點,無個股評等目標價不建個股摘要；蔡明彰=美股呈一個市場兩種面貌 道瓊改寫高點費半高基期修正 本波為低基期補漲行情；台股進入44K以上套牢深水區且月季線死亡交叉 Q2上市量能74兆元約三分之一(20兆元)處於套牢 期盼一路反彈難度較高；三大變數=美7月非農報告/荷姆茲海峽開放/美7月CPI 若順利消化將吸引資金回流；黃柏棠=短線急漲14.2%後收復短中期均線 但45K以上買盤追價力道不足 Fed官員主張漸進升息 10年期美債殖利率持平 流動性偏中性難帶來第二波動能 技術面高檔震盪反覆整理；選股回歸基本面三面向=7月營收達成率超前(Q3首月達33%以上)/法說釋出訂單能見度提升/供給偏緊具漲價題材的AI基建材料(高階CCL ABF載板 記憶體 CPO)；數據=8/6加權收44396.70點跌214.9點(-0.48%) 成交9740億元為近三日最低 盤中一度跌破季線 自歷史高點修正幅度收斂至7.93% 千金股回到48檔 川湖收10100元成台股史上第三檔萬元股 與股王信驊並列雙萬金；來源ctee 20260807700052 + 20260807700208
2026-08-07,－(近24小時無新觀點),－,萬潤(6187),半導體-封裝自動化設備(自選股),無新評等,無新目標價,自選股本場次追蹤紀錄 非新觀點 不另建摘要；經多次搜尋確認8/6盤後至8/7開盤前無任何新券商報告或評等調整見報 工商時報/旺得富/鉅亨網/MoneyDJ/經濟日報均查無新內容；最近一次券商觀點仍為7/27=一家美系外資初評買進目標價1500元 另一家美系外資維持買進但目標價由1650元下修至1550元；註本場次搜尋另見第三方投資網誌引述高盛1800元與大摩688元(由450元調升) 惟均未載明報告日期且與7/9已收錄之高盛1550元(前值1650元)不符 研判為舊資料 標記待確認不列入正式紀錄；來源多來源交叉查核
2026-08-07,摩根士丹利(大摩 分析師葉馨),外資,穎崴(6515),半導體-測試介面(測試座),優於大盤(維持),12000,前值15000 下修20.0% 本場次幅度最大負向調整；出自大摩「大中華半導體產業」報告 主軸=投資焦點由漲價受惠股轉向多年期規格升級題材 測試設備與耗材為最大受惠者；Q2初步營收符合預期但毛利率可能低於40% 主因智慧型手機塑膠測試座出貨比重較高；新產能全面到位 預期年底前消化所有積壓訂單 搭配穩定良率與測試座+探針卡產品組合改善 H2毛利率可望穩定在43%~45%；Q3營收預估較Q2成長逾20%；2026年營收由145.99億元上修至151.76億元 但EPS由94.88元下修至89.21元(-6.0%) 強勁營收動能被毛利率不穩定抵銷；2027年EPS 205.18→207.93元 2028年EPS 436.93→438.74元 上修幅度僅1.3%/0.4%屬微調 長線故事未實質增強 目標價卻大幅下修 顯示評價倍數假設同步調降(原文未揭露倍數)；原文未載現價與潛在空間；對照7/16高盛買進13000元 7/24野村看多8315元 7/26FactSet共識12600元 本次落區間中段；已做個股摘要；來源udn 9675352
2026-08-07,摩根士丹利(大摩 分析師葉馨),外資,旺矽(6223),半導體-測試介面(探針卡),優於大盤(維持),8000,前值7500 上調6.7%；與穎崴同出一份大摩報告 同族群同評等卻反向調整 差異全在毛利率結構；受惠Trainium 3與Google TPU強勁拉貨 加上網通與面板驅動IC額外貢獻 Q2營收分別高於大摩預估6%與市場預期7%；AI需求延續 全產品線漲價推升Q3營收 預估Q3營收季增25%~30%；懸臂式探針卡CPC比重相對較低 Q3毛利率預計達約60%；因CPC及MEMS探針卡需求強勁與漲價效益延續 2026-2028年EPS各上修4.2%/11.9%/10.6%至71.48元/160.51元/319.26元；風險=2027/2028上修幅度遠大於2026 獲利動能高度押注後兩年有驗證空窗期 60%毛利率假設建立在CPC比重低的產品組合 若CPC訂單回流將稀釋 客戶集中於兩大ASIC專案未量化；對照7/24野村看多8000元 7/28高盛買進8000元 三家完全收斂共識度高；已做個股摘要；來源udn 9675352
2026-08-07,美系外資(未具名),外資,愛普*(6531),半導體-矽電容S-SiCap/利基記憶體,加碼(維持)+升列首選股Top Pick,1666,前值1555(大摩8/3) 跨券商比較+7.1% 是否同一家待確認 為本檔目前所見最高價且首度給予首選股定位；升評理由=持續看好矽電容S-SiCap結構性供不應求 以及邊緣AI帶動VHM業務成長機會；Q2獲利優於預期 IoTRAM Q2營收16.9億元受惠顯示相關客戶需求轉強 一般型記憶體價格高檔促使部分客戶改採IoTRAM 公司並因成本上升調升IoTRAM售價；S-SiCap Q2營收6.4億元 其中IPD正進入前所未見的快速量產爬坡 支援AI/HPC新的基板內嵌應用 需求能見度已延伸至2028年 外資預期S-SiCap 2027年營收可能超越IoTRAM成為更重要營收來源；VHM Q2營收約3700萬元目前主要為NRE 首款8層堆疊VHM正進行客戶認證 最快2027年底至2028年初量產；已與主要晶圓代工及封測夥伴簽長期產能協議 未來預期支付訂金或預付款；風險=IPC受力積電銅鑼廠出售案影響Q3生產可能短暫受衝擊Q4才恢復 GDR最多發行1500萬股潛在稀釋不超過8.43%但目標價是否已計入未說明 VHM 2028年才量產屬遠期選擇權；對照7/8小摩1350元 8/3大摩優於大盤1555元；已做個股摘要；來源chinatimes 20260807002161
2026-08-07,Factset彙整,外資,研華(2395),工業電腦/邊緣AI,加碼,649,前值560 上調15.9% 評等日8/7 本場次唯一評等與目標價同步明確上調者；惟649元相對現價634元隱含空間僅+2.4% 評價空間已有限；另補收錄8/6同表另一機構重申超越市場 目標價530→550元(+3.8%) 兩個交易日共識連續走高方向一致；本則僅有評等與數字 未載分析師論述與本益比假設無法檢驗評價基礎；_log 8/5與8/6已收錄公司財報/法說(無新券商評等)沿用628元 本次為財報後首見具體評等調升；已做個股摘要(含8/6與8/7兩筆)；來源cnyes 外資評等統計總表
2026-08-07,Factset彙整,外資,力成(6239),半導體-封測,強力買進,360,前值335 上調7.5% 評等日8/7；連兩日調升=8/6由310→335元(+8.1%)8/7再335→360元(+16.1%兩日累計) 評等兩日均維持強力買進 為本場次評等最強且方向最一致者；360元相對現價262.5元隱含空間+37.1%；產業背景(8/5已收錄本土投顧)=記憶體供需失衡短期難緩解 HBM排擠效應帶來外包訂單 力成與Broadcom於新加坡成立合資公司發展先進封裝 並以微凸塊技術切入3D Optical；風險=本則出自FactSet彙整未載論述與獲利上修幅度 兩日連升意味共識調整速度偏快須留意追價風險 記憶體封測動能高度依賴漲價循環延續；已做個股摘要(含8/6與8/7兩筆)；來源cnyes 外資評等統計總表
2026-08-07,Factset彙整,外資,新日興(3376),手機鉸鏈Hinge-機構件,強力買進,261,前值276 下修5.4% 評等日8/7 8/6才剛以276元收錄兩日內即遭下修屬短周期反覆；本場次唯一評等維持強力買進但目標價同步下修者 評等與數字方向背離；261元相對現價184.5元仍有+41.5%空間 但下修訊號本身值得留意；8/1已收錄法人點名其為美系客戶(Q3將發表首款折疊機)Hinge供應商之一但未給評等目標價 本次數字下修是否與折疊機規格或分配比重有關原文未說明；已做個股摘要；來源cnyes 外資評等統計總表
2026-08-07,Factset彙整,外資,聯詠(3034),IC設計-驅動IC,中立,530,前值480 上調10.4% 評等日8/7；屬調高數字不調高看法=目標價上調但評等仍維持中立；530元目標價仍低於8/7現價542元 隱含空間為負約-2.2% 評價面不具吸引力；_log 8/5已收錄公司財報(無新券商評等)沿用475元 本次上調後仍追不上股價；本則出自FactSet彙整未載論點與獲利預估；已做個股摘要；來源cnyes 外資評等統計總表
2026-08-06,Factset彙整,外資,啟碁(6285),低軌衛星-網通設備,超越市場,302,前值292 上調3.4% 評等日8/6 補收錄(8/6盤後與8/7早盤場次均未納入)；7/29已收錄某金控旗下投顧以低軌衛星題材推薦292元 本次外資共識與內資推薦價收斂後再上調；調幅僅3.4%屬微幅上修訊號強度有限；302元相對現價233元隱含空間+29.6%；本則出自FactSet彙整未載論點；已做個股摘要；來源cnyes 外資評等統計總表
2026-08-06,Factset彙整,外資,順德(2351),半導體-導線架,加碼,233,前值216 上調7.9% 評等日8/6 補收錄；本檔為首次收錄 _log中無過往紀錄可供比對 無法判斷本次調升在該機構評等序列中的位置；233元相對現價170元隱含空間+37.1%；本則出自FactSet彙整未載論點與獲利預估；已做個股摘要；來源cnyes 外資評等統計總表
2026-08-06,Factset彙整,外資,研華(2395),工業電腦/邊緣AI,超越市場(重申),550,前值530 上調3.8% 評等日8/6 補收錄；與8/7加碼560→649元為不同機構 兩日共識連續走高；併入研華個股摘要檔；來源cnyes 外資評等統計總表
2026-08-06,Factset彙整,外資,力成(6239),半導體-封測,強力買進,335,前值310 上調8.1% 評等日8/6 補收錄；與8/7的335→360元構成連續兩日調升 兩日累計+16.1%；併入力成個股摘要檔；來源cnyes 外資評等統計總表
2026-08-06,Factset彙整,外資,文曄(3036),IC通路,共識(未列評等),305,前值未揭露 評等日8/6 補收錄；本則為外資共識彙整 僅有目標價 無評等與論點 不另建摘要檔；隱含空間相對現價211.5元約+44.2%；惟8/7盤中因Q3營收展望僅持平重摔跌停 共識價與市場反應背離 尚未反映法說內容 宜留意後續下修風險；來源cnyes 外資評等統計總表
2026-08-06,Factset彙整,外資,慧洋-KY(2637),航運-散裝,共識(未列評等),88,前值未揭露 評等日8/6 補收錄；本則為外資共識彙整 僅有目標價 無評等與論點 不另建摘要檔；目標價88元幾乎貼齊現價87.9元(+0.1%) 無評價空間；來源cnyes 外資評等統計總表
2026-08-07,Factset彙整,外資,信驊(5274),半導體-IC設計(BMC),共識(未列評等),20059.09,前值未揭露 評等日8/7 首次收錄此共識值；與8/6同表數字完全相同判定共識未變動；低於8/6已收錄之兩家美系外資買進20455元與20888元；僅有目標價無評等與論點 不另建摘要檔；來源cnyes 外資評等統計總表
2026-08-07,Factset彙整,外資,川湖(2059),AI伺服器機構件-滑軌,共識(未列評等),9970,前值未揭露 評等日8/7 首次收錄目標價；目標價低於現價11110元約10.3% 股價已顯著超越外資共識；8/7跳空漲停創天價11110元 Q2毛利率87.42%勝輝達 為台股史上第三檔萬元股(與信驊並列)；8/4已收錄法人無評等(獲利上修)未列目標價；僅有目標價無評等與論點 不另建摘要檔；來源cnyes 外資評等統計總表
2026-08-07,Factset彙整,外資,鴻海(2317),AI伺服器-ODM/EMS,共識(未列評等),320,前值未揭露 評等日8/7 首次收錄目標價 隱含空間相對現價260元約+23.1%；7月營收9465億元創歷史單月新高 月增15.18%年增54.19%；8/7獲第一金投顧列入15檔籌碼穩定股 本周三大法人買超175.81億元 法人持股比率46.68%；僅有目標價無評等與論點 不另建摘要檔；來源cnyes 外資評等統計總表
2026-08-07,Factset彙整,外資,華邦電(2344),半導體-記憶體,共識(未列評等),236,前值未揭露 評等日8/7 隱含空間相對現價163.5元約+44.3%；明顯低於8/4已收錄美系外資優於大盤360元 共識較該單一外資保守約34%；Q2獲利創高上半年EPS 7.65元 今年營收衝千億目標已於7月提前達陣；惟8/7遭外資賣超4萬3331張為賣超第二大；僅有目標價無評等與論點 不另建摘要檔；來源cnyes 外資評等統計總表
2026-08-07,Factset彙整,外資,智邦(2345),網通-交換器,共識(未列評等),3500,前值未揭露 評等日8/7 隱含空間相對現價2215元約+58.0%；低於8/6已收錄美系外資加碼3800元；Q2每股賺19.78元年增119.7%；僅有目標價無評等與論點 不另建摘要檔；來源cnyes 外資評等統計總表
2026-08-07,Factset彙整,外資,統一超(2912),流通-便利商店,共識(未列評等),277.5,前值未揭露 評等日8/7 首次收錄目標價 隱含空間相對現價221元約+25.6%；本場次唯一非科技類新增觀點；僅有目標價無評等與論點 不另建摘要檔；來源cnyes 外資評等統計總表
2026-08-07,－(共識未變動不重複計列),－,智原(3035),IC設計-ASIC/矽智財,無變動,195,本場次查核紀錄 非新觀點 不另建摘要；8/6 Factset外資評等彙整195元與2026-07-29已收錄之日系外資買進195元數字完全相同 判定共識未變動 不重複計列為新增觀點；來源cnyes 外資評等統計總表
2026-08-07,－(近24小時無新觀點),－,萬潤(6187),半導體-封裝自動化設備(自選股),無新評等,無新目標價,自選股本場次追蹤紀錄 非新觀點 不另建摘要；經多來源交叉查核(鉅亨網/工商時報/經濟日報聯合新聞網/中時新聞網旺得富/MoneyDJ)確認8/6盤後至8/7 19:00無任何新券商報告或評等調整見報；最近一次正式券商觀點仍為7/27=一家美系外資初評買進目標價1500元 另一家美系外資維持買進但目標價由1650元下修至1550元；註本場次搜尋另見第三方投資網誌引述高盛由賣出升至買進目標價由365元跳升至800元 該敘述與7/9已收錄之高盛買進1550元(前值1650元)不符 且原文未載明報告日期 研判為舊資料 標記待確認不列入正式紀錄；產業旁證=本場次外資對測試介面(穎崴/旺矽)與矽電容先進封裝(愛普)均有具體動作 顯示先進封裝與CPO設備鏈關注度未退 惟無券商據此對萬潤出具新報告
2026-08-07,市場數據(非券商評等),－,大盤/川湖2059/文曄3036,市場-大盤與亮點股,無(市場數據),無,本場次市場數據紀錄 非券商觀點 不另建摘要；8/7加權指數收44225.91點跌170.79點(-0.38%) 成交8192億元量縮失守季線 盤中振幅逾880點(開高一度漲逾430點觸及44827.13點後翻黑)；台積電收2370元漲5元(+0.21%)重返5日線；三大法人賣超442.44億元 其中外資賣超407.16億元 投信32連買中止；外資買超前三=長榮航2.2萬張 統一2萬335張 緯創1萬7158張；外資賣超前三=群創5萬1201張 華邦電4萬3331張 聯電2萬3200張；川湖跳空漲停11110元創天價Q2毛利率87.42%；文曄因Q3營收展望僅持平盤中重摔跌停；本週加權上漲1106點 上市總市值升至144.5兆元；來源udn 9677148 + ltn 5532163
2026-08-08,大和資本證券(分析師鄭盛元),外資,川湖(2059),AI伺服器機構件-滑軌,買進(重申),15000,前值5888 上調154.7% 為外資圈最高價 本場次幅度最大調整；8/7法說會與半年報報喜(Q2毛利率87.42%勝輝達)後三家外資同日出報告；看好持續鞏固伺服器滑軌市場領導地位 受惠新一代CPU平台導入及產品組合優化 通用型伺服器滑軌ASP由30~40美元上調至60~70美元 據此將2026~2028年毛利率預估由原先約70%大幅調升至85%~90%；為反映Q2優於預期同步大幅上調2026~2027年EPS預估 並將評價基礎由30倍本益比調升至36倍 高於過去三年9~23倍歷史區間；風險=36倍本益比高於歷史上緣 目標價漲幅有相當比重來自評價重估而非純獲利上修 ASP近乎翻倍屬強假設 原文未揭露EPS絕對值無法交叉檢驗；8/7收11110元(跳空漲停創天價) 相對現價+35.0%；已做個股摘要(三家外資合併)；來源udn 9678253
2026-08-08,瑞銀證券,外資,川湖(2059),AI伺服器機構件-滑軌,買進(重申),14000,前值8950 上調56.4%；2026~2028年EPS預估分別上調66%/73%/75%；瑞銀先前強調從Hopper HGX到Vera Rubin機架 滑軌單機價值可望提升逾一倍 隨更多採用專用滑軌的客製化機架級系統推出 未來成長空間可望進一步擴大；相對8/7收盤11110元隱含空間+26.0%；併入川湖個股摘要檔；來源udn 9678253 + money 9676769
2026-08-08,摩根士丹利(大摩),外資,川湖(2059),AI伺服器機構件-滑軌,優於大盤(重申),10000,維持未調整 為三家中唯一未調升目標價者 與大和15000元差距達50%；同日同評等方向卻出現極大分歧 分歧點在毛利率與評價倍數假設而非產業景氣判斷；目標價低於8/7收盤11110元約10.0% 與8/7已收錄FactSet共識9970元同屬股價已跑過共識；併入川湖個股摘要檔；公司端法說會說法=訂單很滿能見度看到2029年 美國休士頓新廠9月量產 提前1.5~2年啟動百億擴產計畫；來源udn 9678253 + 9678244
2026-08-08,本土大型投顧(原文未具名),內資,研華(2395),工業電腦/邊緣AI,買進(升評),760,前值450 上調68.9% 為本場次內資最大幅度調升 亦為本檔目前所見最高價；首度出現內資高於外資共識=760元較8/7已收錄FactSet共識649元高出約17%；升評主軸=邊緣AI需求強勁 工業電腦景氣處上升階段；BB Ratio由Q1 1.77 Q2 1.44 於7月回升至1.64 下半年估維持1.4~1.5；規模經濟推升營益率至19.6%；EPS預估2026年19.87元 2027年23.11元 以2026H2~2027H1的21.71元乘35倍本益比推得760元；風險=35倍本益比原文未揭露歷史區間對照 兩個交易日內出現550→649→760連續墊高共識調整速度偏快 券商名稱未揭露無法確認出具機構；相對現價約634元隱含空間約+19.9%(現價待確認)；已做個股摘要；來源ftnn 568120
2026-08-07,高盛(美商高盛),外資,上詮(3363),光通訊-CPO/FAU/高階跳線,買進,本則未列目標價,首次以此形式收錄 無目標價但有明確評等故建個股摘要；7月營收年增率轉正至12% 主要反映客戶的CPO交換器所需高階跳線及光通訊元件已開始出貨；看好8月營收成長力道與7月相當 9月因CPO FAU出貨量快速提升將帶動營收維持月增趨勢；隨AI伺服器機櫃持續放量及CPO交換器由Scale-Out擴展至Scale-Up 需求量將大幅提升；毛利率下降主因為CPO FAU量產做準備產生較高測試費用；預期CPO FAU營收成長2027下半年加速 2028~2030年迎來大成長；風險=無目標價與EPS假設無法檢驗評價 上半年稅後虧損1.32億元Q2 EPS-0.2元 買進論述建立在未來FAU商機而非當前獲利 主要貢獻遞延至2027H2以後有驗證空窗期；註市場另有大摩708元觀點惟報告日期較早不併入比較 標記待確認；已做個股摘要；來源money 9677110 + 9675364
2026-08-07,投顧法人(未具名),內資,台燿(6274),電子零組件-銅箔基板CCL,調升(未明示評等),調升目標價(數字未揭露),原文僅載法人調升獲利預估值及目標價 未給券商名稱評等與具體價位 無法納入數字追蹤 不另建個股摘要；7月營收59.0億元月增20.6%年增121.5% 自3月起連續第五個月創新高 Q3營收達成率略優預期；Q2 EPS 7.8元略優於預期 毛利率季增4.5個百分點至29.7%續創歷史新高 主因漲價效應與M7以上料號占比提升至39%；Q3隨美系ASIC新專案挹注 M7以上高階料號6月再漲逾10%完整季度貢獻 泰國廠十萬張新產能開出 單季營收可望季增近二成 毛利率獲利同步走高；訂單高度客製化產品從認證到出貨需8~12個月；對照8/5已收錄本土大型投顧買進1600元與8/4 Factset 2032.5元；來源money 9677109
2026-08-07,投顧法人(未具名),內資,景碩(3189),PCB-IC載板(ABF),調升(未明示評等),調升目標價(數字未揭露),原文僅載法人調升獲利預估值及目標價 未揭露任何目標價數字券商名稱或評等 不另建個股摘要；Q2 EPS 2.5元優於市場預期 毛利率由Q1 21.1%升至Q2 26.1% 營益率13.4% 主因產能利用率上揚產品組合優化與價格調漲；Q3預估營收季增12.4% 毛利率進一步升至27.3%；因AI GPU/ASIC/CPU需求增溫與T-glass短缺 ABF供給緊張2026下半年將加劇；已通過額外196億元資本支出(原80億元翻倍)投入K6廠 月產能由目前4000萬片增至2027年5000萬 2028年6500萬 2029年8000萬片；對照8/6已收錄富邦投顧1000元與永豐投顧1020元；來源money 9676971
2026-08-07,日系外資+美系外資(均未具名),外資,南電(8046),PCB-IC載板(ABF/BT),產業正向(未列個股評等),本則未列目標價,無評等與目標價不建個股摘要；日系外資指ABF與BT載板今年分別調漲50%與70%；美系外資認為高階ABF今明兩年價格最高上行2成 可帶動毛利率大幅提升；兩則均未載明評等與目標價；與同場次台燿(M7以上料號6月再漲逾10%)景碩(ABF/BT調漲)共同指向載板與CCL漲價效應反映在毛利率而非單純出貨量；來源ftnn 568072
2026-08-08,－(待確認 不採用),外資,國巨(2327),被動元件-MLCC,調降目標價維持買進,1280(待確認),本場次查核紀錄 不計入新增觀點 不建個股摘要；出自工商時報2026/08/08 07:28之理財周刊授權轉載(作者蔡武穆) 未載明券商名稱與報告發布日期 內容多為回溯性整理 依既定規則標記待確認；同文另提及華新科(2492)今年EPS估7.2元明年14~17元 同樣未載明來源日期；對照8/7已收錄工商時報權證專欄法人買進688元 兩者差異大；來源ctee 20260808700017
2026-08-08,－(近24小時無新觀點),－,萬潤(6187),半導體-封裝自動化設備(自選股),無新評等,無新目標價,自選股本場次追蹤紀錄 非新觀點 不另建摘要；經多來源交叉查核(鉅亨網個股券商評等頁與台股新聞列表/工商時報證券版與即時證券/經濟日報聯合新聞網/中時新聞網旺得富/MoneyDJ/FTNN財經/中央社券商晨訊)確認2026/08/07至2026/08/08 08:00無任何新券商報告或評等調整見報；最近一次正式券商觀點仍為7/27=一家美系外資初評買進目標價1500元 另一家美系外資維持買進但目標價由1650元下修至1550元；註本場次查得FTNN 2026/07/27報導將1550元記為歐系外資瑞銀首評 數字相同但券商屬性描述不同 屬性歸類標記待確認；另見第三方來源引述高盛上調至1800元維持買進 文章編號明顯早於本期且未載報告日期 研判為舊資料 標記待確認不列入正式紀錄；8/7收1130元跌45元(-3.83%) 52週高1490元；8/8為週六休市無新價格
2026-08-08,市場數據(非券商評等),－,大盤/川湖2059,市場-大盤與亮點股,無(市場數據),無,本場次市場數據紀錄 非券商觀點 不另建摘要；8/8為週六台股休市 中央社券商晨訊停發 媒體新稿量顯著下降；8/7加權指數收44225.91點跌170.79點(-0.38%) 量縮失守季線 本週上漲1106點 上市總市值144.5兆元；三大法人本週合計買超507.4億元 惟8/7單日轉賣超442.44億元(外資賣超407.16億元 投信32連買中止轉賣超12億元) 八大公股行庫進場115.7億元；美國7月非農就業意外月減2.3萬人 且5-6月合計下修10.3萬人 升息風險降低美股收紅 台指期夜盤大漲近千點站回45K；8月台股將有341檔集中發放現金股利合計4257.5億元；來源money 9678260 + 9678264 + 9678265 + 9678036
2026-08-08,官股龍頭金控旗下投顧(原文未具名),內資,華邦電(2344),半導體-記憶體(NOR Flash/DDR4/SLC NAND/客製化記憶體CMS),買進(重申),350,前值170 上調105.9% 為本場次幅度最大 亦為本檔目前所見最高價；相對8/7收163.5元隱含空間約+114%；Q2營收598.43億元季增56.4%年增184.7% 毛利率66.3%(季增12.9個百分點) 歸母淨利243.17億元 EPS 5.4元 動能來自CMS平均售價季增約100% Flash位元成長15~16%且ASP季增約40%；預估Q3營收818.74億元(季增36.8%) 毛利率76.5% EPS 9.19元 CMS合約價季增50% Flash合約價季增30%；2026/2027年營收估2683.9/4928.3億元(+200.2%/+86.3%) 毛利率71.4%/80.8% EPS 27/59.9元；核心論點=供需結構性改變加客戶推LTA長約 據此將評價方式由景氣循環股改為本益比法 目標價翻倍主要來自評價方法轉換而非單純獲利上修；風險=券商未具名未載報告日期 350元屬明顯離群值(原文自承其他法人多在200~275元 宏遠240國票236凱基200群益200) EPS分歧大(2027年59.9元vs凱基69.9國票53宏遠43.57) 毛利率80.8%與稅後淨利年增近30倍屬極端外推 8/7遭外資賣超4萬3331張為當日賣超第二大；對照8/7 FactSet外資共識236元與8/4美系外資優於大盤360元；同文另引小摩360元未載日期標記待確認不列入；已做個股摘要；來源wantrich 20260808900055
2026-08-08,本土法人(原文未具名),內資,上銀(2049),機械-傳動元件(線性滑軌/滾珠螺桿),買進(維持),460,前值431(7/29本土投顧) 上調6.7%；7月合併營收26.81億元月增5%年增33.9% 連5個月年月雙增並創2022/8以來新高；交期全面拉長=線性滑軌由去年底3個月拉長至4~5個月 滾珠螺桿由4個月延至5~6個月 拉貨動能逐季增強；3月宣布調漲7%~15%自6月起反映報價 為毛利率預估上行主要來源 2026/2027毛利率估33.76%/35.44%；評價基礎=2026H2~2027H1 EPS 11.5元乘40倍本益比；題材面同時卡位半導體設備零組件與機器人供應鏈 智慧製造大展8/19登場；風險=券商未具名 40倍本益比屬循環高點評價且原文未揭露歷史區間對照 目標價調升幅度6.7%明顯小於營收年增33.9%顯示評價擴張保守訊號強度有限 漲價自6月起才反映需2~3季驗證有空窗期；對照8/6美系外資青睞但未給評等目標價；已做個股摘要；來源ftnn 568189
2026-08-08,本土法人(原文未具名),內資,聯詠(3034),IC設計-驅動IC/TDDI/AI影像畫質晶片,中立(降評),622,本場次唯一降評 亦為本檔目前所見最高目標價但評等最保守；屬上修獲利卻降評的矛盾訊號=同步調高2026年EPS至34.92元2027年至36.62元 但投資評等降至中立；降評三理由=Q2獲利有一部分來自業外本業品質不如帳面 本業毛利率恐已於Q2觸頂 2027年記憶體晶圓代工封測三大成本齊揚能否全數轉嫁存疑 另認為股價上檔空間有限；7月營收102.96億元月增2.73%年增26.8%連4個月年增 Q2單季EPS 10.4元優於預期；評價基礎=2027年EPS 36.62元乘17倍本益比 明顯低於同期其他IC設計股 反映對成本轉嫁能力疑慮；風險=券商未具名 與8/7已收錄之FactSet(中立 480→530元)為不同機構不同數字勿混為一談 8/7收542元FactSet共識530元已低於現價 本次622元實質是數字追上股價但看法不追；已做個股摘要；來源ftnn 568196
2026-08-08,法人(原文未具名),內資,欣興(3037)/景碩(3189)/南電(8046)/臻鼎-KY(4958),PCB-IC載板(ABF),產業正向(未列個股評等),本則未列目標價,無個股評等目標價不建個股摘要；上修2026~2028年ABF載板市場供需缺口由原先預估3%大幅擴大至36% 主因2026下半年新一代AI晶片陸續量產加上上游T-glass玻纖布供給持續吃緊 供給偏緊有助載板廠維持議價能力漲價趨勢延續；估2027年AI晶片應用占整體ABF載板需求面積比重達52%(2025年為35%)；載板規格升級=NVIDIA Hopper世代65x55mm Blackwell擴大至80x75mm(面積+101%) Rubin進一步至100x100mm(面積再+79%) 層數由14層提升至18層以上；ASIC方面Trainium與TPU載板面積需求較前一代分別成長約60%及21%；個股定位=欣興AI客戶布局最廣且技術領先 景碩受惠AI大客戶外溢訂單 南電受惠尺寸更大的網通晶片載板 臻鼎-KY為新進者已切入ASIC客戶供應鏈；對照8/7已收錄景碩與南電法人觀點 方向一致；來源money 9678919
2026-08-08,安聯投信(台灣大壩基金經理人蕭惠中),內資,大盤策略,策略-大盤與資產配置,無(大盤觀點),無個股目標價,無個股評等目標價不建個股摘要；估2026年台股整體企業獲利年增率達65.39% 其中電子股約69% 金融股約48% 非金電約57% 基本面強勁；惟目前台股本益比約29.75倍本淨比約4.14倍 均已達過去10年平均值以上兩個標準差水準 評價偏高 未來股價表現將更依賴企業獲利持續上修而非評價擴張；配置方向續看好AI伺服器與資料中心供應鏈/半導體先進製程與封裝測試/ASIC與高速傳輸/ABF載板與高階PCB/散熱電源及光通訊；資金面=截至7月底2026年以來外資累計賣超台股逾2.28兆元但外資持有台股市值比重仍近48.7% 內資與主被動式ETF持續承接 主動式ETF動能明顯增強；來源money 9678829
2026-08-08,－(重複 已收錄不重複計列),外資,力積電(6770),半導體-晶圓代工/DRAM,買進(升評),100,本場次查核紀錄 非新觀點 不另建摘要；FTNN 8/7 21:15刊出瑞銀升評買進100元 惟同一份報告已於8/7早盤場次收錄(瑞銀證券 買進升評 100元) 判定重複不重複計列；同日另有摩根大通100元與摩根士丹利111元亦已收錄；來源ftnn 568045
2026-08-08,－(待確認 經查為舊報告 不採用),外資,國巨(2327),被動元件-MLCC,維持買進/增持(三家),大摩1465 高盛1280 花旗1450(均為7月底報告),本場次查核紀錄 不計入新增觀點 不建個股摘要；出自FTNN 2026/08/08 13:10 惟為財經達人臉書貼文之二手轉述 文中明載大摩報告為7/29法說會前所出 高盛與花旗為跟進調整 實際報告日應在7月底至8月初 非8/8新報告；此結果同時解除8/8早盤場次就工商時報理財周刊授權轉載(1280元)所標記之待確認 確認為舊資料；花旗本益比由40倍降至35倍；來源ftnn 568224 + ctee 20260808700017
2026-08-08,－(重複 疑似舊資料),內資,南亞(1303),塑化-電子材料,買進,228(待確認),本場次查核紀錄 不計入新增觀點 不建個股摘要；FTNN 8/8 19:10刊出本土法人買進228元(2026/2027 EPS 12.75/15.72元) 惟同一份報告FTNN已於8/6 23:30刊過 8/8為週末籌碼回顧文重述舊報告 且刊出時間19:10已超出本場次19:00視窗 不重複計列；來源ftnn 568253
2026-08-08,－(近24小時無新觀點),－,萬潤(6187),半導體-封裝自動化設備(自選股),無新評等,無新目標價,自選股本場次追蹤紀錄 非新觀點 不另建摘要；經多來源交叉查核(鉅亨網外資評等統計總表與萬潤個股頁/工商時報/中時新聞網旺得富/MoneyDJ/FTNN財經/自由時報財經)確認2026/08/07 19:00至2026/08/08 19:00無任何新券商報告或評等調整見報；FTNN萬潤標籤彙整頁最新一篇仍為7/27 17:40 鉅亨外資評等總表無6187任何列；最近一次正式券商觀點仍為7/27=一家美系外資初評買進目標價1500元 另一家美系外資(FTNN記為歐系瑞銀首評)維持買進但目標價由1650元下修至1550元 券商屬性歸類仍標待確認；重要更新=本場次已定位出第三方反覆引述之高盛1800元原始出處為FTNN 2026/04/23 07:20報導 較7/27之1500/1550更舊 自此判定為舊資料回收 不再列為待確認；8/7收1130元跌45元(-3.83%) 本益比約74倍 52週高1490元；8/8為週六休市無新價格
2026-08-08,市場數據(非券商評等),－,大盤/本週漲幅榜,市場-大盤與亮點股,無(市場數據),無,本場次市場數據紀錄 非券商觀點 不另建摘要；8/8為週六台股休市 中央社券商晨訊停發 媒體新稿量顯著下降 全日僅3則具明確券商評等與目標價之新聞；8/7加權指數收44225.91點跌170.79點(-0.38%) 量縮失守季線 成交約8505億元；本週加權上漲1106點(+2.57%)週線由黑翻紅 上市總市值升至144.5兆元；8/7三大法人賣超442.44億元(外資407.16億元 投信32連買中止) 八大公股行庫進場115.7億元；美國7月非農就業意外月減2.3萬人且5-6月合計下修10.3萬人 升息風險降低 台指期夜盤大漲近千點站回45K；本週漲幅榜前十=聯友金屬-創7610 +54.17% 中探針6217 +48.65% 聯茂6213 +47.91% 鈺創5351 +43.05% 愛普6531 晶豪科3006 大量3167 川湖2059 +41.53%(晉身台股第三檔萬元股) 聯亞3081 吉祥全2491 以AI/半導體/CCL/記憶體/光通訊為主軸；8月將有341檔集中發放現金股利合計4257.5億元；來源money 9678420 + 9678265 + 9678829
2026-08-09,本土法人(原文未具名),內資,昇達科(3491),光通訊-低軌衛星/微波毫米波元件,買進,1940,本場次本檔最高價 亦為三家中最樂觀；評價基礎=2027年EPS 38.76元乘50倍本益比 相對8/7收1235元隱含空間+57.1%；論點=低軌衛星進入高速部署期 SpaceX下一代V3衛星將搭載Ka/E/Q-V/W共四種頻段 使用頻段增加同步推升衛星內部微波及毫米波零組件數量 有利單顆衛星供貨價值成長；客戶自製比重下降加越南新產能到位 美系供應鏈份額仍有提升空間；第二成長來源Amazon規劃2029年前部署3236顆低軌衛星 目前仍約2900顆待發射 2027~2028年另規劃約4500顆下一世代衛星；併購巨頻科技55%股權2026年8月完成交割 法人估明後兩年分別貢獻約2.3億元與7.9億元營收；Q2營收9.02億元季減11.6% 毛利率微降至55.6% 惟客戶改設計致無法出貨之半成品成品須由客戶買回 款項認列業外 業外收支增至1.14億元 單季EPS仍達4.47元；Q3估營收10.6億元季增17.2% EPS約4.85元；風險=券商未具名 50倍本益比未揭露歷史區間對照 目標價高度依賴2027年獲利實現 驗證空窗期長；已做個股摘要(三家合併)；來源setn 1886275
2026-08-09,本土大咖投顧(原文未具名),內資,昇達科(3491),光通訊-低軌衛星/微波毫米波元件,買進,1780,前值2000 實為下修11%；重要疑點=三立8/9報導將1780元描述為法人調升目標 但FTNN 8/8 23:05原文明載前值為2000元 同一數字出現兩種方向敘事 本紀錄採FTNN之前值揭露(下修) 方向標記待確認；評價基礎=2027年營收75.1億元 EPS 35.6元乘50倍本益比 相對8/7收1235元隱含空間+44.1%；與本場次1940元一家同採50倍 差異幾乎全部來自2027年EPS假設(38.76元vs35.6元 差8.9%)；併入昇達科個股摘要檔；來源ftnn 568296 + setn 1886275
2026-08-09,本土法人(原文未具名),內資,昇達科(3491),光通訊-低軌衛星/微波毫米波元件,增加持股,1560,三家中最保守 與最高之1940元差24.4%；相對8/7收1235元隱含空間+26.3% 原文未揭露評價基礎；關鍵反面訊息=在手訂單由前季約18億元驟降至7~8億元 法人解釋為客戶新長約Q4才釋出非需求轉弱 惟此說法未經公司證實；同一法人估下半年低軌衛星營收僅較上半年增二成餘 低於市場期待 與1940元之樂觀情境明顯不同調；Q2營收9.02億元季減12%年增76% EPS 4.47元；併入昇達科個股摘要檔；來源ftnn 568304
2026-08-09,本土法人(原文未具名),內資,南電(8046),PCB-IC載板(ABF/BT),買進,1800,本檔目前所見最高價 相對8/7收1080元隱含空間+66.7% 原文未揭露本益比倍數；Q2營收季增21.5% 毛利率跳增8.9個百分點至24.75% EPS 3.50元創13季新高；Q3營收估再增約20% 1.6T高階網通載板下半年放量；董事會通過468億元資本支出擴建嘉義廠 布局CoPoS玻璃核心載板；與8/8已收錄之ABF載板供需缺口由3%上修至36%產業觀點方向一致；風險=券商未具名未載報告日期 完全未揭露評價基礎 毛利率單季跳增8.9個百分點屬異常大幅改善 若ABF/BT價格漲勢趨緩恐難延續 468億新產能2028年才開出短期只增折舊；已做個股摘要(兩家合併)；來源ftnn 568312
2026-08-09,本土券商(原文未具名),內資,南電(8046),PCB-IC載板(ABF/BT),買進(重申),1600,前值1500 上調6.7% 相對8/7收1080元隱含空間+48.1%；評價基礎=2027年預估EPS乘43倍本益比 反推隱含2027年EPS約37.2元 惟原文未直接揭露券商自家EPS數字無法交叉驗證；Q2營收135.8億元季增21%年增42% 毛利率24.8%高於券商估24%與市場共識 營益率21.4% EPS 3.5元；Q3估營收161億元季增18.5% 毛利率升至29% 營益率25.9% EPS 5.42元年增384%；券商對2026/2027年EPS預估均高於市場共識的16元與33.9元；原文列風險為T-glass材料供應與ABF/BT載板價格波動；與同場次另一家本土法人1800元相差200元(12.5%)；併入南電個股摘要檔；來源setn 1886261
2026-08-09,本土法人(原文未具名),內資,譜瑞-KY(4966),IC設計-高速傳輸介面IC,持有-超越同業,710,前值600 上調18.3%；本場次唯一非買進類評等；矛盾訊號=目標價上調但評等僅維持持有-超越同業 上調主要來自評價基期由2026年切換至2027年 而非本期獲利上修 訊號強度有限；Q2營收42.5億元符合預期 惟封測漲價使毛利率僅40.2%落財測下緣 EPS 7.41元略低於法人原預估；2026/2027年EPS估34.99元/44.22元；ASIC首顆晶片Q3底定案(製程N6/N12) 營收貢獻要到2027下半年；PCIe 6.0 ACC Cable仍在客戶驗證；風險=券商未具名未載報告日期 毛利率壓力來自成本端(封測漲價)在漲價循環未結束前可能延續 兩大題材皆遞延至2027H2以後有明顯驗證空窗期 短期高度依賴PC/NB成熟市場 本益比倍數未揭露；已做個股摘要；來源ftnn 568314
2026-08-09,本土法人(原文未具名),內資,愛普*(6531),半導體-記憶體IP/矽電容(S-SiCap),買進,1430,上調(前值未揭露)；評價基礎=2027年EPS 35.75元乘40倍本益比；Q2營收23.6億元年增78% 毛利率49.1% EPS 4.18元創單季新高；S-SiCap矽電容2027年營收有望超越IoTRAM成為第一大產品線 VHM規劃2028年量產；風險=券商未具名未載報告日期 40倍本益比未揭露歷史區間對照且以2027年為基期 公司規劃發行最多1500萬股GDR稀釋上限8.43%而原文未說明是否已計入EPS 35.75元 若未計入則EPS與目標價均需下修 主要成長論述皆落在明後年當期獲利不足以支撐40倍評價 個股掛星號近期曾受處置流動性與波動風險偏高；對照8/7已收錄美系外資加碼加首選1666元 本土1430元保守14.2%；已做個股摘要；來源ftnn 568294
2026-08-09,本土老牌投顧(原文未具名),內資,華邦電(2344),半導體-記憶體(NOR Flash/DDR4/SLC NAND/CMS),增加持股,204,相對8/7收163.5元隱含空間約+24.8%；Q2營收598.43億元季增56.4% EPS 5.40元高於該投顧原預估4.79元；記憶體事業毛利率由56.6%拉升至70.3% 產能近滿載；2026年資本支出規劃395億元；本檔最大看點=內資陣營嚴重分歧 本則204元與8/8已收錄官股龍頭金控旗下投顧350元差距近1.7倍 兩者對Q2營運數字描述一致(營收598.43億元 EPS 5.4元) 分歧完全出在評價方法 350元一方主張供需結構性改變加客戶長約而將評價方式由景氣循環股改為本益比法 204元一方未做此切換；外部參照分散=8/7 FactSet外資共識236元 8/4美系外資優於大盤360元 四個數字散布204~360元區間寬達76%；風險=券商未具名未載報告日期 本則未揭露EPS預估與本益比倍數無法同基礎對照 8/7遭外資賣超4萬3331張為當日賣超第二大 毛利率56.6%至70.3%跳升屬漲價循環高點不具延續性；已做個股摘要；來源ftnn 568278
2026-08-09,－(近24小時無新觀點),－,萬潤(6187),半導體-封裝自動化設備(自選股),無新評等,無新目標價,自選股本場次追蹤紀錄 非新觀點 不另建摘要；經七來源交叉查核(鉅亨網個股頁6187與外資評等統計總表/工商時報萬潤搜尋頁/經濟日報萬潤標籤頁/中時新聞網旺得富/MoneyDJ/FTNN萬潤標籤頁/自由財經個股頁)確認2026/08/08 19:00至2026/08/09 08:00無任何新券商報告或評等調整見報；鉅亨外資評等總表最新評等日僅到20260807且8/4-8/7全表無6187 經濟日報萬潤標籤最新一則停在2026-07-27 FTNN萬潤標籤72篇最新為2026/07/27 17:40；最近一次正式券商觀點仍為7/27=一家美系外資初評買進目標價1500元 另一家美系外資維持買進但目標價由1650元下修至1550元(FTNN記為歐系瑞銀首評 券商屬性歸類仍標待確認)；非券商旁證=工商時報8/9 03:00技術面報導(記者張瑞益)波段低點826元 8/7收1130元短線反彈36.8% 站回所有均線 日KD日MACD周KD同步向上 CPO樣品機鎖定交換器應用已交付客戶驗證 面板級封裝具實驗機到量產機完整布局；8/3除息11.66059068元一日填息填息率754.7%重回千金股 本益比約74倍 52週高1490元；提醒7月營收依規定須於8/10前公告 下週一留意是否觸發新券商動作；8/8-8/9休市無新價格；來源ctee 20260809700186
2026-08-09,－(待確認 經查為舊報告 不採用),外資,國巨(2327),被動元件-MLCC,維持買進(兩家),高盛1280 花旗1450,本場次查核紀錄 不計入新增觀點 不建個股摘要；出自三立新聞網2026/08/08 17:46(編輯許展溢)引述財經達人股人阿勳臉書貼文之二手轉述 高盛1490下修至1280 花旗1500下修至1450 均維持買進 花旗本益比由約40倍降至35倍；不計列原因有二=刊出時間17:46早於本場次8/8 19:00起算視窗 且已於8/8盤後場次依FTNN 568224查明大摩報告出於7/29法說會前 高盛與花旗為跟進調整 實際報告日在7月底至8月初 判定為舊報告；來源setn 1886206
2026-08-09,－(重複 已於8/8盤後判定),內資,南亞(1303),塑化-電子材料,買進,228,本場次查核紀錄 不計入新增觀點 不建個股摘要；FTNN 8/8 19:10刊出本土法人買進228元(Q3/Q4 EPS 3.74/3.83元 2026/2027 EPS 12.75/15.72元) 惟同一份報告FTNN已於8/6 23:30刊過 為週末籌碼回顧文重述舊報告 已於8/8盤後場次判定重複；來源ftnn 568253
2026-08-09,高盛(具名)+麥格理+花旗,外資,上銀2049/所羅門2359/樺漢6414/時碩/新代,工業自動化與機器人供應鏈,產業正向(未列個股評等),無,無個股評等與目標價不建個股摘要；高盛台灣考察指出AI與資料中心需求使全球工業自動化供需緊繃 市場焦點已由訂單成長轉向產能是否跟得上與能否順利漲價兩大指標 原物料與人力成本同步攀升漲價趨勢逐步浮現 電氣與電子零組件(以感測器為主)交期拉長最明顯 日本CNC主要供應商交期拉長至兩倍以上帶動台廠新代營收成長率超越中國大陸整體市場與日本供應商；人形機器人2035年全球出貨量預估分歧=高盛658萬台(最保守) 麥格理942萬台 花旗1300萬台 三者均未載報告日期；台北國際自動化工業大展8/19登場 上銀與Dexterity合作提供八軸機械手臂近期可望取得20~30台訂單每台單價逾百萬元(法人說法未經公司證實)；時碩Q2合併營收14.68億元季增8.3%年增17.2%創單季新高 7月起切入AI伺服器液冷散熱鏈放量；上周漲幅=上銀+27% 富采+23.6% 威強電+21.1% 所羅門+18.6% 樺漢+17% 時碩+14.9% 第一銅+13.6% 研華+12.6% 同期大盤僅+2.5%；對照8/8已收錄本土法人上銀買進460元；來源money 9679551 + 9679553
2026-08-09,－(無評等目標價 不計列),內資,創意3443/聯茂6213/京元電2449,半導體與電子零組件,無(僅財報或獲利預估),無,本場次查核紀錄 非券商觀點 不另建摘要；創意3443(FTNN 8/8 22:30)本土法人僅給EPS預估50.75元/120.08元 無評等與目標價；聯茂6213(8/8 22:45)與京元電2449(8/8 22:15)為純財報與籌碼面報導 無券商評等與目標價；另工商時報8/9 03:00十五檔三高股一文僅台新投顧黃文清之大盤觀點與選股條件 無個股目標價 同版欣興三大法人按讚與牛津經濟研究院處置股新制亦無個股評等；旺得富8/8 19:00零股人氣榜與FTNN 8/9 07:00 ETF文08:00面板籌碼文均無評等
2026-08-09,市場數據(非券商評等),－,大盤/週末休市,市場-大盤,無(市場數據),無,本場次市場數據紀錄 非券商觀點 不另建摘要；8/8(六)與8/9(日)台股連續休市 無盤中報價更新 中央社券商晨訊停發；最新收盤仍為8/7加權指數44225.91點跌170.79點(-0.38%) 量縮失守季線 本週上漲1106點(+2.57%) 上市總市值144.5兆元；8/7三大法人賣超442.44億元(外資407.16億元 投信32連買中止)；本場次觀察=週末場次仍有量 8/8深夜FTNN密集刊出本土法人報告加上8/9清晨三立與經濟日報 共取得8則具體評等與目標價 全部來自本土內資法人 外資圈本時段掛零 且8則券商名稱全部未具名；覆蓋缺口=鉅亨網台股新聞列表為JS動態渲染靜態抓取取不到清單 本場次改以WebSearch限定news.cnyes.com檢索 窗內無新券商觀點命中 建議後續改用瀏覽器工具補掃
2026-08-09,Factset彙整(15位分析師),外資,京元電子(2449),半導體-封測(測試),共識(14樂觀/1中立/0悲觀),348,前值361.9 下修3.84% 最高估值390.48元最低300元；分析師人數由7/28之13位增至15位；Q2營收111.42億元季增9.3%年增33.2% 毛利率39.5% 歸屬母公司稅後純益24.92億元為歷年同期新高 單季EPS 2.04元；上半年營收213.33億元年增36.1% EPS 3.91元；7月營收39.9億元月增10.19%年增36.75%創單月新高 1-7月253.24億元年增36.18%；資本支出二度上調由393.72億元提高至500億元創歷史新高 董事會另通過赴美設廠案為近年最大海外投資；核心訊號=基本面全面創高但共識目標價反向下修 下修的是評價倍數而非營運本身 與8/7已收錄之評價收斂訊號一致；風險=本則為分析師共識彙整非單一券商報告 無評等文字無EPS假設無本益比揭露無法交叉檢驗 最高390.48與最低300元相差30.2%中位數代表性有限 赴美設廠金額原文標題寫14億元內文寫14億美元幣別不一致標記待確認 資本支出創高短期先增折舊；8/7收242.0元跌7.00元(-2.81%)結束連5漲 本益比約32.8倍(同業平均51.0倍) 348元隱含空間約+43.8%；已做個股摘要；來源ftnn 568426
2026-08-09,本土法人(原文未具名),內資,奇鋐(3017),散熱-水冷板/分歧管(AI伺服器),買進,3580,前值未揭露；FTNN 8/9 16:35與三立8/9 17:00兩則報導數字論點一致研判為同一份報告；7月營收185.90億元月增5.52%年增57.39%改寫單月歷史新高 前7月1167.49億元年增80.34%創同期新高；法人估Q3營收上看554.33億元季增12.85% 2026年伺服器與網通相關營收可望年增102.1%；為NVIDIA GPU及CPU水冷板公版設計者 Vera Rubin系列Group A水冷板供貨比重約30%以上 Group C於四大CSP約5成；已取得四大CSP的ASIC水冷板訂單2026下半年陸續出貨 機櫃分歧管產能同於下半年開出 於四大CSP供貨比重可望提升至3成以上；水冷板月產能由20萬組提升至2026下半年100萬組 2027年再增至160萬組 分歧管月產能由1000單位增至7000單位；8/12召開法說會；風險=券商未具名未載報告日期 未揭露前值目標價EPS預估與本益比倍數 無法與8/6已收錄元大投顧3855元(EPS 100.86元約38倍)同基礎對照 本則3580元較元大低約7.1% 營收持續創高但數字反下修屬評價收斂訊號 產能三年拉8倍屬公司規劃非已實現產出 論述高度綁定Vera Rubin與四大CSP ASIC專案(8/6另一則法人已點名VR200出貨時程遞延風險)；8/7收2785元跌155元(-5.27%)結束連6漲 本益比約45.8倍(同業平均30.8倍) 量能自8318張降至3882張 3580元隱含空間約+28.5%；已做個股摘要；來源ftnn 568444 + setn 1886468
2026-08-09,－(重複 已於8/8盤後判定為舊報告),外資,國巨(2327),被動元件-MLCC,維持買進(兩家),高盛1280 花旗1450,本場次查核紀錄 不計入新增觀點 不建個股摘要；FTNN 8/9 17:20再度刊出財經達人股人阿勳臉書貼文之二手轉述 內容為高盛與花旗下調目標價但均維持買進；已於8/8盤後場次依FTNN 568224查明大摩報告出於7/29法說會前 高盛與花旗為跟進調整 實際報告日在7月底至8月初 判定為舊報告；本則另補充觀點=被下修的是市場願意給的本益比而非公司基本面 兩家均未改變AI長期看法；來源ftnn 568437
2026-08-09,－(重複 已於8/8盤後收錄),外資,川湖(2059),AI伺服器機構件-滑軌,買進/優於大盤(三家),大和15000 瑞銀14000 大摩10000,本場次查核紀錄 不計入新增觀點 不建個股摘要；FTNN 8/9 16:05與16:35兩則週末回顧文重述大和資本(分析師鄭盛元)15000元(前值5888 +154.7%)/瑞銀14000元(前值8950)/大摩10000元(維持) 數字與論點均與8/8盤後場次已收錄者相同；大和ASP假設由30~40美元上調至60~70美元 毛利率預估由約70%調升至85~90% 評價基礎由30倍調升至36倍(高於過去三年9~23倍歷史區間)；來源ftnn 568368
2026-08-09,－(重複 已於8/7收錄),外資,愛普*(6531),半導體-記憶體IP/矽電容(S-SiCap),加碼(首選股),1666,本場次查核紀錄 不計入新增觀點 不建個股摘要；三立8/9 15:28轉載CTWANT 美系外資維持加碼並列首選目標價1666元 與8/7已收錄者為同一份報告；7月營收11.04億元月增36.08%年增144.57%創單月新高 前7月55.69億元年增102.88%；8/7盤中一度觸及975元終場收951元 單周飆漲42.58%；對照8/9早盤已收錄本土法人買進1430元(2027年EPS 35.75元乘40倍)；來源setn 1886497
2026-08-09,－(重複延伸 同一份報告),內資,欣興3037/景碩3189/南電8046/臻鼎-KY4958,PCB-IC載板(ABF),產業正向(未列個股評等),無,本場次查核紀錄 不計入新增觀點 不建個股摘要；三立8/9 12:00法人ABF載板產業觀點 與8/8已收錄money 9678919為同一份報告(2028年供需缺口36%) 方向一致；本則另揭露2027年供需缺口將擴大至25%之數字為新增細節 惟無個股評等與目標價；載板規格升級=Hopper 65x55mm→Blackwell 80x75mm→Rubin 100x100mm 層數由約14層提高至18層以上 ASIC陣營Amazon與Google載板面積較前一代分別增加約60%及21%；AI晶片應用占比突破五成；來源setn 1886327
2026-08-09,－(無評等目標價 不計列),－,弘塑3131/聯亞3081/華城1519/中興電1513/亞力1514/志聖2467/宏致3605/永擎7711/中美晶5483/南亞1303,半導體設備 光通訊 重電 電子零組件,無(僅財報營收或公司說法),無,本場次查核紀錄 非券商觀點 不另建摘要；弘塑3131(FTNN 8/9 17:35)H1 EPS 27.27元創同期新高 Q2 EPS 11.16元連四季賺逾一個股本 產能僅能滿足約1/4至1/3需求 訂單到2030年前可能都不會減少 惟無評等與目標價；聯亞3081(8/9 17:05)法人估今年EPS 17元 1.6T CW雷射已量產3.2T展開驗證 週拉4根漲停7日收2305元 無評等與目標價；華城1519/中興電1513/亞力1514(8/9 18:50)訂單能見度看2029年 華城AIDC訂單200~220億元 中興電在手訂單至少400億元 亞力逾120億元 均為公司端說法無券商評等；志聖2467/宏致3605/永擎7711/中美晶5483/南亞1303均為財報或營收報導無券商評等與目標價；聯電2303(FTNN 8/9 19:10)為三大法人賣超籌碼統計且刊出時間已逾本場次19:00視窗
2026-08-09,－(近24小時無新觀點),－,萬潤(6187),半導體-封裝自動化設備(自選股),無新評等,無新目標價,自選股本場次追蹤紀錄 非新觀點 不另建摘要；經五來源交叉查核(FTNN萬潤標籤彙整頁72筆最新仍為2026/07/27 17:40/經濟日報萬潤標籤頁最新2026-07-27 20:47/工商時報站內搜尋158則最新為8/9 03:00技術面稿/鉅亨網台股新聞列表/MoneyDJ即時新聞8/9僅營收公告)確認2026/08/09 08:00至19:00無任何新券商報告或評等調整見報；最近一次正式券商觀點仍為7/27=一家美系外資初評買進目標價1500元 另一家美系外資維持買進但目標價由1650元下修至1550元(FTNN記為歐系瑞銀首評 券商屬性歸類仍標待確認)；8/7收1130元(-3.83%) 本益比約74倍 52週高1490元 8/8-8/9休市無新價格；提醒7月營收依規定須於8/10前公告 下週一起留意是否觸發新券商動作；來源ftnn tag/萬潤 + money tagging/萬潤 + ctee search/萬潤
2026-08-09,市場數據(非券商評等),－,大盤/週日休市,市場-大盤,無(市場數據),無,本場次市場數據紀錄 非券商觀點 不另建摘要；8/8(六)與8/9(日)台股連續休市 中央社券商晨訊停發 媒體新稿量顯著下降；最新收盤仍為8/7加權指數44225.91點跌170.79點(-0.38%) 成交約8508億元 量縮失守季線；本週上漲1106點(+2.57%)週線由黑翻紅 上市總市值144.5兆元；8/7三大法人賣超428.8億元(外資現貨賣超407.1億元 投信賣超12.0億元 自營商賣超9.6億元) 外資期貨淨空單減少1472口至87911口；永豐期貨觀察=量縮洗盤結構 資金大幅收斂至少數具題材的高價指標股；台指期夜盤站上45000點 本週鴻海法說會 大立光除息 台積電7月營收為主要觀察點；本場次覆蓋方式改良=鉅亨網與FTNN列表為JS動態渲染 改用瀏覽器工具直接讀取FTNN財經分類頁與目標價標籤頁 成功補齊靜態抓取取不到的清單 建議後續沿用；來源money 9680138 + setn viewall + ftnn category/6
2026-08-10,高盛,外資,穎崴(6515),半導體-測試介面(測試座Socket/MEMS探針卡),未載評等,14800,前值13000 上調13.8%；上調理由=預期2026下半年營收較上半年成長56%(原估35%)；高盛自承Q2毛利率雖符其自身預期仍低於市場法人共識 此即大摩與花旗同步下修的同一事實 兩造解讀方向相反；同批報導中大摩15000下修至12000元與旺矽大摩8000元均為8/7早盤已收錄 本場次不重複計列；高盛7/16報告曾估2026-28年EPS 95.94/197.73/369.29元；風險=未載評等文字不應自行補買進 未揭露EPS與本益比 未載報告出具日期 高盛14800與大摩12000差23%分歧極大 花旗新目標價未揭露標待確認 本檔前波曾自萬元以上腰斬至5290元波動風險高 原文未提供8/7收盤價無法計算隱含空間；已做個股摘要(高盛花旗合併)；來源money 9680773 + 9680852 + ctee 20260810700167
2026-08-10,花旗,外資,穎崴(6515),半導體-測試介面(測試座Socket/MEMS探針卡),未載評等,下修(數值未揭露),待確認；原文僅稱花旗與大摩都下修目標價 未給新目標價數值 資訊不完整；下修主因與大摩相同=Q2毛利率低於市場共識(大摩指毛利率低於40% 主因智慧機低價機種在產品組合占比偏高)；併入穎崴個股摘要檔；來源money 9680773
2026-08-10,大和資本,外資,信驊(5274),半導體-IC設計(伺服器BMC),未載評等,19800,前值18381 上調7.7%；重要疑點=本系統7/19已收錄大和資本目標價20220元 同一家券商前值不一致 本則前值標待確認；同批報導中高盛22000元經查為2026/07/29報告 本系統7/30已收錄 本場次剔除不計列；參考錨點=另一歐系外資8/7報告以2027-28年平均EPS乘55倍本益比評價得22000元 長期獲利CAGR估34%；高盛四大成長動能(舊報告論點仍具參考值)=代理式AI需求更強勁 AI ASIC部署加快 AST2700導入率上升 供應鏈瓶頸緩解 並估Q3營收季增率由14%擴大至22%；風險=未載評等文字 未揭露EPS與本益比 未載報告出具日期 經濟日報該篇為橫跨7/16~8/8三週的彙整稿；19800對照8/7 Factset外資共識20059元略低 屬共識區間內訊號強度有限；已做個股摘要；來源money 9680773 + 9680852
2026-08-10,大和資本,外資,創意(3443),IC設計-ASIC設計服務,買進(升評),5125,前值4525 上調13.3%；本場次13則中唯一同時動到評等而非僅動目標價者 訊號位階較高；惟大和列出的理由僅兩點=產能擴大 營業費用控制審慎 論述極為單薄；對照既有紀錄=里昂曾重申優於大盤目標價6000元 花旗8/4與8/5兩份半導體產業報告將創意列入正向名單但未給個別目標價 5125元落在里昂6000元之下；8/9早盤曾收錄本土法人對創意EPS預估50.75元/120.08元(無評等與目標價)；風險=未提ASIC專案能見度 未提客戶結構 未提任何量化假設 未揭露EPS與本益比 未載報告出具日期 經濟日報該篇為彙整稿實際出具時點無法確認 建議另尋大和原始報告佐證；已做個股摘要；來源money 9680773 + 9680852
2026-08-10,大和資本,外資,富世達(6805),伺服器零組件-轉軸/機構件,未載評等,2615,前值2600 僅上調0.6%(15元) 為本場次13則中幅度最小 實質意義接近維持而非調升 不宜視為方向性訊號；本檔為本系統首次收錄 尚無歷史目標價序列可供比較 建議後續場次持續追蹤以建立基準；理由僅一句=受惠伺服器需求強勁；風險=媒體以上修目標價潮框架呈現容易高估此則資訊含量 未載評等文字 未揭露EPS與本益比 未載報告出具日期 無公司層級量化佐證(營收毛利率訂單能見度皆未提及) 原文未提供近期股價無法計算隱含空間；已做個股摘要(首建資料夾)；來源money 9680773 + 9680852
2026-08-10,大和資本,外資,景碩(3189),PCB-IC載板(ABF/BT),未載評等,1068,前值588 上調81.6%；性質為落後補調而非提出新論點=高盛年初已由555元調至1120元 美銀曾給900元 大和588元明顯落後同業一大截；調升理由為載板缺貨題材 與本系統8/8與8/9已收錄之產業觀點方向一致(2028年ABF供需缺口由原估3%上修至36% 2027年25%)；基本面佐證=景碩7月營收45.49億元連5個月創新高 並新增約196億元專案資本支出；指數題材=統一投顧點名景碩為MSCI季調(8/13揭曉)潛在新成分股 市值排名第58 股價可能同時反映指數調整預期須與基本面訊號分開解讀；1068元對照Factset外資共識約940~989元落在共識上緣；同批報導中高盛1125元經查為8/3~8/4報告 本系統8/4已收錄 本場次剔除；風險=前值588元無法從第三方獨立佐證標待確認 未載評等文字 未揭露EPS與本益比 未載報告出具日期 MSCI為事件驅動未入列的下檔情境原文完全未討論；已做個股摘要；來源money 9680773 + 9680852 + ftnn 568501
2026-08-10,高盛,外資,南電(8046),PCB-IC載板(ABF),未載評等,2500,前值2310 上調8.2% 為目前所見全市場最高價 相對8/7收1080元隱含空間約+131%；核心論點=看好南電毛利率有望成為ABF載板三雄(欣興/景碩/南電)之首；前值2310可獨立佐證=出自高盛ABF史詩級缺貨潮報告 當時將南電由1115元一次拉至2310元並列為buy加top pick 2310至2500路徑連貫 判定2500非誤植；基本面對照(8/9已收錄)=Q2營收135.8億元季增21%年增42% 毛利率24.75%跳增8.9個百分點 EPS 3.50元創13季新高 Q3估營收161億元毛利率升至29% EPS 5.42元；公司動作=董事會通過468億元資本支出擴建嘉義廠布局CoPoS玻璃核心載板；風險=與同批花旗1600元差56%為本場次分歧最大一檔 兩家皆未揭露EPS與本益比無法判斷差異來自獲利假設或評價倍數 未載評等文字與報告出具日期 毛利率單季跳增8.9個百分點屬異常改善若ABF/BT價格漲勢趨緩恐難延續 468億新產能2028年才開出短期只增折舊 T-glass材料供應為主要變數 2500元隱含+131%屬極高預期；已做個股摘要(高盛花旗合併)；來源money 9680773 + 9680852
2026-08-10,花旗,外資,南電(8046),PCB-IC載板(ABF),未載評等,1600,前值1550 上調3.2% 相對8/7收1080元隱含空間約+48%；重要去重提醒=本則花旗1600元(前值1550)與本系統8/9早盤已收錄之本土券商1600元(前值1500 以2027年EPS乘43倍本益比)並非同一份報告 數字巧合相同切勿合併計算；與同批高盛2500元差56%；風險=未載評等文字 未揭露EPS與本益比 未載報告出具日期 經濟日報該篇為橫跨三週的彙整稿；併入南電個股摘要檔；來源money 9680773 + 9680852
2026-08-10,摩根士丹利(大摩),外資,南亞科(2408),半導體-標準型/利基型DRAM,正向(未載具體評等),樂觀情境1160(基本情境含於外資區間550~710),媒體標題大摩最狂喊1160元屬誇大=1160元為樂觀情境bull case 需三前提同時成立(DRAM價格漲勢延續 南亞科1a/1b奈米製程推進優於預期 韓國與中國對手逐步退出消費型DRAM市場) 大摩基本情境目標價原文並未單獨揭露僅籠統含在550~710元區間內 1160元較區間上緣710元高出63%落差極大 切勿當作基本情境目標價使用；外資五家(大摩/摩根大通/瑞銀/大和資本/麥格理)均給予正向投資評等 目標價區間550~710元 原文未逐家對應；指數題材=MSCI季調8/13揭曉 統一投顧自市值前100大尚未納入MSCI的22家中點名南亞科市值排名第13 兆豐國際投顧同樣看好入列 使其成為本次呼聲最高人選；南亞科市值約1.4兆元 自去年11月起多次期待入列皆落空 市場歸因於股價急漲後頻遭列處置股流動性受限；8/10台股處置股新制上路(撮合改約2分鐘一次 處置期由10個營業日縮短為5或7個)可能改善此問題；既有序列對照=大摩8/3給580元 凱基投顧8/5增持720元 群益投顧8/5買進556元；風險=五家僅寫正向投資評等未給具體字眼 完全未揭露評價基礎(無EPS年度無本益比無股價淨值比) 五家報告出具日期全數未載 原文內部數字不一致(同段稱市值排名第13名下一段卻稱躍居台股第12大權值股) MSCI落空風險未討論 原文未提供近期股價；已做個股摘要；來源ftnn 568503 + ctee 20260810700056
2026-08-10,摩根士丹利(大摩),外資,華邦電(2344),半導體-記憶體(利基型DRAM/SLC NAND/NOR Flash),正向(未載具體評等),288,相對8/7收163.5元隱含空間約+76%；論點=看好華邦電在DRAM SLC NAND與NOR Flash的價格優勢延續至今年下半年；指數題材=統一投顧點名華邦電為MSCI季調潛在新成分股 市值排名第33 記憶體族群在四檔名單中包辦三席；本檔目標價分歧極大288元落在中段 既有序列=本土老牌投顧204元(8/9) Factset外資共識236元(8/7) 大摩本則288元 官股龍頭金控旗下投顧350元(8/8) 8/4美系外資360元 全距204~360元寬達76%；分歧根源不在營運數字(各方對Q2數字描述一致)而在評價方法=主張350元一方將評價方式由景氣循環股改為本益比法 204元一方未做此切換 大摩本則未說明採何種方法；風險=未載具體評等文字 未揭露EPS與本益比 未載報告出具日期 本則出自MSCI題材報導的附帶提及非該篇主標的資訊密度低 8/7華邦電遭外資賣超4萬3331張為當日外資賣超第二大與288元方向不一致 毛利率由56.6%跳升至70.3%屬漲價循環高點不具延續性；已做個股摘要；來源ftnn 568503 + ctee 20260810700056
2026-08-10,美系外資(原文未具名),外資,AES-KY(6781),電源-BBU備援電池模組(AI資料中心),買進,1680,前值未揭露 研判為重申而非調升(先前媒體報導同為1680元)惟原文措辭像是新給予容易誤判；相對8/7收1145元隱含空間約+46.7%；本檔為本系統首次收錄；Q2歸屬母公司淨利10.94億元創單季新高 單季EPS 12.81元 毛利率39.06%受惠高功率BBU產品挹注與產品結構優化 Q2整體業績優於該外資預期 外資認為業績仍有調升空間；上半年營收約93.38億元 營業毛利35.13億元 營業利益24.05億元 稅後淨利20.02億元 H1 EPS 23.45元；資料中心對BBU需求漸增 AES-KY為BBU指標廠 其財報同時強化市場對整個BBU產業前景的看法；股價8/7收1145元漲55元(+5.05%)成交2456張 已連收6紅累積漲幅35.99%；重大疑點=原文數字前後矛盾 Q2合併營收寫18.08億元但上半年營收93.38億元隱含Q1高達75.3億元 而Q2淨利10.94億元卻大於Q1的9.08億元 以18.08億元營收做出10.94億元淨利等於淨利率60%與毛利率39.06%直接衝突 Q2營收數字極可能誤植 引用前務必回查公司自結財報；其他風險=券商未具名 未載報告出具日期 未揭露本益比與EPS預估年度 短線已連6紅急漲36%追價風險偏高；已做個股摘要(首建資料夾)；來源ftnn 568468
2026-08-10,本土老牌投顧(原文未具名),內資,研華(2395),工業電腦/邊緣AI,買進(維持),750,前值未揭露 原文僅稱上修 缺乏量化基準；評價基礎=2027年EPS 23.39元乘約27倍本益比 為本場次少數有揭露評價基礎者；7月營收112.72億元年增85.6%創單月歷史新高 累計前七月577.84億元年增40.3%同步改寫同期新高；核心賣點=接單動能 2026年7月B/B Ratio高達1.64且已連續9季維持在1以上 過往客戶砍單比率偏低 目前多數訂單交期已達半年以上 Q3及後續營運能見度高；成本因應=2026下半年仍面臨原物料成本上升壓力 但透過提前備貨供應鏈管理及產品漲價策略降低衝擊 加上營收規模擴大帶動規模經濟效益；產品策略=積極推動IWS一站式解決方案整合邊緣運算設備軟體平台及產業應用服務；風險=券商未具名未載報告出具日期 與8/8已收錄本土大型投顧買進(升評)760元相差1.3% 兩則皆未具名無法判斷是否同一機構前後修正或兩家不同機構 內外資落差大(8/7 Factset外資共識649元加碼 8/6 Factset 550元 法說期間沿用628元) 內資750~760元高於外資共識約15% 27倍本益比未提供歷史區間對照；已做個股摘要；來源ftnn 568500
2026-08-10,本土法人(原文未具名),內資,貿聯-KY(3665),電子零組件-連接線束/高速互連(AI伺服器),買進(重申),3380,前值未揭露；評價基礎=給予26倍本益比 2026/2027/2028年EPS估69.9/111.23/148.75元；7月自結營收96億元月增13%年增59.6%優於市場預期；產品線涵蓋高速AEC銅纜光通訊HVDC高壓直流電源 屬Power加Data完整解決方案 法人認為供應地位難以取代；具備機櫃層級熱管理電力及機構整合能力 受惠AI資料中心電力架構升級與光通訊需求成長；法人定調AI基礎設施是長期工業升級週期而非短期需求 互連技術可延伸至機器人自動化智慧製造等新應用；重大疑點=本益比與EPS對不上 3380除以26等於130元 但原文三個年度EPS皆非130(2027年111.23 2028年148.75) 130恰為2027與2028兩年平均(約129.99) 推測係採跨年滾動或兩年平均EPS評價 但原文完全未交代屬揭露不完整 若改以2027年EPS 111.23元乘26倍計合理價僅約2892元 3380元等於已提前反映2028年獲利時間軸偏遠；其他風險=券商完全未具名未載報告出具日期 估值口徑在不同報導間有跳動(同系列舊文曾出現EPS三年拚168元與本文148.75元不一致) 原文未提供近期股價；對照外資=小摩7/20優於大盤3100元 美系外資7/28加碼3665元 日系外資7/28買進3053元 3380元落在外資區間中段訊號並不突出；已做個股摘要；來源ftnn 568497
2026-08-10,統一投顧+兆豐國際投顧,內資,南亞科2408/華邦電2344/群聯8299/景碩3189,指數事件-MSCI季調卡位,無(未列個股評等),無,無個股評等目標價不建個股摘要；MSCI季度調整8/13揭曉 截至7月台股市值前100大具一定自由流通比率但尚未納入MSCI者共22家 統一投顧從中點名南亞科華邦電群聯景碩四檔最具潛力 市值排名分別為第13/33/54/58名 前三檔全為記憶體指標股；兆豐國際投顧同樣看好南亞科入列 使其成為本次呼聲最高人選；南亞科市值約1.4兆元 自去年11月起多次期待入列皆落空 市場歸因於股價急漲後頻遭列處置股流動性受限；8/10台股處置股新制上路(處置期由10個營業日縮短為5或7個 撮合作業調整為約每2分鐘一次)；風險=純指數事件題材 無評等無目標價 未入列的下檔情境未討論；來源ctee 20260810700056 + ftnn 568503
2026-08-10,摩根士丹利(大摩),外資,韓股(非台股個股),策略-新興亞洲股市,加碼(升評),無,無個股評等目標價不建個股摘要；大摩新興亞洲股市研究團隊升評韓股至Overweight加碼 理由為大幅回檔後投資價值浮現 先前保守理由是漲勢過於集中持股過度擁擠；對台股解讀=可望促進台股穩定 MSCI季度調整8/13登場為第二大關鍵因子；來源ctee 20260810700053
2026-08-10,摩根士丹利(大摩),外資,AI基礎建設供應鏈台廠30家,產業地圖-AI基礎建設,無(供應鏈定位圖 非評等),無,無個股評等目標價不建個股摘要；大摩AI基礎建設供應鏈圖譜全圖212個廠商席次 台灣掛牌公司30家；伺服器代工組裝8席全由台廠包辦=勤誠8210 緯創3231 緯穎6669 和碩4938 鴻海2317 廣達2382 技嘉2376 仁寶2324；伺服器零組件19席中台廠10家=台達電2308 光寶科2301 國巨2327 奇鋐3017 建準2421 雙鴻3324 欣興3037 臻鼎-KY4958 南電8046 金像電2368；半導體製造53席中台廠11家=日月光投控3711 京元電子2449 同欣電6271 台積電2330 聯電2303 世界先進5347 穩懋3105 力積電6770 創意3443 晶心科6533 世芯-KY3661 另網通智邦2345；上游設備23席由ASML與東京威力科創等歐美日掌握 下游電力46席由Vistra Constellation Energy GE Vernova 寧德時代盤據；重要提醒=此為供應鏈定位圖 無任何評等或目標價 不宜當作個股評等使用；來源setn 1886561
2026-08-10,－(重複 8/7早盤已收錄),外資,旺矽(6223),半導體-測試介面(探針卡),優於大盤(維持),8000,本場次查核紀錄 非新觀點 不另建摘要；工商時報8/10 03:00刊出大摩維持旺矽穎崴優於大盤 旺矽推測合理股價由7500元升至8000元 基於2025~2028年獲利年複合成長率高達112%之預期 惟同一份大摩報告(分析師葉馨)已於8/7早盤場次收錄 判定重複不重複計列；論點=投資焦點正從漲價受惠族群轉向多年規格升級受惠族群 AI晶片封裝尺寸擴大測試時間拉長 受惠Trainium 3與Google TPU快速放量 Q2營收季增33%優於市場共識 Q3看季增25~30% 毛利率可望提升至60% 大摩供應鏈調查指旺矽在CPO Insertion測試各環節布局的設備均未遭客戶淘汰 insertion 3如期Q4出貨 insertion 2可能2027年中導入；來源ctee 20260810700167
2026-08-10,－(重複 8/7早盤已收錄),外資,穎崴(6515),半導體-測試介面(測試座),優於大盤(維持),12000,本場次查核紀錄 非新觀點 不另建摘要；工商時報8/10 03:00重刊大摩穎崴由15000元降至12000元維持優於大盤 同一份大摩報告已於8/7早盤場次收錄 判定重複；大摩論點=Q2營收初步符合預期但毛利率低於40% 主因智慧機低價機種在產品組合占比偏高 將持續觀察低價機種需求變化 MEMS探針卡業務貢獻 新產能爬坡期間認列的不良品報廢損失 隨新產能到位預期年底前消化所有積壓訂單 良率穩定加上Socket與探針卡組合改善H2毛利率可望回升至43~45% 看好有重回五位數實力 大摩另估穎崴2026年EPS由94.88下修至89.21元 2027年207.93元 2028年438.74元；來源ctee 20260810700167
2026-08-10,－(舊報告 經查為7/29出具),外資,信驊(5274),半導體-IC設計(BMC),買進(重申),22000,本場次查核紀錄 不計入新增觀點 不建個股摘要；經濟日報8/9 22:13彙整稿將高盛22000元列為最近上修 惟經濟日報7/29 20:29已刊出高盛信驊四大獲利成長動能目標價由20000元上調至22000元 判定為7/29舊報告 本系統7/30已收錄；重要方法論提醒=該篇經濟日報為彙整稿 把7/16至8/8橫跨三週的報告混在一起當最近 本場次已逐筆回溯剔除；來源money 9680773
2026-08-10,－(舊報告 經查為8/3~8/4出具),外資,景碩(3189),PCB-IC載板(ABF/BT),買進(重申),1125,本場次查核紀錄 不計入新增觀點 不建個股摘要；經濟日報8/9 22:13彙整稿將高盛景碩1120上調至1125元列為最近 惟經濟日報8/4 12:14已刊出景碩4日受惠外資調升目標價至1125元潛在漲幅61.1% 判定為8/3~8/4舊報告 本系統8/4已收錄；高盛僅微調5元形同維持；來源money 9680773
2026-08-10,－(重複 同一份報告 8/8盤後已收錄),內資,華邦電(2344),半導體-記憶體(利基型DRAM/客製化記憶體CMS/NOR Flash),買進(重申),350,本場次查核紀錄 不計入新增觀點 不建個股摘要；FTNN於8/9 22:05(記者王凱暄 568313)與8/9 23:10(記者陳献朋 568380)相隔65分鐘各刊一次本土投顧買進350元 兩篇互列為對方延伸閱讀 判定為同一份報告的重複刊登 不應視為兩家券商各喊350元；再與8/8盤後已收錄之官股龍頭金控旗下投顧350元比對 在2026/2027年EPS(27/59.9元) Q3營收818.74億元 毛利率76.5% EPS 9.19元 資本支出全年約395億元 2026/2027年營收2683.9/4928.3億元等數字上完全一致 判定為同一份報告 本場次不重複計列；兩篇間另有小幅數字打架=稅後純益241.98億vs243.17億 毛利率66.3%vs66.2% 漲價標的一為客製化記憶體一為DDR4；568380另引用華邦電6月營收205.97億元 惟發稿日為8/9時7月營收應已公告 資料疑似過期或誤植；來源ftnn 568313 + 568380
2026-08-10,－(近24小時無新觀點),－,萬潤(6187),半導體-封裝自動化設備(自選股),無新評等,無新目標價,自選股本場次追蹤紀錄 非新觀點 不另建摘要；經九來源交叉查核(FTNN萬潤標籤頁/工商時報站內搜尋與即時證券頁livenews stock/經濟日報萬潤標籤頁/中時旺得富個股頁/鉅亨網個股頁/玩股網/Yahoo股市公告與營收頁/MoneyDJ)確認2026/08/09 19:00至2026/08/10 08:00無任何新券商報告或評等調整見報 工商時報8/10 03:00整批約18則日報稿中無一則提及萬潤；各站最新萬潤稿=FTNN標籤頁仍為2026/07/27 17:40 工商時報為8/9 03:00技術面稿 經濟日報標籤頁為2026-07-27 20:47 旺得富為8/3填息行情稿；重要查核成果=確認1500元目標價出自美銀證券BofA初評買進 2026/2027/2028年EPS估26.46/41.82/53.34元(工商時報2026/07/15報導明確點名) 此項可由待確認改為已確認；1550元之券商屬性仍衝突(工商時報記為第二家美系外資由1650下修至1550維持買進 FTNN記為歐系外資瑞銀首評)維持待確認；高盛1800元確認為2026/04/22-23舊料不應列為新觀點；非券商旁證=7月營收10.55億元月增4.17%年增73.44% 累計前七月48.21億元年增42.72% 連3個月改寫單月新高(8/7公告 窗口外) 國內第六次無擔保轉換公司債轉換價自115/8/9起由1150元調整為1136.8元(除息調整)；重要前瞻=萬潤Q2財務報告董事會預計2026/08/10召開即今日 為下一個最可能觸發新券商動作的催化劑 建議今日盤中至盤後列為重點監控；8/7收1130.00元跌45.00元(-3.83%) 開1175高1185低1110 成交約2477張 本益比74.08~74.88倍(同業平均100.20) 市值1109.59億元 每股淨值30.43元 近四季EPS 15.25元 52週高1490元低307.5元 8/8-8/9休市無新價格；來源ctee search萬潤 + ftnn tag萬潤 + money tagging萬潤 + wantrich 6187 + cnyes twstock 6187
2026-08-10,市場數據(非券商評等),－,大盤/美股/本週行事曆,市場-大盤與總經,無(市場數據),無,本場次市場數據紀錄 非券商觀點 不另建摘要；美股8/7=道瓊54036.93漲151.83(+0.28%) S&P500 7757.64漲47.68(+0.62%)創歷史新高 Nasdaq 26690.62漲342.26(+1.30%) 費半12356.79漲308.09(+2.56%)領漲 歐股連四日創新高；台股8/7收44225.91點跌170.79點(-0.38%)量縮失守季線 本週上漲1106.16點(+2.57%) 台指期夜盤勁揚736點突破45000點；8/7外資賣超前十=群創51201張 華邦電43331 聯電23200 力積電16911 第一金12690 臺企銀10896 華南金10745 和桐9750 旺宏9459 國巨9347 買超前十=長榮航22000張 統一20335 緯創17158 台新新光金14196 遠東新14004 友達13144 中鋼12050 至上8478 三商壽6380 中信金6209；總經=美7月非農就業月減2.3萬人(預期增8萬)且5-6月合計下修10.3萬人 陸7月CPI增0.5%(低於預期0.8%)PPI增3.5%(前值4.1%)雙雙遜於預期 新台幣8/7收32.288元貶2.7分；獲利面=7月上市櫃營收可望突破6兆元創新高 Q2獲利1.7~1.8兆元創高 全年台股企業獲利預估上調至6.8兆元；本週行事曆=8/10上市櫃7月營收全數公布加台股處置股新制上路加大立光除息 8/11美7月PPI加OCP APAC Summit 8/12美7月CPI(本週最關鍵)加鴻海與和碩法說 8/13MSCI季調生效加廣達與仁寶法說 8/14美8月密大消費者信心初值；本場次覆蓋缺口=鉅亨網台股新聞與台股預估列表為JS前端渲染靜態抓取僅得空白骨架 外資評等總表最新僅到20260807 窗內鉅亨速報Factset系列完全未取得 MoneyDJ新聞列表同為JS載入抓不到任何標題與時間 中央社券商晨訊固定約00:35~00:45發稿理論上落在窗內但8/10版未被搜尋引擎索引無法取得網址 為本場次最大單一缺口 建議後續改用瀏覽器工具直讀鉅亨與MoneyDJ列表頁；來源ctee livenews + money rank newest + setn viewall
2026-08-10,澳系外資(原文未具名),外資,川湖(2059),AI伺服器機構件-滑軌,優於大盤表現,16500,前值未揭露 研判為大幅調升；為目前全市場最高目標價；EPS 2026/2027/2028年一次上調55%/66%/76%至371.1/584.9/809.1元 為本場次唯一同時揭露三年EPS序列者；調升基礎=較高營收與毛利率預期 惟原文未說明評價方法(無本益比無年度)；財報觸發=Q2營收108.3億元季增98.73%年增1.56倍 毛利率87.42%季增9.68個百分點 營益率82.08%季增15.02個百分點 單季EPS 74.38元 六項指標同創單季新高；上半年EPS 110.96元年增2.38倍；風險=券商未具名(澳系研判為麥格理但無法確認 標待確認) 未載報告出具日期 未揭露本益比 EPS上調幅度55~76%屬單季財報驅動的一次性大幅修正 Q2毛利率87.42%為AI硬體公司新天花板延續性存疑 股價已連續跳空漲停創新高且遭列處置 原文未提供8/10收盤價無法計算隱含空間；已做個股摘要(澳系美系合併)；來源ctee 20260810700721
2026-08-10,美系外資(原文未具名),外資,川湖(2059),AI伺服器機構件-滑軌,建議加碼,15000,前值10000 上調50.0% 為本場次調幅最大者；重要疑點=前值10000元與本系統8/8已收錄之摩根士丹利優於大盤10000元完全吻合 研判為大摩兩日內再度上調 惟評等文字由優於大盤變成建議加碼 券商歸屬與評等口徑均標待確認；論點=滑軌技術持續進步 公司能有效率將設計概念轉化為可量產產品 產品生命週期由12-24個月縮短至6-12個月對供應鏈形成更大挑戰但有利King Slide這類產業領導者 憑藉全面專利佈局與穩健執行力可望續為多數專案首選供應商；量化=估Q3營收195.55億元季增81%年增348%；評價分歧=本場次16500與15000 加計8/8已收錄大和15000 瑞銀14000 大摩10000 全距達65% 五家全數未同時揭露EPS與本益比 無法判斷差異來自獲利假設或評價倍數；風險=券商未具名 未載報告出具日期 未揭露EPS與本益比 論述偏質化缺乏可驗證量化評價基礎；已做個股摘要；來源ctee 20260810700721
2026-08-10,美系外資A(原文未具名),外資,緯穎(6669),AI伺服器-ODM,買進(維持),10000,維持不變 非調升 本系統8/5已收錄外資(未具名)10000元；媒體標題外資喊目標價上看萬元易誤判為新調升 務必注意；本則仍計為新觀點係因財務預估有實質變動=2026-2028年淨利分別下調2%/0%/4% 2027-2028年營收分別上調2%/5%(反映新型AI伺服器產品量產加速與ASIC AI伺服器新客戶拓展)；營運=7月營收約1180億元與預期一致 受惠通用伺服器穩健成長與主要ASIC客戶新一代風冷ASIC AI伺服器6月起量產；節奏預估=Q1季減5% Q2季增1% 估Q3季增22% Q4季增32%(動能來自AI伺服器新型號量產 業務由ASIC擴及GPU SKU可能擴展 通用伺服器由買賣轉型寄售)；惟明確預期8月與9月營收將下滑(通用伺服器高基期) 主要客戶液冷ASIC與GPU AI伺服器機架量產遞延至2026Q4啟動；產能擴大美國墨西哥馬來西亞；風險=下調2026-2028年淨利卻維持目標價不變等同隱含評價倍數上調 原文未說明此調整邏輯 未揭露EPS與本益比 券商未具名 未載報告出具日期 8月9月營收下滑與Q3季增22%存在時間分布張力意味Q3成長高度集中於7月 Q4季增32%預估風險偏高 8/10緯穎列於成交金額大且疲軟名單與外資正向看法方向不一致；已做個股摘要(兩家美系外資合併)；來源ctee 20260810700926
2026-08-10,美系外資B(原文未具名),外資,緯穎(6669),AI伺服器-ODM,加碼(維持),7500,維持不變 非調升；與同批美系外資A的10000元相差33% 兩家對Q2營運描述一致(皆稱符合或優於預期) 分歧來自評價方法而非營運數字；評價基礎=2027財年預期本益比13倍 2028財年11倍 過去三年歷史區間6-20倍 為本場次少數揭露本益比者 惟未給EPS絕對值無法交叉驗證；營運=Q2毛利率9.3%季增200個基點高於預期(除尚未出貨GB機架外主因本季寄售模式佔比提高) 營運利潤率7.3%季增160個基點高於先前預估 整體Q2大致符合預期；客戶結構=微軟META亞馬遜三家超大規模資料中心伺服器供應商 並可能向Google供貨 同時為META/甲骨文AMD Helios機架主要供應商；風險=券商未具名 未載報告出具日期 未給EPS絕對值 目標價維持不變不應解讀為調升；併入緯穎個股摘要檔；來源ctee 20260810700926
2026-08-10,法人(原文未具名),內資,華新(1605),電線電纜/不銹鋼(AI電網+海纜),買進(維持),50,前值49 僅上調2.0%(1元) 實質意義接近維持而非方向性調升 媒體以法人喊出這目標價框架呈現容易高估資訊含量；本檔為本系統首次收錄 前值49元無法自第三方獨立佐證 標待確認；財報=Q2稅後純益90.43億元 單季EPS 2.04元 Q2與上半年EPS雙創歷史同期新高 上半年稅後純益126.28億元EPS 2.85元；重大獲利品質疑慮=Q2稅後純益90.43億元中業外收益即達83.87億元(權益法投資收益約60億元加處分部分轉投資利益) 本業營業利益僅7.26億元 兩者相差逾11倍 權益法與處分利益皆不具穩定延續性 法人僅小幅調升1元亦顯示保留；本業改善=Q2營業利益7.26億元季增32.7%年增45.9% 不銹鋼虧損明顯收斂 歐洲市場有機會受惠政策支持效益預計Q4逐步顯現；長線動能=電線電纜搭上AI資料中心加電網升級加能源基礎建設三大需求 高壓電纜與海底電纜為重要成長支柱 惟海纜業務預計2027年下半年才開始明顯貢獻 時程偏遠；轉投資=華邦電下半年獲利成長將透過權益法進一步挹注 形成本業復甦加轉投資成長雙引擎 惟記憶體漲價循環反轉時權益法收益將同步下滑 此下檔情境原文完全未討論；風險=券商未具名 未載報告出具日期 未揭露EPS與本益比 8/10股價已亮燈漲停(名列上市股漲幅前十)追價風險偏高；已做個股摘要(首建資料夾)；來源ctee 20260810700707
2026-08-10,法人(原文未具名),內資,巨大(9921),傳產-自行車(GIANT),買進(維持),110,前值未揭露 本系統7/26曾收錄民營金控旗下投顧增持108元 兩者是否同一機構無法確認 跨券商比較僅供參考(相對108元約+1.9%)；評價基礎=上修2026年獲利6% 預估全年EPS 3.96元年增115% 以110元回推本益比約27.8倍(原文未提供本益比 為本系統回推 原文亦未提供歷史區間對照)；財報=Q2單季EPS 1.62元 稅後純益6.35億元由虧轉盈年增234% 惟EPS略低於法人原估的1.75元(業外匯損拖累) 本業則明顯優於市場原先預期；本業=Q2營業利益10億元由虧轉盈年增128% 受惠新年度車款上市帶動銷售回升 尤其GIANT品牌全新空力旗艦車款Propel銷售亮眼 加上中國市場Q2重新恢復成長；結構改善=高毛利自有品牌占比提升 不再需大幅折扣清庫存 Q2毛利率大幅升至24.2%季增4.6個百分點年增3.8個百分點；法人定調=已從去庫存階段走向獲利修復 OB業務可望持續改善 OE訂單有機會恢復；重大風險=法人與公司看法明顯落差 公司受中東衝突及全球不確定性影響並未調高年度財測 仍預期全年營收低個位數衰退 毛利率20-21% 營益率1-3% 以公司自身指引推算的獲利明顯低於法人EPS 3.96元；其他風險=Q2 EPS未達法人原估卻同時上修全年獲利並調升目標價 邏輯落差原文未充分說明 27.8倍本益比對全年營收仍預期衰退的傳產公司偏高 券商未具名 未載報告出具日期 目標價前值未揭露 中東衝突下檔情境未討論 8/10股價已鎖漲停101.5元創今年新高追價風險偏高；已做個股摘要；來源ctee 20260810700611 + 20260810700557
2026-08-10,大型本國投顧(原文未具名),內資,聯茂(6213),電子材料-銅箔基板CCL(AI伺服器/低軌衛星),原文未明示評等,調升(數值未揭露 待確認),本則資訊完整度嚴重不足=標題明寫調升獲利預估值及目標價 但正文完全未揭露目標價新值與前值 未給投資評等 未給EPS預估值 未提本益比 實質可用資訊僅有營運面數字 評等與目標價欄位一律標待確認 不宜與有完整數字的紀錄並列比較；本檔為本系統首次收錄 尚無歷史目標價序列 建議後續持續追蹤建立基準；財報=Q2毛利率22%(季增10.6個百分點) 營業利益率16% EPS 3.52元優於預期(另據同系列報導上半年EPS 4.39元)；毛利率跳升主因=產品調漲售價雙位數以上；產品組合=M6以上料號占比由Q1的25~26%提升至Q2的30%；產業=CCL持續處於賣方市場 除持續漲價雙位數外Q4 E-glass玻纖布產能逐漸開出 稼動率可望由目前70~75%進一步提升；產能=泰國廠Q4加入30萬張月新產能 另加碼中國無錫21.3億元人民幣 2027-2029年分別再新增月產能60萬/135萬/90萬張 法人估2026-2029年總月產能570萬/630萬/825萬/915萬張；高階料號=上游封裝瓶頸緩解加伺服器新平台轉換加V5地面衛星UT PCB 帶動2026年M7營收占比8~10% 2027年有機會倍數成長；風險=原文唯一明示負面因素為新伺服器平台受上游封裝瓶頸限制放量進度不如預期 惟該瓶頸何時緩解緩解幅度多大均未量化卻同時作為M7占比成長前提 論述存在循環依賴 毛利率單季跳升10.6個百分點明確歸因於漲價而非結構性成本下降 賣方市場轉向時回落風險高 產能2029年較2026年增加61%與持續漲價假設互相矛盾原文未處理此張力 券商未具名 未載報告出具日期 8/10股價已亮燈漲停；已做個股摘要(首建資料夾)；來源money 9681787 + 9681626
2026-08-10,瑞銀(UBS),外資,南亞科(2408),半導體-標準型/利基型DRAM,買進,未揭露,報告類型為半導體產業報告 南亞科為台廠中入列買進名單者 非該篇單一主標的 公司層級量化佐證(南亞科自身營收毛利率產能成本結構)完全付之闕如；最大缺口=完全未揭露目標價EPS與本益比 僅有評等文字 無法判斷評價水準或計算隱含空間；核心產業論點=為因應持續緊張的記憶體供給 輝達Rubin Ultra的HBM規格調降 初始版VR300每顆GPU搭載384GB HBM4 後續升級至512GB HBM4E 低於原估的768GB 惟瑞銀推估GPU出貨量自1100萬顆上修至1260萬顆 2027年輝達HBM最終消耗量反而微幅上調至251億Gb Google TPU的HBM上調至192億Gb 全球HBM達615億Gb年增91%；DRAM=伺服器DDR需求有進一步上行空間 2027年DRAM產業位元最終需求年增率由原估36%上調至40% 2026年為年增21%；NAND=合約價分歧擴大 估今年Q3季增20%至超過30% 伺服器與企業級SSD位元需求年增率2026年由54%上調至62% 2027年由45%升至51%；同批報導併記大摩按讚華邦電給予優於大盤(亦未給目標價) 惟本系統8/10早盤已收錄大摩華邦電288元 判定為同一觀點的評等文字補充 不重複計列；風險=未載報告出具日期 多頭論述高度依賴GPU出貨量上修可補回HBM規格下修這一單一假設 若GPU出貨未達1260萬顆則HBM與DRAM需求預估同步失準 輝達下修HBM規格本身是需求端趨保守訊號 原文未討論兩者同時不如預期的情境 既有序列對照8/10早盤已收錄五家外資(大摩/摩根大通/瑞銀/大和/麥格理)均正向目標價區間550~710元 本則買進與該區間一致訊號強度有限 MSCI季調8/13揭曉 8/10漲停與外資買超3萬張可能同時反映指數預期須與基本面分開解讀 未入列下檔情境未討論；已做個股摘要；來源money 9682390 + 9682474 + 9681438
2026-08-10,摩根士丹利(大摩),外資,台積電2330/日月光投控3711/聯發科2454/信驊5274,策略-大中華半導體路演,優於大盤(重申 四檔皆是),未揭露,無目標價不建個股摘要 列為產業策略紀錄；大摩近日赴香港針對大中華半導體產業舉行路演 大中華區半導體主管詹家鴻主講 持續看好台積電日月光投控聯發科信驊四大台廠均給予優於大盤評級；投資人關注六大議題=1.AI資本支出的投資資本回報率 爭論焦點已從AI需求是否真實轉向邊際回報能否跟上龐大資本投放規模 各大CSP管理階層信心仍高昂新產能剛開出即被迅速消化 惟攀升的支出曲線為未來雲端業務成長AI貨幣化及自由現金流轉化率拉高門檻；2.記憶體市場規模爭議增加 大摩拆解2027年雲端資本支出高達1.5兆美元 其中記憶體占53% 運算晶片(GPU+ASIC+CPU)占20%；3.晶片出貨量與耗電量關係為投資人最頻繁提問 估2027年CoWoS產能推估晶片出貨約1900萬顆 以每顆GPU/ASIC平均TDP 2kW計算約需38GW新增電力供應；4.香港投資者對記憶體類股興趣仍高於台積電日月光聯發科等邏輯晶圓代工與IC設計 因記憶體波動度較大吸引更多資金；5.記憶體領域動能型與價值型投資人參與出現分歧 動能型對股價回升較保守 價值型看重潛在現金回饋願用本益比評估並逢低承接；6.投資重心轉移 大摩對DRAM NAND等大宗標準化半導體依然看多 惟部分動能型投資人預期進入盤整期 將注意力轉回以量取勝標的或能為AI基礎設施創造附加價值的商業模式與技術；風險=本則為路演紀要非新出具的個股報告 四檔評等皆為重申 全數未給目標價 不應視為新的評等動作 亦不宜當作個股評等更新使用；來源money 9682617
2026-08-10,－(近24小時無新券商觀點 惟公司財報出爐),－,萬潤(6187),半導體-封裝自動化設備(自選股),無新評等,無新目標價,自選股本場次追蹤紀錄 非券商新觀點 不另建摘要；經查核確認2026/08/10 08:00至19:00無任何新券商報告評等或目標價調整見報；重大事件=Q2財務報告董事會如期於8/10召開 財報於17:29見報(經濟日報 記者朱子呈 9682512)；Q2數字=營收23.55億元季增66.8%年增54.5%創單季新高 毛利率54.8%季增3.0個百分點年增2.8個百分點 營益率33.3%季增10.1個百分點年增2.8個百分點 歸屬母公司稅後純益8.27億元季增154.8%年增107%創單季歷史新高並超越前兩季獲利總和 EPS 8.50元創高(對照Q1的3.37元與去年同期4.16元)；上半年=營收37.66億元年增35.9% 毛利率53.7%年減2.1個百分點 營益率29.5%年減2.4個百分點 稅後純益11.5億元年增55.1% EPS 11.90元較去年同期7.73元成長53.9%；公司歸因=設備出貨規模擴大帶動整體獲利顯著增長；資料瑕疵提醒=該篇內文寫8.27億元但meta摘要寫8.26億元 官網本身數字略有出入 引用時以財報公告為準；最近一次正式券商觀點仍為2026/07/27=美銀證券初評買進目標價1500元(2026/2027/2028年EPS估26.46/41.82/53.34元) 另一家外資維持買進目標價由1650元下修至1550元(券商屬性仍待確認)；解讀=Q2財報明顯超越前波動能且上半年毛利率年減幅收斂 構成券商更新財務模型的直接誘因 惟財報17:29才見報落在券商發稿窗口之後 最可能的評等更新時點為8/11早盤場次 建議明日列為第一優先監控；來源money 9682512
2026-08-10,市場數據(非券商評等),－,大盤/台積電營收,市場-大盤,無(市場數據),無,本場次市場數據紀錄 非券商觀點 不另建摘要；加權指數收44928.76點漲702.85點(+1.59%) 成交8473.72億元 盤中最高45219.4點數度站上45K 尾盤台積電遭賣壓摜低而失守 已收復季線44331點；三大法人合計買超731.67億元 外資買超517億元加碼中鋼6.4萬張居首 外資上週買超266億元終止連六賣加碼緯創7.5萬張居冠；領漲=記憶體面板光通訊PCB BBU機器人被動元件 南亞科華邦電旺宏漲停 台達電光寶科新盛力健和興漲停 群創友達彩晶漲停 上市櫃合計77檔漲停 電纜類股漲5.91%零組件漲4.86% 油電跌2.97%；權值=台積電2380元(+0.42%) 聯發科3960元(+1.54%) 鴻海264.5元(+1.73%)；營收=台積電7月營收4675.8億元月增5.6%年增44.7%續創新高 前七月2兆8720.64億元年增37.0%；題材=輝達傳將入股美國電力基礎建設開發商激勵BBU概念股 市場傳台積電有意向友達買廠擴充先進封裝產能帶動面板股漲停 MSCI季調8/13揭曉激勵記憶體 寶雅一拆十復牌鎖漲停；第一金投顧觀點=季線以上累積兩個多月套牢籌碼往上遇壓難一次大漲通過 市場開始觀望9月16日FOMC 急漲後不急著追高 看好散熱高階POWER ABF CCL記憶體被動元件CPO連接線ASIC FOPLP老AI等族群 惟已連漲兩三天者可多等待 可從低基期個股布局；本場次覆蓋方式=Chrome瀏覽器工具未連線無法沿用8/9建議的直讀方案 改以工商時報目標價站內搜尋頁(靜態可抓)為主力來源 成功補齊當日盤中即時稿 效果良好 建議後續沿用ctee search作為第一順位；鉅亨網與MoneyDJ列表頁仍為JS渲染無法靜態抓取 中央社券商晨訊未被索引 為本場次剩餘缺口；來源ctee 20260810700839 + udn 9681886 + money 9682148 + 9682617
2026-08-11,本土法人(原文未具名),內資,南亞科(2408),半導體-標準型/利基型DRAM,強力買進(維持),1000,前值650 上調53.8% 為本場次最大調升動作 全市場首見四位數目標價；評價基礎完整揭露=以2027年EPS 140.92元給予7倍本益比(1000除以140.92約7.1倍 數字自洽) 2027年毛利率預估87.5%；報告出具日期原文明載2026/08/10 為本場次少數有載日期者；核心佐證=LTA客戶鎖定產能占比已達約50% 且持續將短約轉為長約 意義在獲利可預測性提高；結構性主張=未來3至5年DRAM產業有望從高度循環轉向較高獲利較低週期性的產業結構 此為給予較高評價倍數的理論基礎；對輝達降規疑慮回應=輝達CPU整體潛在市場規模TAM並未下修 出貨甚至可能優於原先預期；既有序列對照=大摩580(8/3) 凱基投顧增持720(8/5) 群益投顧買進556(8/5) 外資五家正向區間550~710(8/10) 大摩樂觀情境1160(8/10) 瑞銀買進未給目標價(8/10) 本則1000元高於外資區間上緣710元達40.8%；風險=券商未具名 2027年毛利率87.5%為極端假設已接近IP授權型公司而非記憶體製造業正常區間 為整份估值最大單一變數且無敏感度分析 7倍本益比看似保守但搭配極端EPS假設實質不保守(低倍數乘高EPS組合易讓讀者低估風險) 產業去週期化主張若不成立則倍數本身也需重估 內外資落差達40.8%但外資未逐家揭露評價基礎無法有效對比 調升53.8%屬一次性大幅修正且前值650元出具時點未載 原文未提供近期股價 MSCI季調8/13為事件驅動須與基本面分開解讀；已做個股摘要；來源setn 1887284
2026-08-11,本土法人(原文未具名),內資,晶豪科(3006),半導體-記憶體IC設計(利基型DRAM/SRAM),強力買進(維持),400,前值200 上調100.0% 為本場次調升幅度最大者；與南亞科華邦電同屬2026/08/10出具之同一份本土法人記憶體報告；調升機制透明度為本場次最高=目標價+100%幾乎完全來自EPS上修(2026年EPS由29.47元上修至57.68元 +95.7%) 本益比維持7倍不變 為本場次唯一可清楚拆解調升來自獲利假設而非評價倍數擴張的紀錄；毛利率同步由40.1%上修至47.1%(+7.0個百分點)；評價倍數7倍與同報告南亞科一致 顯示該法人對記憶體族群採統一評價口徑；本檔為本系統首次收錄 尚無歷史目標價序列 已首建個股資料夾 建議後續持續追蹤建立基準；風險=券商未具名 前值200元與原EPS 29.47元皆無法自第三方獨立佐證標待確認 EPS單次上修95.7%屬極端幅度通常對應漲價循環一次性重估而非結構性成長 回落風險同樣極高 毛利率跳升7個百分點明確來自漲價而非結構性成本下降 7倍本益比建立在EPS已上修近一倍的基礎上低倍數乘高EPS仍放大下檔風險 原文未提供2027年EPS預估(南亞科有)無法判斷延續性 未載近期股價 晶豪科市值與流動性遠小於南亞科華邦電 同樣產業論述套用小型股其波動與評價修正幅度會被放大 原文未做此區隔；已做個股摘要(首建資料夾)；來源setn 1887284
2026-08-11,本土法人(原文未具名),內資,華邦電(2344),半導體-記憶體(利基型DRAM/SLC NAND/NOR Flash),強力買進(維持),275,前值285 下修3.5% 為本場次13則新觀點中唯一下修個案；與南亞科晶豪科同屬2026/08/10出具之同一份本土法人記憶體報告；關鍵觀察=同一份報告內南亞科+53.8% 晶豪科+100% 華邦電卻-3.5% 三檔評等同為強力買進但目標價方向分歧 顯示該法人在記憶體族群內部進行明確相對排序 華邦電被排在後段；屬性判定=前值285元與本系統2026/07/25已收錄之官股金控旗下投顧強力買進285元完全吻合 評等文字亦同 判定為同一機構由285元下修至275元的新動作；價格面論述(與下修方向矛盾)=預期Q3 DRAM平均售價仍可季增50% SLC NAND因缺貨加劇同期ASP估季增70%/60%/30%；風險=本則完全未揭露EPS與本益比 而同一份報告對南亞科晶豪科均有揭露 揭露程度不一致 無法判斷275元推導過程 也無法解釋為何在ASP大幅上漲前提下反而下修 此為本則最大內部張力；三立新聞網8/7曾載兩家本土券商分別給予200元及275元目標價 本則275元與之撞號且該篇未提285元前值 兩者在前值上矛盾 不排除同一份報告不同角度重刊或媒體轉述有誤 標註追蹤；本檔全距204~360元寬達76% 分歧根源在評價方法而非營運數字(主張350元一方將評價方式由景氣循環股改為本益比法 204元一方未做此切換 本則未說明採何種方法) 與8/10大摩288元與8/8官股投顧350元方向背離；ASP季增50~70%屬漲價循環高點延續性存疑 反轉下檔情境未討論 未載近期股價；已做個股摘要；來源setn 1887284
2026-08-11,摩根士丹利(大摩),外資,華城(1519),重電/電力設備-變壓器(AI電網),買進(初評),810,初評 無前值；大摩為繼花旗環球證券後第二家開啟華城基本面研究的外資券商 本身具指標意義；評價基礎=目前交易於2027年預估EPS的27倍本益比 同業對照美國歐洲22~49倍 韓國日本大陸8~69倍 惟原文未揭露EPS絕對值；成長預估=估華城2025~2028年EPS年複合成長率達27%；核心論點=華城股價相對落後反而提供具吸引力的布局機會 華城在大盤前波劇烈修正後股價表現極為弱勢目前處波段低點附近；產業論述=大摩美國電力與公用事業研究團隊預估美國電力需求2025~2035年年複合成長率2.6% 遠高於2005年以來的約0.4% 其中資料中心至2030年前將占75%~78%新增用電需求 預期未來五至七年電力設備產品進入上升循環並帶來重新評價機會；華城專注變壓器業務出口比重高 看好持續受惠海外需求帶動毛利率擴張；本檔為本系統首次收錄個股評等(先前僅於8/9列入無評等目標價清單) 已首建個股資料夾；風險=未揭露EPS絕對值與預估年度具體數字 僅給相對表述無法驗證810元推導 未載報告出具日期 未提供近期股價無法計算隱含空間 同業本益比對照區間極寬(22~49與8~69)以此論證評價具吸引力說服力有限 大摩自述股價弱勢原因之一為對台電出貨進度放緩但何時改善改善多少完全未量化 2.6%電力需求成長為大摩內部團隊預估屬多頭論述關鍵前提 若資料中心建置放緩則整條推論鏈同步失準 下檔情境未討論；已做個股摘要(首建資料夾)；來源ctee 20260811700080
2026-08-11,摩根士丹利(大摩),外資,中興電(1513),重電/電力設備-氣體絕緣開關設備GIS,中立(初評),未給,初評 無前值 未給目標價；與華城同屬一份大摩電力設備報告 同批華城獲買進810元 兩檔評等分歧；中性看法核心理由(逐字)=中興電在氣體絕緣開關設備GIS市占領先 然由於營收高度依賴台電訂單 對台電採購時程與交貨進度的依賴度較高 可能導致營收獲利表現出現較大的波動；產業層面與華城共享同一多頭前提=全球電力基礎建設電網升級及AI驅動資料中心加速建設帶動已開發市場電力需求穩步攀升 台系指標供應鏈為重要受惠對象；中興電今年以來股價落後加權指數 原因在市場資金集中AI題材加上對台電出貨進度放緩；既有序列對照=本系統2026/08/01已收錄FactSet分析師共識(7位分析師 積極樂觀4/中立1)目標價191元 大摩本次中立與該共識偏多傾向方向不一致 惟共識日期較早不宜直接對比；風險=最大缺口為完全未給目標價亦未揭露EPS與本益比 無法判斷大摩認為的合理評價水準也無法計算與現價距離 未載報告出具日期 原文未提供近期股價 中立評等僅以一句話帶過 資訊密度明顯低於同批華城 本則實質為華城報告的附帶提及 客戶集中風險為既有事實而非新資訊 大摩未說明此風險相較過去是加劇或緩解；已做個股摘要；來源ctee 20260811700080
2026-08-11,美系外資(原文未具名),外資,雙鴻(3324),散熱-AI液冷(水冷板/散熱模組),未載評等,1550,前值1480 上調4.7%；媒體標題稱2外資齊喊買屬推論 本則原文未給該家評等文字 引用務必注意；調整邏輯(逐字)=雖微幅調整2026年獲利預估 但基於液冷散熱與伺服器業務的結構性成長潛力 上調2027年及2028年獲利預測 並將目標價由1480元調升至1550元；關鍵營運指標=隨著Vera Rubin平台開始量產 公司預估液冷產品單月營收占比可望提升至70%(此為公司自身預估非券商獨立驗證)；財報=Q2營收87億元創單季新高 單季EPS 10.41元 上半年EPS 23.01元 7月營收37.65億元月增38.54%年增116.7%；8/10收1010元 對照1550元隱含空間約+53.5%；本檔為本系統首次收錄 尚無歷史目標價序列 已首建個股資料夾；風險=未載評等文字 券商未具名 未載報告出具日期 未揭露EPS預估與本益比無法驗證1550元推導 明確微幅調整2026年獲利預估(方向未明示上調或下調)卻同時調升目標價 此邏輯落差原文未說明 多頭論述高度綁定Vera Rubin平台量產時程 遞延則2027~2028年獲利上修同步失準 下檔情境未討論 7月營收月增38.54%為單月高基期延續性未說明；已做個股摘要(首建資料夾 與日系外資合併)；來源ftnn 568780
2026-08-11,日系外資(原文未具名),外資,雙鴻(3324),散熱-AI液冷(水冷板/散熱模組),買進(維持),1600,前值未揭露；與同批美系外資1550元僅差3.2% 兩家調整方向一致=短期2026年獲利預估微調或持平 成長動能認列在2027~2028年 屬往後遞延但幅度加大的典型液冷滲透邏輯；8/10收1010元 對照1600元隱含空間約+58.4% 原文稱潛在漲幅近6成；共同論據=Vera Rubin平台量產後液冷產品單月營收占比可望提升至70%；風險=券商未具名 未載報告出具日期 未揭露EPS與本益比 兩家3.2%的差距無法判斷來自獲利假設或評價倍數 本檔為本系統首次收錄前值無法自第三方獨立佐證；併入雙鴻個股摘要檔；來源ftnn 568780
2026-08-11,本土投顧(原文未具名),內資,騰輝電子-KY(6672),電子材料-銅箔基板CCL,買進(維持),330,前值260 上調26.9%；EPS上調=2026年11.27元 2027年16.6元；本益比原文未揭露 以330元回推約29.3倍(2026)/19.9倍(2027) 此為本系統回推非原文數字；核心論點(逐字)=CCL的成長背景已由產品漲價外溢訂單規格升級轉為技術實力取向規格升級市占率提升 而騰輝電子擁塗布產能取得能力樹脂自行合成且累積長年認證 成長動能也由產品報價上漲轉向利基型材料放量；此論述意義在於主張成長動能正從產業beta(漲價循環)轉向公司alpha(技術與市占) 若成立則獲利延續性優於純漲價受惠股；護城河三項=塗布產能取得能力 樹脂自行合成能力 長年客戶認證；財報=Q2 EPS 2.96元近18季新高 上半年EPS 4.75元 2026年EPS 11.27元隱含下半年需達6.52元較上半年成長約37%；本檔為本系統首次收錄 已首建個股資料夾；風險=原文自載風險(逐字)若明年高階CCL產能陸續如期開出 下半年供給較今年來說將有所改善 為長期來看的潛在風險 此自載風險與多頭論述存在直接張力(一方面主張成長已脫離漲價 另一方面承認供給改善是主要風險 兩者未被充分調和) 券商未具名 未載報告出具日期 未揭露本益比 8/10股價已亮燈漲停251.5元短線追價風險偏高且目標價於漲停當日盤後見報須注意消息面與價格先後順序 前值260元無法自第三方獨立佐證 回推29.3倍本益比對材料廠偏高且無歷史區間對照；已做個股摘要(首建資料夾)；來源ftnn 568798
2026-08-11,金控系投顧(原文未具名),內資,南亞(1303),塑化/電子材料-銅箔基板CCL/玻纖布,原文未給評等文字,242,前值未揭露；原文核心句(逐字)=南亞(1303)AI電子材料布局有成 轉型效益持續發酵 給予242元目標價；產業面=受惠AI伺服器與1.6T網通交換器規格升級 CCL中高階材料供不應求 漲價循環推升獲利表現；產品進度=CCL之M8 M9等級材料預計下半年量產 M10等級已進入認證階段；上游布局=去年底與日東紡Nittobo策略合作高階T-glass 今年通過認證並小量出貨 計劃2028年前將產能提升3倍；既有序列對照=2026/07/27法人(未具名)260元 2026/08/06老字號本土法人買進(維持)228元與群益證券看多228元 本則242元落在228~260元之間屬區間內移動非突破性調升；產業旁證(同日工商時報另篇非本則券商觀點)=大陸電子玻纖布8月主要規格平均價格月增約17%~18% 今年以來累計漲幅118%~165% 與漲價循環推升獲利論述方向一致；風險=原文完全未給投資評等文字僅有一個目標價數字 未揭露EPS本益比與目標價前值 242元推導完全無法驗證 券商未具名(僅知金控系) 未載報告出具日期 同篇報導中南亞與亞翔為兩個不同來源 標題法人喊買易讓讀者誤以為同一家券商同時看好兩檔 實則南亞連評等文字都沒有 T-glass產能2028年前提升3倍屬長天期規劃對2026~2027年獲利貢獻未量化 CCL漲價循環反轉下檔情境完全未討論；已做個股摘要；來源ctee 20260811700269
2026-08-11,中信投顧(具名),內資,亞翔(6139),工程統包-高科技廠房(半導體廠務),買進,1500,前值未揭露 原文用語為推測合理股價；原文核心句(逐字)=中信投顧則看好亞翔(6139)新接大型半導體統包專案 在手訂單跳升 給予買進投資評等 推測合理股價高達1500元；EPS預估=2026年55.79元 2027年88.13元(年增約58%)；本益比原文未揭露 以1500元回推約26.9倍(2026)/17.0倍(2027) 為本系統回推非原文數字且無歷史區間可對照；在手訂單=4400.7億元 2025年11月至2026年上半年新接訂單3201.7億元 其中上半年接單3037.4億元 三項數字內部自洽；成長動能=美光新加坡一廠二廠為主要貢獻 帶動東南亞營收占比估達63%(2026)與67%(2027)；既有序列對照=本系統2026/07/27曾收錄本土老牌投顧(未具名)買進1100元 與券商2家(未具名)看多區間1280~1500元 本則1500元落在該區間上緣 可能為當時未具名的其中一家 仍計為新觀點理由是首次具名且首次揭露EPS預估；風險=未揭露目標價前值與本益比 無法判斷屬調升維持或下修 未載報告出具日期 未提供近期股價無法計算隱含空間 客戶高度集中(動能明確集中於美光新加坡一二廠 東南亞營收占比2027年估達67%)單一客戶與單一區域集中度風險完全未討論 工程統包業營收認列受工程進度影響大 在手訂單轉化為營收獲利的時程與毛利率假設皆未說明 同篇另一檔南亞為不同來源且無評等文字兩檔不宜合併解讀；已做個股摘要；來源ctee 20260811700269
2026-08-11,中國信託證券(副標具名 內文稱本國投顧),內資,富世達(6805),AI伺服器機構件-水冷頭/浮動接頭 折疊手機轉軸,買進(維持),2400,前值未揭露 原文僅稱維持買進建議未給前次目標價；EPS預估=2026年58.65元 2027年83.84元(成長約43%)；本益比原文未揭露 以2400元回推約40.9倍(2026)/28.6倍(2027) 為本系統回推；原文核心句(逐字)=展望2027年 美國四大CSP廠皆於其AI伺服器導入水冷方案 2027年營收動能不虞匱乏 預估今年2027年每股稅後純益58.65元83.84元 維持買進投資建議 目標價訂為2400元；產品組合質變=2026年上半年伺服器產品營收占比拉升至55.7%正式超越折疊手機 公司屬性由消費性零組件轉向AI基礎建設；下半年出貨=GB系列switch tray水冷頭與浮動接頭持續下單 VR200的switch tray水冷頭computer tray水冷頭與浮動接頭以及AWS Server產品亦將開始出貨 水冷產品由Cold Plate延伸至Rack Manifold接頭；既有序列對照=本系統2026/08/10已收錄大和資本2615元(前值2600) 本則2400元較大和低約8.2% 方向一致水準不同；風險=券商署名不一致(副標掛中國信託證券 內文寫本國投顧指出)建券商資料庫需人工判定 未揭露目標價前值與本益比 未載報告出具日期 回推2026年本益比約40.9倍偏高且無歷史區間對照 本則為權證專區稿件文末附法定風險聲明 性質上非獨立券商研究專稿 與大和2615元相差8.2%但兩家皆未同時揭露EPS與本益比完整組合(大和未揭EPS 本則未揭本益比)無法判斷差異來源 多頭論述高度依賴美國四大CSP廠2027年皆導入水冷此一前提 液冷滲透遞延則2027年EPS 83.84元達成度存疑 下檔情境未討論；已做個股摘要；來源ctee 20260811700275
2026-08-11,法人(原文未具名 研判為投顧),內資,旺矽(6223),半導體-測試介面(探針卡/垂直探針VPC/MEMS),買進(維持),8240,前值未揭露；重要去重提醒=本系統既有旺矽目標價序列全數為8000元(野村7/24 高盛7/28兩則 摩根士丹利8/7分析師葉馨) 本則8240元與之僅差3.0% 論述基礎不同(大摩為CPO insertion供應鏈調查與2025~2028年獲利年複合成長率112% 本則為VPC/MEMS產能擴充與7月營收) 判定為不同機構計為新觀點 惟券商未具名無法完全排除同源可能；需求面(逐字)=隨著AI ASIC CPU等高階晶片測試需求持續擴大 預期下半年營收將維持逐季成長態勢；產能擴充(逐字)=2026年底VPC與MEMS探針月產能將進一步提升至200萬針及500萬針；新技術(逐字)=與客戶共同開發CPO共同封裝光學測試設備 相關產品預計最快2027年開始貢獻營收 此點與8/7已收錄大摩供應鏈調查方向一致構成跨機構交叉印證；營運=7月營收18.05億元月減1.5%年增66.5% Q3營收達成率約32%；風險=最大缺口為未揭露EPS未揭露本益比未揭露目標價前值 8240元推導完全無法驗證也無法判斷屬調升維持或下修 券商未具名 未載報告出具日期 8240元與四家外資8000元僅差3.0% 實質意義接近與市場共識一致而非提出差異化觀點資訊含量有限 7月營收月減1.5%與下半年逐季成長論述在短期方向上不完全一致原文未說明 Q3達成率約32%屬中性水準(三個月平均33.3%)並非超前訊號原文未做此對照 CPO測試設備最快2027年才貢獻時程偏遠 產能數字未提供目前基準值無法判斷擴充幅度；已做個股摘要；來源ftnn 568800
2026-08-11,外資(原文未具名),外資,信驊(5274),半導體-IC設計(BMC遠端伺服器管理晶片),原文未給評等文字,20000元以上(區間 待確認),前值未揭露；原文核心句(逐字)=外資上調信驊今年至2028年獲利預估10%~15% 且目標價上看至20000元以上；需求面(逐字)=市場看好AI伺服器建置加速 代理式AI應用擴大 以及美系ASIC客戶需求提升；產品面=新一代產品AST2700滲透率提高 未來新品AST1840帶來新成長動能；財報=Q2稅後純益18.41億元創單季歷史新高 EPS 40.87元(原文形容大賺四個股本) 7月合併營收15.24億元月增16.32%年增97.59%再度改寫單月歷史新高；去重提醒=本系統2026/08/10已收錄大和資本19800元 本則20000元以上與之接近 是否為同一份報告或同一機構無法排除 其他既有序列=高盛22000(7/29出具) 美系外資20888(7/23與8/6) 美系外資20455(8/6) Factset共識20059.09(8/7)；風險=最大缺口為目標價是20000元以上的模糊區間而非單一數字 無法納入精確目標價序列比較 目標價欄位標待確認 原文完全未給評等文字評等欄位無法填列 券商未具名 未載報告出具日期 未揭露全年EPS預估與本益比 10%~15%的獲利預估上調缺乏可驗證絕對值基準 本則出自權證版面季報整理稿非以信驊為單一主標的之券商報告專稿資訊密度偏低 既有序列多數落在20000~22000元之間與現有共識高度重疊訊號強度有限；已做個股摘要；來源ctee 20260811700272
2026-08-11,－(重複 8/10盤後已收錄),外資,台積電2330/日月光投控3711/聯發科2454/信驊5274,策略-大中華半導體路演,優於大盤(重申 四檔皆是),未揭露,本場次查核紀錄 非新觀點 不另建摘要；經濟日報8/11 01:46刊出大摩香港路演重申四台廠優於大盤 惟同一場路演內容已於8/10 18:11見報(經濟日報9682617)並由本系統8/10盤後場次收錄 本則為隔日紙本重刊 判定重複不重複計列；內容摘要=投資者爭論焦點已從AI需求是否真實轉向邊際回報能否跟上龐大資本投放規模 估2027年CoWoS產能推估晶片出貨約1900萬顆 以每顆GPU/ASIC平均TDP 2kW計算約需38GW新增電力供應 全文未載任何目標價；來源money 9683168
2026-08-11,－(無評等目標價 不計列),內資,京元電子(2449),半導體-封測/測試,無(僅EPS預估),無,本場次查核紀錄 非新觀點 不另建摘要；FTNN 2026/08/11 08:00稿件僅有法人(未具名)2026/2027年EPS預估8.78元/15元 與Q3營收季增7~9%(低於原估11%與市場預期15%) 未載評等未載目標價 不構成完整券商觀點 不計列；另工商時報8/11權證稿載京元電7月營收39.9億元月增10.2%年增36.75% Q2稅後純益24.92億元EPS 2.04元 亦無評等目標價；來源ftnn 568802 + ctee 20260811700266
2026-08-11,－(無評等目標價 不計列),－,奇鋐3017/日月光投控3711/緯穎6669/聯亞3081/華城1519(財報稿),多產業,無(權證專區或純財報稿),無,本場次查核紀錄 非新觀點 不另建摘要；工商時報8/11相關稿件經逐篇查核全數無券商評等或目標價=奇鋐(權證專區產業展望稿 僅有未具名法人對Rubin水冷出貨時程與2027年VR200出貨6~7萬櫃Rubin Ultra約1.5萬櫃的推估) 日月光投控(Q3營收估季增21~22% 資本支出由85億美元上修至105億美元 純數字) 緯穎(Q2毛利率9.26%五季新高 上半年EPS 156.38元 7月營收1176.86億元 純財報) 聯亞(國票期貨提供之法說會前瞻題材稿 引述Lumentum執行長稱InP雷射供應缺口仍逾30%及FCC擬限制中國製光模組進口 僅稱市場對聯亞下半年至2027年成長預期有上修空間 無具體評等目標價EPS) 華城財報稿(FTNN 8/10 23:45 上半年EPS 6.52元 AIDC在手訂單約220億元 能見度至2029年 屬公司自身說法 與本場次大摩初評為不同素材)；來源ctee 20260811700278 + 20260811700266 + 20260811700272 + 20260811700263 + ftnn 568799
2026-08-11,－(發稿早於窗口 剔除),－,富采3714/景碩3189/勤誠8210/聯茂6213,多產業,各有評等目標價 惟時點在窗口外,無,本場次查核紀錄 非新觀點 不另建摘要；經逐篇確認發稿時間早於2026/08/10 19:00而剔除=富采3714(63元 區間持有 setn 1887074 8/10 17:00) 景碩3189(1000元 買進 setn 1885617 8/10 02:15) 勤誠8210(1335元與1600元 ftnn 568794與568720 8/10白天) 聯茂6213(610元 增持 ftnn 568716 8/10)；方法論提醒=台灣財經媒體常把橫跨數週的舊報告寫成最新 本場次已逐筆回溯發稿時間戳剔除 建議後續場次維持此查核步驟；來源setn 1887074 + 1885617 + ftnn 568794 + 568720 + 568716
2026-08-11,－(近24小時無新券商觀點 惟券商屬性查核有重大成果),－,萬潤(6187),半導體-封裝自動化設備(自選股),無新評等,無新目標價,自選股本場次追蹤紀錄 非券商新觀點 不另建摘要；經七來源交叉查核(工商時報站內搜尋萬潤/經濟日報萬潤標籤頁/旺得富個股頁/Yahoo股市6187.TWO/FTNN/MoneyDJ/鉅亨網)確認2026/08/10 19:00至08/11 08:15無任何新券商報告評等或目標價調整見報；查核硬佐證=工商時報萬潤站內搜尋最新一篇仍停在2026.08.09萬潤站上所有均線 而同一頁面即時新聞區塊已載入8/11 07:32稿件 證明站台資料為即時非快取落後；重大查核成果=確認目標價由1650元下修至1550元維持買進之券商為高盛證券(經濟日報聯合新聞網2026/07/10 13:16 記者崔馨方 story/7254/9619731) 此項先前因工商時報記為第二家美系外資而FTNN記為歐系外資瑞銀首評而長期標記待確認 現可正式改為已確認屬美系外資高盛；高盛萬潤目標價完整序列(已釐清)=800元→1800元(2026/04/22-23 上調125% 獲利預估上調37~58%)→1550元(2026/07/10 下修6.1% 同步調整2026-2028獲利預估+7%/-6%/-12%) 評等全程維持買進；高盛下修理由=下修CPO營收占比預估 2027與2028年CPO營收估分別達21億元與102億元 占同期營收比重16%與60%(原估為29%與69%) 惟仍認為次世代系統複雜度提升平均售價至少可再調漲約20%；另一家已確認=美銀證券2026/07/27初評買進目標價1500元(2026/2027/2028年EPS估26.46/41.82/53.34元)；8/10股價=收1090.00元跌40.00元(-3.54%) 開1165高1220低1080 成交3918張成交額45.01億元 振幅12.39% 市值1070.31億元；資料提醒=各行情站顯示本益比約71倍仍以Q1的近四季EPS 15.25元計算 8/11早上尚未更新Q2財報數字 不宜直接當作財報後本益比引用；後續觀察=Q2 EPS 8.50元創單季新高已構成券商更新財務模型的直接誘因 但財報8/10 17:29見報落在券商發稿窗口之後 且8/10股價逆勢收黑3.54% 建議8/11盤後場次與8/12早盤場次持續列為第一優先監控；來源udn 9619731 + ctee search萬潤 + money tagging萬潤 + wantrich 6187 + cnyes twstock 6187
2026-08-11,法人(原文未具名 研判內資投顧),內資,國巨*(2327),被動元件-MLCC/鉭質電容/電阻/磁性元件,買進(維持),688,前值原文未揭露；重大去重提醒=本系統2026/08/07已收錄法人(未具名)買進688元(同樣出自工商時報 同樣未具名 同樣未揭露前值) 兩則目標價與評等完全撞號 不排除為同一機構同一份報告在7月營收公布後的重刊 本則仍計為新觀點理由是首次揭露評價基礎(2027年25倍本益比) 首次揭露B/B Ratio 2.2與Q3稼動率90%兩項新指標 且觸發事件為8/10才公布的7月營收 惟須明確認知目標價本身相對8/7並無任何變動；評價基礎=給予2027年25倍本益比 惟原文未揭露2027年EPS絕對值 688元無法回算驗證；核心論點=AI伺服器對高階MLCC鉭質電容電阻及磁性元件需求仍處於成長階段 法人定調為結構性成長而非短循環；轉單邏輯=日韓大廠持續將產能轉向高階 中高階及標準型可能出現訂單外溢 國巨有機會承接更多轉單推升稼動率與ASP；訂單能見度=B/B Ratio已升至2.2 部分客戶積極洽談長期供貨協議LTA 希望提前鎖定未來半年至數年需求；獲利路徑=法人預估Q3產能利用率升至90% 稼動率提高加上高階占比提升有助推升毛利率；營收=7月合併營收161.31億元月增5%年增51.5%連五個月改寫單月新高 前7月987.53億元年增32.5%(美元計年增31.7%)；同業對照=華新科7月44.44億元月增12.2%年增42%創近8年單月新高 顯示族群性回溫；風險=券商未具名 未揭露前次目標價與2027年EPS 688元推導無法驗證；與既有序列巨大落差=688元遠低於歷史FactSet共識927元 亦遠低於6月美系券商與大摩1050~1355元區間(超級供需失衡情境上看2055元) 本則內資觀點相對保守甚多 差異來源原文未說明；原文完全未提任何下行風險 對照大摩7/22下修時點名的非AI需求走弱 同業競爭加劇 併購未見成效 車用工業未復甦四項(悲觀情境僅15倍685元) 本則缺乏對稱下檔討論；籌碼面反向訊號=8/11外資賣超國巨7789張48.06億元居當日賣超金額之冠 與買進訊號背離；25倍本益比無歷史區間對照；LTA僅為積極洽談尚非已簽訂；B/B 2.2屬極高水準通常對應缺料與重複下單並存 原文未討論重複下單可能性；8/11開低翻紅盤中一度大漲逾7%重站600元 終場漲7.68%；已做個股摘要；來源ctee 20260811700705
2026-08-11,FactSet外資共識彙整(11位分析師),外資,華邦電(2344),半導體-記憶體(利基型DRAM/SLC NAND/NOR Flash),共識(原表未列評等),236,前值空白未標示；重要性質提醒=FactSet為金融數據彙總商而非單一外資券商 本則為11位分析師預估的統計結果 非任何一家券商新出具的研究報告 不宜與具名券商報告等量齊觀；查核發現=2026/08/07已有一筆完全相同的華邦電236元(同樣無評等無舊價) 本次8/11等同重申同一共識價 目標價本身並無任何變動；實質變動處=2026全年EPS預估中位數由23.4元上修至24.43元(+4.4%)；EPS離散度極大=最高29.03元最低16.08元 最高為最低的1.8倍 中位數代表性存疑；價格面(逐字)=目前第三季記憶體價格將持續向上 尤其在AI應用持續推升記憶體需求的情況下 到了2027年缺口將仍存在；漲幅預期轉趨務實(逐字)=雖然DRAM FLASH價格漲幅不至於重現前一波翻倍走勢 但華邦電依舊對於下半年展望樂觀 此句為本則最值得注意訊號 分析師共識已在調降漲幅斜率預期同時維持方向樂觀；關鍵解讀=上修EPS中位數4.4%卻維持目標價236元不變 等同隱含評價倍數小幅下調 屬偏空訊號 惟媒體標題以外資上修獲利預估呈現易讓讀者誤判為調升；營收=7月合併營收267.73億元月增29.98%年增291.55%創單月新高 前7月1248.7億元年增160.97%創歷年同期新高；鉅亨外資評等表該筆現價欄顯示178元(頁面自身顯示值與實際盤價有落差)；本系統序列對照=204元(8/9本土老牌投顧增加持股) 236元(8/7與8/11FactSet) 275元(8/11早盤本土法人強力買進) 288元(8/10大摩正向) 350元(8/8官股金控投顧買進重申) 360元(8/3小摩優於大盤) 全距204~360元寬達76% FactSet共識236元落在區間偏下緣；風險=無評等 無本益比 無毛利率 無目標價前值 無目標價時間框架 11位分析師名單未具名 236元對應中位數或平均數或個別值原文未說明 EPS分布偏態資訊未提供 缺口延續到2027年為公司自述非分析師獨立結論 各家未逐一揭露評價基礎無法判斷分歧來源 ASP漲價循環反轉下檔情境未討論；8/11記憶體族群轉弱 南亞科華邦電旺宏同步走低與8/10漲停行情反向；已做個股摘要；來源ftnn 568992 + cnyes ratediff 20260811
2026-08-11,法人(原文未具名 研判內資),內資,欣銓(3264),半導體-IC測試(AI ASIC測試/晶圓測試),原文未給評等,調升約3成(絕對值未揭露 待確認),前值未揭露；重大缺口=原文逐字為將其目標價調升約3成與並將其目標價提升3成 完全未給絕對數字 目標價欄標待確認 無法納入精確序列比較也無法計算隱含空間；本系統推算=對照2026/07/27收錄之本土老牌投顧買進270元 +3成推算約351元 此為本系統推算非原文數字 且無法確認本則與7/27為同一機構 僅供參考不宜直接引用；調升理由(逐字)=欣銓在7月開始與晶圓大廠策略夥伴合作的ASIC測試專案開始明顯增加 看好欣銓在排除匯率波動因素下獲利逐季成長 將其目標價調升約3成；產能落地(逐字)=欣銓在龍潭新廠歷經今年上半年客戶驗證與進場裝機後 7月起正式進入量產階段 並推動針對AI ASIC提供測試服務 帶動7月單月營收來到17億元 此為本則最具體的量價連結 新廠量產時點與單月營收跳升可互相印證；展望(逐字)=法人看好欣銓受惠高階機台稼動率幾乎處於滿載 第三季營收看旺；財報=Q2營收45.34億元季增13.8%年增32.4%創單季新高 Q2稅後淨利11.56億元EPS 2.44元創單季新高 7月合併營收17.67億元月增13.8%年增52.3% 前7月102.84億元年增31.9%；獲利品質註記=法人特別以排除匯率波動因素為前提描述獲利逐季成長 隱含匯率對帳面數字有一定干擾；產業交叉印證=同日京元電子7月營收創單月歷史最佳 法人估其今年AI相關營收占比有機會突破7成 日月光投控資本支出由85億美元上修至105億美元 測試與封測環節景氣同步升溫 本則個股論述與產業方向一致；風險=最大缺口為目標價僅有調升約3成的相對表述無絕對數字 原文未給投資評等文字 券商未具名 未載報告出具日期 未揭露EPS預估與本益比 3成的推導基礎完全無法驗證 本系統推算的351元建立在兩項未經證實假設上實際基期可能不同 高階機台稼動率幾乎滿載同時意味短期產能上限已近後續成長須依賴新增資本支出但原文未提供擴產計畫與時程 龍潭新廠爬坡期良率與折舊壓力對毛利率影響未討論 與晶圓大廠策略夥伴合作的ASIC測試專案未具名客戶客戶集中度風險未揭露 7月單月營收17.67億元為新廠量產首月高基期延續性未說明；已做個股摘要；來源ftnn 568989 + 568867
2026-08-11,FactSet外資共識彙整,外資,雙鴻(3324),散熱-AI液冷(水冷板/散熱模組),符合市場,1380,前值1335 上調3.4%；性質提醒=鉅亨網外資評等表券商欄標示為Factset 為分析師共識統計 非單一具名外資券商新出具的研究報告；評等日期原表明載20260811；同日內部落差為本則最重要資訊=本系統同日早盤場次已收錄美系外資(未具名)1550元(前值1480)與日系外資(未具名)買進維持1600元 FactSet共識1380元較該兩家低10.9%~13.8% 顯示兩家出手的外資明顯樂觀於整體分析師共識 共識價尚未跟上單一券商的上修動作 判讀時務必區分共識價與最樂觀券商價 兩者不宜混用；共識調升幅度僅3.4% 相對同期單一券商4.7%的調升與1600元高標 屬跟隨性幅度保守的調整 訊號強度有限；評等維持符合市場而非升評 代表分析師整體雖上修目標價但並未認為雙鴻相對大盤具備超額報酬機會 與同日兩家外資的積極論述形成對比；產業前提(引自同批單一券商論述)=Vera Rubin平台開始量產後公司預估液冷產品單月營收占比可望提升至70% 成長動能主要認列在2027~2028年 屬往後遞延但幅度加大的液冷滲透邏輯；後續追蹤建議=共識與單一券商的落差本身即是有用資訊 若後續共識向1550~1600元收斂代表市場逐步接受液冷滲透加速 若單一券商回落至共識區間則代表先行者過度樂觀；財報=Q2營收87億元創單季新高單季EPS 10.41元 上半年EPS 23.01元 7月營收37.65億元月增38.54%年增116.7%；8/10收1010元 該表現價欄顯示1045元 對照1380元約+32%~+36.6%；風險=無法追溯任何一家券商的評價方法EPS假設或本益比 原表未揭露EPS本益比與參與統計的分析師家數 未載目標價時間框架 最大解讀風險為同一天出現1380共識與1550美系與1600日系三個數字全距達16%媒體多引用最高值投資人易高估市場整體看法 符合市場評等搭配目標價調升方向並不完全一致原表未說明 多頭論述高度綁定Vera Rubin平台量產時程遞延則2027~2028年獲利上修同步失準 液冷占比70%為公司自身預估非分析師獨立驗證 7月營收月增38.54%為單月高基期延續性未說明；已做個股摘要；來源cnyes ratediff 20260811 + ftnn 568780(對照)
2026-08-11,FactSet外資共識彙整,外資,啟碁(6285),網通-低軌衛星/無線寬頻設備,符合市場(自超越市場降級),330,前值302 上調9.3%；本場次唯一評等降級個案=2026/08/06該檔評等為超越市場 本次由超越市場降為符合市場 目標價調升9.3%的同時評等遭降級 兩者方向背離；此組合常見成因有二=(1)股價漲幅已超前 即使上修獲利剩餘上檔空間仍不足以支撐超額報酬評等 (2)分析師結構改變 樂觀者退出或新增中性者拉低整體評等分布 原表未提供任何說明無法判斷屬何者 建議列為後續追蹤重點；本系統序列=292元(2026/07/29金控龍頭旗下投顧推薦 未明列評等) 302元(2026/08/06FactSet超越市場) 330元(2026/08/11FactSet符合市場) 三週內共識目標價自292元累計上調13.0% 惟評等在最後一步反向降級；解讀建議=目標價上修應視為獲利面正面訊號 評等降級應視為評價面警訊 兩者針對不同層次不宜只取其一作為投資結論；族群背景=8/11低軌衛星概念股走勢分歧 指標股僅一檔收紅 族群整體動能不如被動元件與PCB CCL 與評等降級方向一致；該表現價欄顯示254元 對照330元約+30%；風險=本則為分析師共識彙整非單一券商報告 無法追溯任何一家券商的評價方法與獲利假設 最大缺口為目標價上修9.3%卻同時降評原表完全未提供理由 未揭露EPS預估本益比參與統計分析師家數與目標價時間框架 無任何營運數字佐證無法判斷330元對應的獲利假設是否合理 評等降級是本則最重要資訊但媒體與行情站通常只顯示目標價變動此訊號極易被忽略 低軌衛星題材的營收認列時程與客戶集中度風險完全未涵蓋 共識價與現價254元間仍有約30%空間但在符合市場評等下此空間可信度須打折；已做個股摘要；來源cnyes ratediff 20260811 + ftnn 569025
2026-08-11,FactSet外資共識彙整,外資,旭隼(6409),電源設備-不斷電系統UPS/儲能與太陽能變流器,原表未列評等,1035,前值空白未標示 無法判斷屬調升維持或下修 方向性完全不明；本檔為本系統首次收錄 尚無任何歷史目標價序列可供比較 本次首建個股資料夾 在缺乏基期情況下本則僅能作為序列起點 不宜單獨用於投資判斷 建議後續持續追蹤以建立基準；核心讀數=該表現價欄顯示1010元 對照1035元隱含空間僅約+2.5% 共識價形同貼近現價 實質意義接近合理價已到而非看多；實務意涵=分析師的獲利上修已被股價充分反映 短期缺乏由評價驅動的上檔動能；在無評等文字情況下本筆資料的可用性主要在於提供一個市場共識的錨點 而非方向性建議；產業背景(本系統歸類 非FactSet觀點)=旭隼主營不斷電系統UPS與儲能太陽能變流器 與AI資料中心電力基礎建設題材同屬電力設備鏈 本系統近期已收錄大摩對華城1519買進810元初評與中興電1513中立初評 外資對台灣電力設備族群研究覆蓋正在擴大 旭隼可一併納入族群比較框架追蹤；風險=本則資訊完整度為本場次最低 無評等 無目標價前值 無EPS 無本益比 無任何營運數字 無論述理由 實質可用資訊僅有1035元一個數字；無前值意味無法判斷方向；為分析師共識彙整非單一券商報告且參與統計家數未揭露 若覆蓋家數偏少共識價代表性會顯著下降；隱含空間僅2.5%落在多數行情波動的日內範圍內實務上不構成可操作價差；首次收錄無歷史基期判讀價值受限；原表現價欄數值與實際盤價可能存在落差(同表華邦電顯示178元 雙鴻顯示1045元)以此計算的隱含空間須保留誤差；建議處理方式=僅作為序列起點記錄 在取得具名券商報告或補齊EPS與本益比之前不宜作為投資判斷依據；已做個股摘要(首建資料夾)；來源cnyes ratediff 20260811
2026-08-11,－(重複 8/10已收錄同組數字),外資,南電(8046),PCB-IC載板(ABF),買進(重申 並列入強推清單),2500,本場次查核紀錄 非新觀點 不另建摘要；旺得富8/11盤中稿載高盛重申買進並列入強推清單 目標價2310元調升至2500元 2026-2028年獲利預測分別上修2%/9%/23% 惟本系統8/10已收錄高盛南電2500元 判定為同一份高盛報告的隔日深度轉載 不重複計列；本則補充的新論點細節(供既有紀錄補齊)=專注現貨價格市場的ABF廠獲利擴張速度快於簽長約LTA業者 南電正是受益方；Q2毛利率季增8.9個百分點(欣興+6.8 景碩+4.9 增幅居台系ABF之冠) Q3營收估季增27% 毛利率再季增6.6個百分點至31.3%(優於景碩28.4% 欣興27.4%)；昆山廠(佔整體ABF產能15~20%)7月稼動率70%高於Q2的50% 帶動7月營收月增16%；供需缺口放大至15~20%；嘉義新廠資本支出468億元(去年僅24億 上一波循環單年高峰169億) 新產能建置期至少30個月 對應台積電2028H2~2029H1 CoPoS量產 新品載板尺寸大100% 層數多30%以上；高階ABF營收占比由去年上半年不到20%拉高至明年4成以上；高盛自陳三大下行風險=PC需求復甦欠佳 ABF載板漲價趨緩 高階新產能認證進度不如預期；同時下修今年營收預測2%(傳統PCB需求不如預期) 毛利率微幅下修1個百分點(昆山良率爬坡慢) 屬升目標價但砍今年財務數字的組合；來源wantrich 20260811900221
2026-08-11,－(重複 同一份報告 8/11早盤已判定窗口外),內資,富采(3714),光電-LED/感測器/光通訊,原文未給評等,63,本場次查核紀錄 非新觀點 不另建摘要；FTNN 8/11 17:00刊出本土法人富采目標價63元 建議以股價淨值比1至1.1倍區間操作 惟本系統8/11早盤場次已以三立8/10 17:00稿(setn 1887074)判定為窗口外 兩者目標價完全撞號 判定為同一份報告重刊 不計列；財報=Q2營收63.2356億元季增20.55%年增10.16%近七季新高 毛利率10.85% 歸屬母公司稅後淨利12.4519億元 EPS 1.69元 每股淨值58.81元 上半年營收115.6905億元年增1.73% 稅後淨利10.9583億元EPS 1.49元；以每股淨值58.81元回推63元約當PB 1.07倍(本系統換算 非原文數字)；原文內部矛盾提醒=法人稱富采依舊面臨龐大壓力持續處於虧損狀態 但同段財報數字卻是稅後淨利12.45億元EPS 1.69元 原文未說明是本業營業損益虧損而業外獲利 此為明顯未揭露缺口；論點=Q2受惠零組件市場傳統旺季 世足賽帶動電視需求帶動感測器需求升溫 公司搶攻光通訊商機三大核心光源方案均已全面進入實質布局階段 加上AI資料中心高速光互連及邊緣運算應用持續擴大；缺口=三大核心光源方案原文未列出是哪三大 無評等 無EPS預估 無本益比 無目標價前值 法人機構未具名 毛利率僅10.85%屬偏低水位原文未評論；來源ftnn 568978
2026-08-11,－(無評等無目標價 不計列),外資,台燿(6274),電子材料-銅箔基板CCL,重申正向(非制式評等),無,本場次查核紀錄 非新觀點 不另建摘要；旺得富8/11盤中稿(時報記者張漢綺)載亞系外資重申正向看待台燿前景 惟原文未出現Buy或Outperform等制式評等字樣 且完全未給目標價 未給EPS預估 僅有獲利有上修空間的定性說法 不構成完整券商觀點 不計列；論點=由7月獲利反推單月毛利率高於市場預期 代表全年獲利有上修空間 成長來自AI伺服器與高階交換器需求強勁 泰國廠新產能陸續開出 材料規格升級帶動ASP上揚；營運=7月合併營收59.09億元年增121.6%創單月新高 稅前盈餘18.65億元年增355.7% 歸屬母公司淨利13.06億元年增297%創單月新高 單月EPS 4.36元 前7月營收302.64億元年增91.3% 稅後49.08億元EPS 16.76元(一個月賺進上半年獲利的三分之一)；籌碼面反向訊號=台燿在8/10統計中屬外資連續賣超五日以上名單 與亞系外資正向看法方向不一致；風險=無目標價 無EPS預估 無制式評等 券商未具名 原文亦未提任何風險；8/11台燿於CCL族群中亮燈漲停；來源wantrich 20260811900214
2026-08-11,－(發稿早於窗口 剔除),內資,巨大(9921),傳產-自行車(GIANT),增持,120,本場次查核紀錄 非新觀點 不另建摘要；旺得富載凱基投顧巨大目標價由108元上調至120元維持增持 改採20倍本益比 今明年EPS估3.46/6.01元 風險為需求復甦放緩與對岸價格競爭；惟該篇編號20260811900001為當日首篇且內文以昨(10)日收101.5元為基準 判定發稿早於2026/08/11 08:15 剔除；同篇另載統一投顧目標價上調至110元買進(今年EPS 3.96元 明年6.35元)=與本系統8/10盤後已收錄之法人買進110元撞號 研判即為統一投顧 可將該筆券商由未具名補正為統一投顧；華南投顧僅給營收預估無目標價；方法論提醒=凱基120元較統一110元高9.1% 且凱基今年EPS估3.46元低於統一的3.96元 兩家EPS假設方向相反卻同時看多 分歧來自評價倍數(凱基明載20倍)與獲利假設雙重差異 建議下一場次若見報時點落在窗口內再正式收錄；來源wantrich 20260811900001
2026-08-11,－(無評等無目標價 不計列),－,聖暉*(5536),工程統包-無塵室整合工程,無,無,本場次查核紀錄 非券商觀點 不另建摘要；FTNN 8/11 14:50稿全篇為財報與股價 完全沒有任何券商或法人出具評等目標價 連法人表示都沒有 僅有公司自述展望；財報=Q2合併營收133.8億元季增15.3%年增22.7% 毛利率20.64%季減4.74個百分點年增1.38個百分點 營業利益21.3億元年增36% 歸屬母公司稅後淨利13.61億元季減14.02%年增58% EPS 10.97元創歷年同期新高(單季賺贏一個股本)；股價=8/11盤中跌停鎖死收941元大跌104元跌破千元大關 成交998張較前一日翻倍；缺口=毛利率季減4.74個百分點的原因(專案組合/認列結構/低毛利案比重)原文完全未說明 只說受到毛利率影響；公司展望(AI 半導體 電子零組件 PCB及記憶體投資動能延續加拓展海外市場)為公司自述無第三方驗證；重要觀察=單季賺贏一個股本卻因毛利率下滑鎖跌停 為本場次最鮮明的市場對獲利品質重於獲利絕對值的定價案例；來源ftnn 568995
2026-08-11,－(無評等無目標價 不計列),－,德宏5475/富喬1815/建榮5340/台玻1802,電子材料-電子玻纖布/玻纖紗,無(產業報價觀點),無,本場次查核紀錄 非個股券商觀點 不另建摘要；四檔全數無評等無目標價 全篇唯一具名機構為廣發證券(中資)且僅用於銅箔產能估算 未對任何台股個股給評等或目標價；產業報價=8月主要電子玻纖布規格平均報價較7月再漲約17%~18% 7628突破每米人民幣8.5元 1080站上每米人民幣10.5元 今年以來各主要規格累計漲幅達118%~165% 一般型電子玻纖紗每噸調升人民幣3000元來到約19750元/噸；核心論點(逐字)=受到窯爐擴產與關鍵設備交期限制 供給緊張恐一路延續至2027年底；業界預期9月仍存在進一步調漲價格的空間 意味這波漲價循環可能尚未觸頂；這波材料荒恐怕不是一季行情 供應鏈景氣能見度已一路延伸至2027年；營收=德宏7月2.29億元月增31.61%年增264.03% 前7月10.64億元年增149.58%；富喬7月8.54億元 前7月48.67億元年增46.9%；建榮7月2.73億元年增47.48% 前7月16.08億元年增24.81%；台玻7月45.81億元年增28.45% 前7月268.82億元年增14.22%；另金居7月10.09億元年增54.87% 榮科7月3.39億元月減8.3%年增105.42%；廣發證券估全球HVLP4銅箔至2026年底產能僅約每月1200噸 市場供給缺口至少每月400噸(短缺超過三成) 關鍵Toyo-Mifune表面處理設備產能已排到2028年；風險=全篇無任何個股評價 玻纖布報價漲幅118%~165%但四家台廠營收年增僅24%~264%不等(台玻僅28.45%) 漲價傳導到台廠的比例原文未拆解 未區分中國報價與台廠實際出貨價 未給任何毛利率EPS或本益比 法人身分完全不明；8/11德宏盤中一度漲停137.5元尾盤收135元漲8% 成交15263張；來源ftnn 568864 + 568972
2026-08-11,－(無評等無目標價 不計列),－,京元電子2449/日月光投控3711,半導體-封測/測試,無,無,本場次查核紀錄 非新觀點 不另建摘要；FTNN 8/11 16:15稿法人未具名且未標示內外資 兩檔皆無評等無目標價 僅為營運數字彙整 不構成完整券商觀點；京元電子=7月營收39.9億元月增10.2%年增36.75%創單月歷史最佳 前7月253.24億元年增36.18%創歷年同期新高 Q2稅後純益24.92億元季增9%年增14.5%刷新歷年同期紀錄 EPS 2.04元 法人預估今年AI相關營收占比有機會突破7成；日月光投控=Q3整體營收估季增21%~22% 其中封測事業營收估季增11%~13% 今年資本支出由原規畫85億美元大幅提高至105億美元(增幅超過23%) 同步推進15個新廠開發案 近期取得高雄C5E廠房及相關設施；論點=隨高階測試需求增加 新產能陸續到位 加上AI相關訂單持續湧入 第三季成長動能仍有望進一步升溫；缺口=無任何評價數字 AI營收占比突破7成的基期與定義未說明 日月光Q3季增21%~22%的估算來源未具名 資本支出大增23%對折舊與毛利率的壓力原文完全未提；本則與同場次欣銓的AI ASIC測試論述方向一致 構成產業層面交叉印證；來源ftnn 568867
2026-08-11,－(近24小時無新券商觀點),－,萬潤(6187),半導體-封裝自動化設備(自選股),無新評等,無新目標價,自選股本場次追蹤紀錄 非券商新觀點 不另建摘要；經八來源交叉查核(工商時報/中時新聞網realtimenews/經濟日報money.udn/FTNN/MoneyDJ/鉅亨網個股頁/Yahoo股市6187.TWO/富聯網MoneyLink 另加HiStock與CMoney)確認2026/08/11 08:15至19:00無任何新券商報告評等或目標價調整見報；查核硬佐證=FTNN站內8/11焦點新聞時間戳已達19:25證明站台已更新至窗口末端且無任何萬潤新稿 FTNN最新萬潤專文仍停在2026/07/27 17:40；8/11見報內容全為既有兩份報告重述=中時新聞網8/11 11:40稿(記者林資傑)僅重述一家美系外資初評買進1500元與另一家美系外資目標價自1650元略降至1550元維持買進 無新機構無新數字；經濟日報8/11標題為萬潤股價倒V反轉讓人意外 外資指第2季財報佳仍重申正向 語意即維持既有觀點；券商屬性衝突仍未解=FTNN 7/27稿明寫歐系外資瑞銀首評給予1550元 而中時8/11稿把1650下修至1550歸給美系外資(本系統8/11早盤已據經濟日報7/10崔馨方稿確認為高盛) 1550這個數字在兩家機構身上重疊 引用時務必註明來源機構有爭議；8/11行情=開1165元 最高1195元(漲停) 最低1035元 收1050.00元跌40.00元(-3.67%) 成交5763張較8/10的4090張放量約41% 全日振幅約14.7% 典型倒V反轉 Q2財報創高後股價連兩日收黑；解讀=Q2 EPS 8.50元創單季新高的利多已於8/10盤後見報 8/11開盤跳空攻漲停後全數回吐 屬利多出盡型態 券商模型更新仍未見報 建議8/12早盤場次繼續列為第一優先監控；來源chinatimes 20260811002271 + ftnn tag萬潤 + money tagging萬潤 + cnyes twstock 6187 + wearn 6187
2026-08-12,高盛(Goldman Sachs),外資,金居(8358),電子材料-銅箔(HVLP3+/RG),買進(維持),940,前值未載 本系統既有高盛序列900元但出具日期未確認 標待確認；本場次論述完整度最高的外資報告；核心主張=在漲價 出貨增長 良率提升三因素加持下金居已開啟單季獲利上升循環 自Q3起獲利季季高將延續十個季度即一直到2028Q4都保持在上升軌道；EPS完整揭露=2026/2027/2028年9.98/26.51/42.58元 2029年每股更可能賺超過60元；Q3三大驅動=所有銅箔產品價格季增10~15%(6月下旬漲價開始加速) 一般伺服器需求強勁帶動RG銅箔出貨量成長 HVLP3+良率自Q2逾50%持續改善；產業缺口上修=將HVLP3+產業2026~2028年供給缺口由原預估25~40%調高到45~55% 此為本次評價上修的核心依據；定價預估上修=Q3/Q4產品價格分別季增10~15%與5~10% 高於先前預估的下半年每季3~5%；產品組合=高階銅箔營收占比由Q1約15%提升至Q2的15~20%；營運=7月營收10.09億元創單月新高 8月估10.8億元月增7%可望再改寫紀錄；風險=原文自載Q2受夏季電費較高影響營業利益不如預期(毛利率季減1.3個百分點 營益率低於預期5% 稅後淨利低預期6%) 未揭露目標價前值與本益比940元推導無法完整驗證 未載報告出具日期 多頭論述高度依賴漲價循環才剛開始此單一假設 供給缺口一次由25~40%上調至45~55%為評價上修主因若缺口收斂則整條推論鏈同步失準 2029年EPS逾60元屬長天期外推(對照2026年9.98元為6倍以上成長)且無敏感度分析 8/11已亮燈漲停380.5元目標價於漲停當日盤後見報須注意消息面與價格先後順序；已做個股摘要(首建資料夾)；來源ctee 20260811702033 + 20260812700237 + 20260812700263 + wantrich 20260812900003
2026-08-12,摩根士丹利(大摩),外資,金像電(2368),PCB-伺服器板/HDI,優於大盤(維持),1660,前值1660 維持不變 非新的評等動作 訊號強度有限；見報時點2026/08/11 18:01落在前一場次窗口(08:15~19:00)內但前場次未收錄 本場次補收 屬跨場次補漏；核心論點=7月營收首度突破百億元創單月歷史紀錄 並達成市場對Q3營收預期的35%優於預期 隨新專案T3放量研判營收將逐季走高 意味市場預期有調升空間；股價=8/11收964元 國際資金買超1450張 距重返千金一步之遙；重大引用警告=同篇導言稱外資賦予二家績優股目標價上看1740元與1500元 但內文大摩明載1660元 兩者不一致 1740元的出具機構未載於內文(研判出自附表圖檔) 引用時務必註明來源機構有爭議 不可逕自將1740元記為大摩觀點；風險=未揭露EPS預估與本益比1660元推導無法驗證 未載報告出具日期 目標價與評等雙維持缺乏新資訊 同批財報稿顯示Q2毛利率季減0.16個百分點 湖北四廠下半年才貢獻營收 越南廠Q3才小量試產產能開出時程仍有變數 下檔情境未討論；既有序列對照=本系統2026/08/07已收錄花旗環球證券 投顧研究機構(未具名) 大和資本證券三筆金像電紀錄；已做個股摘要(首建資料夾)；來源ctee 20260811701723 + 20260812700237 + 20260812700256
2026-08-12,摩根大通(小摩),外資,欣興(3037),PCB-ABF載板,原文未給評等文字,1500(待確認),前值未揭露；最大缺口=內文完全未給投資評等文字也未給目標價 1500元僅出現在導言外資賦予二家績優股目標價上看1740元與1500元 無法確認是否即為摩根大通所給 目標價欄標待確認 不宜納入精確序列比較；見報時點2026/08/11 18:01 前場次未收錄 本場次補收；論點(逐字)=預估欣興第三季營收將季增15% 毛利率可望再較第二季擴張6~7個百分點 認為欣興經營管理階層對ABF載板長期毛利率與EMIB-T發展的觀點相當正向 有助提升市場對中長期成長前景的信心；股價=8/11收992元 國際資金買超904張；風險=無評等文字 無明確目標價 未揭露EPS與本益比 未載報告出具日期 本則實質為金像電報導的附帶提及 資訊密度明顯低於同批金像電 不宜當作獨立評等更新使用 未載前值無法判斷方向；既有序列對照=本系統已收錄7/30美系外資D 8/6永豐投顧 8/8法人(未具名) 8/9重複延伸等多筆欣興紀錄；已做個股摘要；來源ctee 20260811701723 + 20260812700237
2026-08-12,統一投顧(具名),內資,南亞(1303),塑化+電子材料(CCL/玻纖布/銅箔),買進(維持),300,前值300 未變；為本場次南亞三家投顧中最高目標價；EPS預估=2026年12.02元 2027年16.94元；財報=Q2稅後純益267.5億元 EPS 3.37元 遠優於該投顧原估的2.31元(達成率146%) 為單季歷史新高；產業論點=ABF載板/CCL/銅箔/玻纖布供給缺口再擴大 Q3電子材料營收占比上看56% 轉投資南電與南亞科同步貢獻；集團數據=台塑四寶7月營收合計1519.5億元月增14.7%年增31.5%；重要對照=本系統2026/08/11已收錄金控系投顧南亞242元(無評等文字) 本則300元高出24.0% 且首次具名首次揭露EPS 判定為新觀點；風險=原文自載油價下跌使塑化利差縮窄長期仍將重回供給過剩 M10材料仍在客戶認證階段 未揭露本益比與目標價時間框架300元評價基礎未說明 獲利結構高度依賴轉投資(南電 南亞科)與電子材料漲價本業塑化仍為逆風兩者權重原文未拆解 同日三家投顧目標價300/240/未給全距達25%分歧來源未說明；已做個股摘要；來源wantrich 20260812900001
2026-08-12,華南投顧(具名),內資,南亞(1303),塑化+電子材料(CCL/玻纖布/銅箔),強力買進(升評),240,前值100 上調140.0% 為本場次唯一評等升級個案 也是本場次調升幅度最大者；EPS預估=2026年12.83元 2027年18.6元 均高於同批統一投顧的12.02/16.94元；升評理由=電子材料轉型效益 台塑四寶7月營收合計1519.5億元月增14.7%年增31.5%；關鍵解讀=華南EPS假設較統一高 卻給出較低的240元目標價(統一300元) 代表兩家評價倍數差異比獲利假設差異更大 原文未說明；風險=調升幅度140.0%屬極端一次性修正 前值100元的出具時點未載 不排除為長期未更新的舊值 升幅實質意義須大幅打折 未揭露本益比與評價基礎240元推導無法驗證 原文自載風險為油價下跌壓縮塑化利差 長期供給過剩 M10材料仍在認證階段 塑化本業與電子材料兩塊業務的獲利權重未拆解；已做個股摘要；來源wantrich 20260812900001
2026-08-12,群益投顧(具名),內資,南亞(1303),塑化+電子材料,買進,未給,前值未揭露；本則資訊完整度為本場次最低 僅有一個買進評等文字 完全無目標價 無EPS 無本益比 無獨立論述；與統一投顧 華南投顧同日同篇見報 構成三家內資同步看多南亞的族群訊號 此族群性本身為本則主要價值；風險=無目標價無法納入精確序列比較 無評價基礎無法判斷合理價位 僅能作為方向性參考不宜單獨用於投資判斷 券商雖具名但論述完全未揭露；已做個股摘要(資訊有限)；來源wantrich 20260812900001
2026-08-12,大型民營金控旗下投顧(原文未具名),內資,日月光投控(3711),半導體-封測/先進封裝,原文未明示評等,760,前值未揭露 無法判斷屬調升維持或下修；EPS預估=2026年21元 2027年30.7元；AI營收=2026/2027年估40/80億美元 年增150%/100%；資本支出=今年年增54.5%至85億美元(另據同期報導已上修至105億美元 兩數字不一致須留意)；營運預估=Q3營收估季增21~22% Q4封測事業毛利率可望突破30%；風險=原文未給投資評等文字 未揭露目標價前值與本益比 760元推導無法驗證 券商未具名(僅知為大型民營金控旗下投顧) 未載報告出具日期 資本支出年增逾5成對折舊與毛利率的壓力原文完全未討論 AI營收年增150%/100%為連續兩年高成長假設客戶集中度與遞延風險未揭露 同批報導提及輝達Rubin GPU傳降規遞延惟原文僅就京元電討論未評估對日月光的外溢效果 下檔情境未討論；已做個股摘要；來源wantrich 20260812900005
2026-08-12,大型民營金控旗下投顧(原文未具名),內資,京元電子(2449),半導體-IC測試,原文未明示評等,380,前值未揭露；既有序列對照=FactSet 2026/08/10共識348元 本則380元高出9.2%；EPS預估=2026年10.4元 2027年15.2元；營運=今年AI營收占比逾70% 資本支出二度上調由393.72億元提高至500億元(+27%)為歷史新高 Google TPU(v7p v8x FT)訂單優於預期；最重要負面訊息(原文自載且與目標價方向相反)=輝達Rubin GPU傳降規遞延 京元電首批Rubin遞延出貨 Q3營運遭市場下修 預估Q4恢復成長；風險=原文未給投資評等文字 未揭露目標價前值與本益比 券商未具名 未載報告出具日期 資本支出一年內二度上調27%至500億元折舊壓力與產能去化風險未量化 AI營收占比逾70%的基期與定義未說明 Q3已明確遭下修卻同時給出高於共識9.2%的目標價 此內部張力原文未調和；已做個股摘要；來源wantrich 20260812900005 + ctee 20260811700266
2026-08-12,法人(原文未具名),內資,聯發科(2454),半導體-IC設計(手機/AI ASIC),強力買進(維持),5625,前值未揭露；為本場次最高絕對目標價；核心論點=今年AI ASIC出貨將達60萬顆以上 貢獻營收超過20億美元 CSP客戶下一代客製化晶片量產落在2028年第一季 估聯發科AI營收占比在2027~2028年超過手機 公司屬性由手機晶片廠轉向AI運算供應商；股價=自6/2歷史天價4970元已回落19.11% 8/11收4020元漲1.52% 對照5625元隱含空間約+40%(本系統回推 原文未提供)；風險=券商未具名 未載報告出具日期 未揭露EPS預估與本益比5625元推導完全無法驗證 未揭露目標價前值無法判斷屬調升維持或下修 CSP下一代客製化晶片量產在2028Q1時程偏遠2026~2027年成長仍需仰賴既有專案且遞延風險未討論 AI ASIC出貨60萬顆與營收20億美元隱含單價約3333美元原文未說明推算基礎 本則為權證版面稿件性質上非獨立券商研究專稿 下檔情境未討論；已做個股摘要；來源ctee 20260812700311
2026-08-12,本土投顧(原文未具名),內資,雙鴻(3324),散熱-AI液冷(水冷板/分歧管),買進(維持),1280,前值1505 下修14.95% 為本場次唯一下修個案；本場次最重要的分歧訊號=本系統2026/08/11同日已收錄美系外資1550元(前值1480 上調4.7%) 日系外資買進1600元 FactSet共識1380元(前值1335 上調3.4%) 本則1280元低於FactSet共識7.2% 低於日系外資高標20.0% 且方向完全相反(外資群體調升 內資下修) 判讀時務必區分內外資立場；EPS與營收預估=2026年營收357.9億元年增54% EPS 51元年增81% Q2 EPS 10.41元低於該投顧原先預期(此為下修主因)；正面論述(與下修方向並存)=xAI大幅上修下半年GB300訂單 雙鴻為美超微水冷板與分歧管主要供應商之一 7月營收37.7億元月增39%年增117% 水冷產品占比2026年估59% 2027年上看95%；風險=原文自載分歧管已有競爭對手切入供應鏈下半年價格競爭恐升溫 消費性產品需求不如預期 費用高於預期 券商未具名 未載報告出具日期 未揭露本益比1280元評價基礎無法驗證 維持買進但下修目標價15%本身即為內部張力原文未充分說明評等未同步調整的理由 多頭論述綁定xAI/GB300單一客戶專案上修若訂單遞延則2026年EPS 51元達成度存疑；已做個股摘要；來源ftnn 569122
2026-08-12,本土投顧(原文未具名),內資,啟碁(6285),網通-低軌衛星/5G FWA/交換器,買進(維持),340,前值未揭露(僅載上調) 無法量化調升幅度；既有序列對照=FactSet 2026/08/11共識330元 本則340元高3.0%；評價基礎完整揭露=2027年預估EPS 17元乘20倍本益比(340除以17等於20 數字自洽) 為本場次少數可驗證推導者；EPS上修=2026年14.7元 2027年17元 皆上修 Q2 EPS 3.39元 Q3預估EPS 4.15元；論點=三大產品線同步推升 低軌衛星與5G FWA新客戶自6月起拉貨 產品組合延伸至800G交換器與光路交換器；重大訊號矛盾=本系統2026/08/11已收錄FactSet共識將啟碁由超越市場降評為符合市場 目標價302元上調至330元 本則內資同步調升至340元且維持買進 與外資共識降評方向不一致 此內外資立場分歧為本檔最重要的觀察點；風險=原文自載記憶體漲價稀釋毛利率Q2毛利率季減0.8個百分點至13.0% 券商未具名 未載報告出具日期 未揭露目標價前值 20倍本益比無歷史區間對照評價合理性無法驗證 毛利率僅13.0%屬偏低水位 記憶體漲價為外生變數且延續性未討論 低軌衛星題材的營收認列時程與客戶集中度未揭露；已做個股摘要；來源ftnn 569136
2026-08-12,官股金控旗下投顧(原文未具名),內資,鴻海(2317),電子組裝-AI伺服器/網通,買進(並列入8月投組清單),350,前值未揭露；既有序列對照=FactSet 2026/08/07共識320元 本則350元高9.4%；評價基礎完整揭露=350元等於2027年EPS 22.01元乘16倍本益比(數字自洽) 為本場次少數可驗證推導者；EPS與營收預估=2026年EPS 18.29元 營收10.131兆元年增25.03% 2027年EPS 22.01元 營收12.484兆元 Q2預估EPS 4.45元 稅後純益624.55億元年增43.27%；論點=Rubin Q3問世小量出貨明年完整貢獻 800G以上交換機全年倍增 CPO交換機Q3量產 切入非洲主權AI(Amini/Bull)與MDC(軟銀 Oracle OpenAI)；重要時點提醒=本則為鴻海8/12法說會前的預估稿 Q2 EPS 4.45元為投顧預估值而非實際數 法說後有修正可能 建議8/12盤後場次追蹤法說實際數字與券商後續調整；風險=原文自載記憶體供應緊張限制電腦終端產品年增幅度 券商未具名(僅知官股金控旗下投顧) 未載報告出具日期與目標價前值 16倍本益比無歷史區間對照 主權AI與MDC為新業務對2026~2027年營收貢獻未量化 2027年營收12.484兆元隱含年增23.2%在已達兆元級基期下屬高成長假設且無敏感度分析；已做個股摘要；來源wantrich 20260812900006
2026-08-12,永豐金證券(副標具名 內文稱本國投顧/本土投顧),內資,勤誠(8210),伺服器機殼/機櫃,買進,1400,前值未揭露；既有序列對照=本系統2026/08/10已收錄勤誠1335元與1600元 FactSet共識1600元 本則1400元落在既有1335~1600元區間內 屬區間內移動非突破性調整；論點(逐字)=勤誠營收可望逐季走高 考量AI伺服器及機櫃業務訂單能見度高 加上新品問世有利於本益比PE評價回升 目標價上看1400元；另一家本國投顧論點=看好勤誠在伺服器機殼的競爭能力 機殼機櫃產品逐漸受到其他潛在客戶青睞 部分業者已開始陸續下單包括CSP業者及品牌商 2027年Rubin Ultra將有一家新的美系業者開始採購VR200勤誠將是機殼供應商之一 2027年美系客戶推出Vera機櫃勤誠已與台系統廠合作可望成為主要供應商 給予買進建議；風險=券商署名不一致 副標掛永豐金證券但內文寫本國投顧與本土投顧且疑似併述兩家不同機構觀點 建券商資料庫時需人工判定 未揭露EPS預估 本益比與目標價前值1400元推導無法驗證 未載報告出具日期 本則為權證專區稿件文末附法定風險聲明性質上非獨立券商研究專稿 原文自身提及7月營收雖月減與營收可望逐季走高在短期方向上不完全一致未說明 2027年新客戶與Vera機櫃供貨均屬未落定的預期；已做個股摘要；來源ctee 20260812700317
2026-08-12,兆豐證券(副標具名 內文稱法人),內資,貿聯-KY(3665),線束/800G AEC/電源線,買進(近期頻頻重申),未給,前值未揭露；最大缺口=完全未給目標價 未給EPS預估 未給本益比 無法判斷評價水準也無法納入目標價序列比較 僅有評等文字；營運=7月營收96.3億元續創歷史新高 月增13.1%年增59.6% 前七月537.41億元年增37.9% 距今年全年營收挑戰千億元又再近一步；成長動能=主力ASIC客戶自6月起加大拉貨力道帶動電源線及800G AEC營收貢獻快速攀升 併購新富生與Interplex Datacom效益持續浮現；風險=券商署名不一致(副標掛兆豐證券 內文行文為法人) 原文僅載權證免責聲明完全無營運面風險敘述缺乏對稱的下檔討論 本則為權證專區稿件性質上非獨立券商研究專稿 近期頻頻重申買進屬既有立場延續非新的評等動作訊號強度有限 7月營收月增13.1%為ASIC客戶拉貨帶動的單月表現延續性未說明；已做個股摘要；來源ctee 20260812700320
2026-08-12,本國投顧(原文未具名),內資,台達電(2308),電源供應器/液冷/資料中心系統整合,原文未明示(同期18家內外資分別給買進 增加持股),2205,前值未揭露 無法判斷方向；核心論點=台達電持續朝向資料中心系統整合商發展 透過增加產能及區域團隊建置擴大領先優勢 由過往的零組件供應商轉型成為系統整合商有利於產品市占及獲利能力提升；關鍵預估=營業利益率將逐年成長至2026年18% 2027年19.7%；營運=7月營收670.7億元月增2.2%年增47.8%符合預期 受惠資料中心高瓦特數電源出貨 產品含PSU Power Rack 電源零組件 散熱等 營運能見度佳；市場面=近期有18家本國投顧與外資券商點評台達電 看好下半年營收及獲利優於上半年 Q3受惠傳統旺季及AI電源需求 Q4在HVDC產品逐步放量帶動下可望優於季節性 分別給予買進 增加持股評等；風險=券商未具名 未揭露EPS預估 本益比與目標價前值 2205元推導無法驗證 未載報告出具日期 18家內外資點評為媒體彙整敘述各家目標價與評等未逐一揭露無法判斷2205元在市場分布中的位置 營益率2027年升至19.7%為關鍵假設惟轉型系統整合商過程中的費用增加與專案毛利波動原文未討論 HVDC放量時程集中在Q4遞延則Q4優於季節性的論述失準 本則為權證專區稿件非獨立券商研究專稿；已做個股摘要；來源ctee 20260812700308
2026-08-12,本國投顧(原文未具名),內資,光寶科(2301),電源供應器/BBU/CDU,原文未明示評等,300,前值未揭露 無法判斷方向；核心預估=今年AI相關營收占比將達30%；產品進度=新世代電源相關產品進入量產 800VDC於下半年試產 伺服器電源產品將開始出貨予新CSP客戶 在伺服器電源規格持續提升下PSU BBU CDU及Power rack將陸續出貨；營運=7月營收190.06億元月增1.9%年增37.6% Q3達成率33.6% 7月營收占比為雲端及物聯網59% 資通訊27% 光電15%；風險=原文未給投資評等文字 未揭露EPS預估 本益比與目標價前值 300元推導完全無法驗證 券商未具名 未載報告出具日期 800VDC僅為下半年試產階段距實質營收貢獻仍有距離時程與良率風險未討論 新CSP客戶未具名客戶集中度風險未揭露 Q3達成率33.6%屬中性水準(三個月平均33.3%)並非超前訊號原文未做此對照 本則為權證專區稿件非獨立券商研究專稿；已做個股摘要；來源ctee 20260812700308
2026-08-12,－(重複 8/11早盤已收錄同組數字),內資,南亞科(2408),半導體-標準型/利基型DRAM,強力買進(重申),1000,本場次查核紀錄 非新觀點 不另建摘要；FTNN 2026/08/11 23:00稿(569112)載法人重申強力買進目標價1000元 惟本系統8/11早盤場次已收錄本土法人(未具名)強力買進1000元(setn 1887284 報告出具日2026/08/10) 目標價與評等完全撞號 且FTNN同日11:20(568907)與17:15(569070)已刊出同一千元目標價 判定為同一份報告的改寫重刊 不重複計列；本則補充的新數據(供既有紀錄補齊)=Q2稅後純益501.92億元年增1323.6% EPS 14.66元 上半年EPS 23.38元 7月營收438.68億元月增49.27%年增719.61%；LTA長約客戶已佔總產能5成 含輝達 超微 Google(既有紀錄僅載約50%未具名客戶 本則首次點名三家)；AI營收占比由目前約20%拉升至2027年63% 2028年78%；風險=原文僅載制式免責聲明 未載新的風險討論；來源ftnn 569112
2026-08-12,－(重複 8/11早盤已收錄同組數字),內資,國巨*(2327),被動元件-MLCC/鉭質電容/電阻/磁性元件,買進,688,本場次查核紀錄 非新觀點 不另建摘要；工商時報8/12權證稿(20260812700311)載法人給予國巨買進目標價688元 與本系統2026/08/11早盤已收錄之法人(未具名)買進688元完全撞號 目標價本身無任何變動 判定為同一觀點重刊 不重複計列；本則補充=日韓廠產能往高階移動使中高容標準品訂單外溢(與8/11已收錄的轉單邏輯一致)；股價面=自7/1盤中最高1220元回檔近5成 8/11收617元漲7.68%；來源ctee 20260812700311
2026-08-12,－(近24小時無新券商觀點),－,萬潤(6187),半導體-封裝自動化設備(自選股),無新評等,無新目標價,自選股本場次追蹤紀錄 非券商新觀點 不另建摘要；經多來源交叉查核確認2026/08/11 19:00至08/12 08:00無任何新券商報告評等或目標價見報；查核來源=FTNN目標價標籤頁(ftnn.com.tw/tag/目標價 共1937篇 最新24篇覆蓋8/10 12:05~8/12 08:15 無萬潤) FTNN財經分類頁category/6 旺得富上市櫃列表newslist/420101/1(8/11 19:22~20:32)與全部列表newslist/42/1(8/12 07:49~08:11)與目標價搜尋頁 經濟日報證券頻道money.udn.com/money/cate/5590(8/11 19:16~8/12 02:16全部條目) 另加五組WebSearch關鍵字；經濟日報萬潤相關僅8/10~8/11兩篇財報稿(story/11074/9682512 萬潤財報第2季獲利翻倍創高EPS 8.5元 story/5607/9682842 竑騰萬潤上半年好賺每股純益各達13.85元11.9元)皆為財報報導無券商評等或目標價；關鍵解讀=8/10公布Q2 EPS 8.50元創單季新高後 截至8/12 08:00券商模型更新仍未見報 已連續三個場次(8/11早盤 8/11盤後 8/12早盤)無新報告 顯示券商更新速度低於原先預期 建議調整監控節奏但維持追蹤；既有紀錄維持不變=高盛證券買進目標價1550元(2026/07/10 由1650元下修6.1%) 美銀證券初評買進1500元(2026/07/27 2026/2027/2028年EPS估26.46/41.82/53.34元)；其他可見券商觀點全部早於窗口=大摩1280→1580(2026/05/31) 瑞銀1550(FTNN 564635) 高盛1800 摩根大通1450 富邦800(EPS 20.62)；來源ftnn tag目標價 + wantrich newslist + money cate5590 + WebSearch五組
2026-08-12,瑞銀證券(UBS 分析師蘇厚合),外資,南茂(8150),半導體-封測(記憶體後段封測/邏輯測試/矽光子凸塊),正向(原文未列制式評等),166,前值原文未載 標待確認；本系統既有序列2026/07/16歐系外資(研判即瑞銀)由105元升至156元(+48.57%) 若156為前值則本次升幅約6.4% 屬跟進式小幅調整而非重大轉向 惟此連結為本系統推定非原文陳述；調升直接依據=Q2受惠更有利的定價環境與產能利用率提升 毛利率季增4.2個百分點進步至18% 帶動Q2 EPS超越市場預期；擴產表態(可量化)=將今年資本支出提高至營收的25%以上占比 遠高於過去正常水準的低於20% 主要用於擴充記憶體後段封測產能 此數字與公司8/11法說會董事長鄭世杰說法完全一致；第二成長線=邏輯測試業務由原本的電視系統級晶片SoC拓展至智慧機應用處理器與AI ASIC 屬產品組合往高單價高門檻移動；第三成長線=持續計畫利用既有凸塊bumping與後段封測能力切入光通訊矽光子供應鏈 瑞銀預期此業務明年(2027)起對營收貢獻可望更明顯；三獲利引擎(記憶體 ASIC 矽光子)即媒體標題核心框架；既有EPS序列(本系統7月收錄同一家歐系外資報告 本次8/12稿未更新)=2026/2027/2028年4.15/6.19/7.35元 較前次分別上調4%/14%/19%；風險=未載目標價前值升幅無法直接計算 未出現Buy或Outperform等制式評等字樣嚴格說不構成完整評等更新 未揭露本益比與2026年EPS更新值166元評價基礎完全未說明無法回算 矽光子與AI ASIC測試兩項新引擎營收貢獻時點都落在2027年屬遞延題材且未給任何營收金額或占比目標亦未討論認證失敗或時程遞延情境 資本支出拉高至營收25%以上意味折舊費用將在2027~2028年顯著增加對毛利率的稀釋效果原文完全未討論此與毛利率季增4.2個百分點的多頭論述形成潛在張力 Q2毛利率改善的兩個來源(定價環境 產能利用率)皆屬循環性變數非結構性改善 本則出自記者彙整稿(同篇同時處理南茂與中砂兩檔)非券商報告全文；已做個股摘要；來源ctee 20260812701743 + udn 9685210
2026-08-12,摩根大通證券(J.P. Morgan),外資,中砂(1560),半導體耗材-砂輪ABU/鑽石碟DBU/測試及再生矽晶圓SBU,正向(原文僅載同升推測合理股價 未列制式評等),調升(絕對數字未載 待確認),前值未載 待確認；最大缺口=原文只說摩根大通麥格理同升推測合理股價 新值舊值皆未載 無法納入精確序列比較也無法計算隱含空間 嚴禁在缺乏數字下把調升直接當可操作訊號；核心論述=三大事業體全面帶動(1)砂輪ABU需求復甦且具潛在的漲價機會(2)鑽石碟DBU業務規模擴大(3)測試/再生矽晶圓SBU產品組合更加有利 研判毛利率擴張趨勢將進一步增強；潛在漲價機會為本則最值得注意用詞 在需求復甦外另加一層價格槓桿 惟未給幅度與時程；毛利率預估(原文標示為外資推估 未分別歸屬摩根大通或麥格理)=下半年毛利將達41%~42% 明年毛利率上看44% 均較市場共識高出約4個百分點 此為本次調升的量化依據；獲利預估(同樣未分家)=2026~2028年EPS各14.84/21.83/28.24元 以2028對2026回算隱含兩年成長90.3%(本系統回算非原文數字)；觸發事件=Q2毛利率上升至40%帶動EPS優於市場預期 上半年EPS 6.44元 屬財報後模型更新而非主動性產業重估；重大警語=中砂於2026/08/12 10:35在公開資訊觀測站發布澄清經濟日報115年8月12日報導重大訊息 本則資料同樣為媒體轉述 引用上述毛利率與EPS數字前強烈建議先查閱該澄清公告全文 另中砂2026/06/24亦曾對經濟日報報導發布過澄清屬重複發生情況；代號更正=本系統既有個股資料夾誤植為中砂1650 正確代號為1560(中國砂輪企業) 本場次已另建正確資料夾中砂1560 舊資料夾保留未動建議後續人工合併；既有序列=僅2026/07/20龍頭券商旗下投顧買進760元一筆 另FactSet 2026/08/10共識810元(該表現價欄顯示687元)可作粗略錨點惟性質不同不宜混用；風險=無目標價數字 未出現制式評等文字 未揭露本益比與評價基礎 毛利率與EPS被媒體以外資推估統包呈現無法分辨兩家歸屬與分歧程度 較市場共識高約4個百分點意味外資站在共識樂觀端若共識未向上收斂反而是外資模型需下修 砂輪潛在漲價機會為條件句非既成事實 再生矽晶圓產品組合改善未量化；已做個股摘要(首建正確代號資料夾)；來源ctee 20260812701743 + ctee mops 20260812 + udn 9685218
2026-08-12,麥格理證券(Macquarie 分析師賴昱璋),外資,中砂(1560),半導體耗材-砂輪/鑽石碟/測試及再生矽晶圓,正向(原文僅載同升推測合理股價 未列制式評等),調升(絕對數字未載 待確認),前值未載 待確認；論述核心是經營層親口說的領先指標=分析師賴昱璋點出 根據中砂經營管理階層說法 其7月營收與毛利率均優於第二季水準 意味全年毛利率表現將會更樂觀；此點價值在時序=Q2財報是回顧 7月數據是財報結束後最新一個月 且同時涵蓋量(營收)與價(毛利率)兩個維度 可視為Q3的先行驗證而非單純展望喊話；財報基礎=Q2毛利率上升至40%帶動EPS優於市場預期 上半年EPS 6.44元；毛利率預估(原文標示為外資推估未分別歸屬)=下半年41%~42% 明年上看44% 均較市場共識高約4個百分點 與7月已優於Q2的說法方向一致形成內部自洽；獲利預估(同樣未分家)=2026~2028年EPS各14.84/21.83/28.24元；重大警語=中砂2026/08/12 10:35發布澄清經濟日報115年8月12日報導重大訊息 本則核心論據(7月營收與毛利率均優於Q2)為經營管理階層說法的轉述 正好落在最容易被澄清的類型上 引用前務必先查證澄清公告內容；風險=無目標價數字 調升方向明確但幅度完全未知不構成可操作資訊 經營層說法本質為公司自述非分析師獨立驗證且7月營收與毛利率絕對值原文均未提供無法檢核 未出現制式評等文字 未揭露本益比目標價時間框架與評價基礎 毛利率與EPS由媒體以外資推估統包呈現兩家分歧無從辨識 單月7月數據優於單季Q2平均可能包含急單或一次性因素延續性未說明 全年毛利率上看44%屬相對歷史區間高標原文未提供歷史毛利率區間對照合理性無法判斷；代號提醒同摩根大通該筆；已做個股摘要；來源ctee 20260812701743 + ctee mops 20260812 + udn 9685218
2026-08-12,法人(原文未具名 未標內外資 研判內資),內資,臻鼎-KY(4958),PCB-AI伺服器板/高速光模組PCB/IC載板,買進(維持),600,前值原文未載 待確認；本場次唯一下修個案 且600元為本系統既有序列最低值；與既有序列落差為本則最重要資訊=已收錄636.5元(2026/07/07 FactSet共識 強力買進 前值616.5元) 824元(2026/07/13高盛 買進 前值388元) 695元(2026/07/24法人未具名 增加持股 上調) 本次600元較695元低13.7% 較FactSet共識636.5元低5.7% 較高盛824元低27.2%(本系統回算) 若本則與7/24為同一家內資法人則等同該機構在19天內由上調至695元翻轉為下修至600元屬明顯立場轉向 惟原文未載前值無法證實同源；序列位置=600元是7月以來第一次出現下修動作 前一個月券商方向清一色向上(高盛388→824 法人上調至695 FactSet 616.5→636.5) 本則構成方向反轉 訊號意義大於數字本身；下修三個具體理由(原文明列)=(1)摺疊手機出貨遞延(2)研發投入持續增加(3)2027年新產能陸續開出後折舊費用上升 據此下修2026及2027年稅後EPS預估 三項全屬可驗證的營運變數非空泛評價修正；維持買進三大優勢(原文明列)=(1)上游材料供應吃緊下具備成本轉嫁能力並提前鎖定料源及設備產能(2)已切入下一代GPU與ASIC高階PCB供應鏈並具備ABF載板iHDI HLC及高階mSAP等量產能力(3)全球高階產能自2026下半年起陸續開出並延續至2029年且已與北美一線雲端服務供應商完成中長期產能綁定；結構轉型主軸=三大高階應用營收占比已由2025年11.7%預估到2027年大幅提升至37% 長期設定2030年達45%~50%目標；公司面=規劃逾800億元資本支出加速全球高階產能布局 透過One ZDT一站式平台整合PCB與載板能力 AI相關營收今年可望倍數成長 部分客戶已提前預訂2027年產能；財報(8/11法說)=上半年營收891.59億元年增13.9%創同期新高 稅後淨利57.74億元年增139.3% 歸屬母公司淨利38.17億元年增208.5% 上半年EPS 3.55元(去年同期1.3元) Q2單季EPS 2.19元 法人評為整體表現符合市場預期；市場反應負面=亮眼財報未激勵股價 8/12以低盤開出盤中跌幅一度逾4% 當日在8/12台股雷達被列為賣壓湧現個股 獲利翻倍但股價下跌與法人下修EPS方向一致顯示市場已先行反映；風險=券商未具名未標內外資無法判斷研究品質與市場影響力 未載報告出具日期 未揭露下修前後EPS絕對值本益比與評價基礎600元完全無法回算 未載前值下修幅度無從計算 評等與目標價方向背離(維持買進但砍目標價)原文未說明理由 多頭論述時間軸偏遠(37%在2027年 45%~50%在2030年 產能開出延續至2029年)而近兩年正是被下修期間投資期間與論述期間不對齊 折舊壓力已被點名為下修理由之一而逾800億元資本支出意味2027年後折舊持續墊高對毛利率中期壓抑未量化 北美一線CSP客戶未具名客戶集中度風險未揭露 摺疊手機遞延時程與影響金額未量化 上游原物料漲價雖稱可轉嫁但Q2已明載仍面臨上游原物料價格上漲壓力轉嫁完整度未說明；已做個股摘要；來源ctee 20260812700718 + ctee 20260812701692 + ctee 20260812700189
2026-08-12,－(無評等目標價 不計列),－,奇鋐3017/鴻海2317/華碩2357(法說與財報稿),多產業,無,無,本場次查核紀錄 非新觀點 不另建摘要；奇鋐8/12下午法說=財務長陳易成稱今年第3季會比第2季好 ASIC客戶水冷專案訂單自Q3開始出貨 NVIDIA Vera Rubin於8月底小批量產 ASIC水冷專案與Vera Rubin於Q4放量 整體營運有機會逐季成長 目前水冷板月產能約100萬片分歧管月產約7000套(約3000到4000櫃)擴產後產能將較現有增加約50% Q2出貨曾受客戶長短料影響但本季已改善 上半年營收981.59億元年增85.46% 毛利率31.17% 上半年EPS 44.54元 Q2單季EPS 24.37元創單季新高 7月營收185.9億元創單月新高；鴻海8/12線上法說=輪值執行長蔣集恆稱AI需求持續強勁加ICT步入旺季 預期2026Q3營收顯著季增強勁年增 AI機櫃Q3出貨量預期季增高雙位數百分比 全年AI機櫃出貨維持倍數以上成長 全年營收展望維持強勁成長不變 電腦終端產品因新品需求高峰已過及記憶體供應吃緊預期Q3營收略微季減 有信心2026全年營益率超越去年3.2% 上半年ROE 6.21%較去年同期5.48%提升逐步接近12%目標 調整後EBITDA年增776億元或52%；華碩=Q2每股大賺25.6元 伺服器全年營收成長目標上修至150% 將發債籌資逾805億元；三者全篇皆為公司自述無任何券商評等或目標價 不計列；鴻海部分早盤場次已收錄官股金控投顧買進350元 本場次不重複計列；來源ctee 20260812701734 + 20260812701486 + 20260812701733
2026-08-12,－(近24小時無新券商觀點),－,萬潤(6187),半導體-封裝自動化設備(自選股),無新評等,無新目標價,自選股本場次追蹤紀錄 非券商新觀點 不另建摘要；經多來源交叉查核(工商時報即時證券列表已更新至8/12 18:59 + 工商時報上市櫃分類頁 + 工商時報搜尋目標價 + 工商時報權證與亮點個股分類頁 + 鉅亨網外資評等表 + 旺得富目標價搜尋頁與上市櫃列表 + FTNN財經分類頁 + 經濟日報證券頻道 + 三組WebSearch)確認2026/08/12 08:00至19:00無任何新券商報告評等或目標價見報；重要觀察=8/10公布Q2 EPS 8.50元創單季新高後 已連續四個場次(8/11早盤 8/11盤後 8/12早盤 8/12盤後)無券商模型更新見報 券商更新速度顯著低於原先預期 建議將監控頻率由每場次第一優先調整為每日一次確認即可 但維持追蹤不中斷；既有紀錄維持不變=高盛證券買進目標價1550元(2026/07/10由1650元下修6.1%) 美銀證券初評買進1500元(2026/07/27 2026/2027/2028年EPS估26.46/41.82/53.34元)；其他可見券商觀點全部早於窗口=大摩1280→1580(2026/05/31) 瑞銀1550 高盛1800 摩根大通1450 富邦800；來源ctee livenews stock + ctee twmarket + ctee search目標價 + cnyes ratediff + wantrich + ftnn category6 + money cate5590 + WebSearch三組
2026-08-13,統一投顧（分析師廖婉婷，具名）,內資,台光電(2383),CCL 銅箔基板,上調（原文未載評等文字）,6400,前值未載 上調幅度不可計算；出自統一投顧8/12出具之PCB上中游月報 8/13 05:01見報 一次調整5檔(台光電6400 台燿1910 聯茂550 騰輝330 金居630下修)；上調理由原文載為規格升級 供需緊張 技術領先 訂單外溢四大利多；依據=7月營收月增8.31%；本季PCB中上游營收預估季增20%~25% PCB上游8月營收月增率預估3%~6%；外資對照=花旗同窗口報告認為台光電可望率先發動新一輪CCL漲價 台燿將跟進 內外資在漲價順序上一致；風險=原文未給評等文字不構成完整評等更新 未載目標價前值 未揭露EPS與本益比6400元完全無法回算 依據為單月營收月增率屬短周期動能 原文自載本季度新增調漲價格的產品僅以布為主漲價面已在收斂與全面上調方向存在張力 目標價對應年度未說明；已做個股摘要；來源wantrich 20260813900003 + udn 9687736
2026-08-13,統一投顧（分析師廖婉婷，具名）,內資,台燿(6274),CCL 銅箔基板,上調（原文未載評等文字）,1910,前值未載；同批統一投顧PCB月報；依據=7月營收月增20.69% 為該群八檔次高(最高為富喬24.01% 該群平均11.2%)；花旗定位台燿為CCL漲價跟進者而非領先者；風險=未給評等文字 未載前值 未揭露EPS與本益比1910元無法驗證 花旗跟進者定位與統一投顧大幅上調的力道之間漲價節奏落差原文未調和 單月營收月增率屬循環性動能非結構性改善；已做個股摘要；來源wantrich 20260813900003 + udn 9687736
2026-08-13,統一投顧（分析師廖婉婷，具名）,內資,聯茂(6213),CCL 銅箔基板,上調（原文未載評等文字）,550,前值未載；同批統一投顧PCB月報 依據=7月營收月增12.71% 訂單外溢；★本場次最重要同股分歧=同窗口FTNN 8/13 08:00另載本土法人上修至610元 較本則550元高10.9% 兩者機構不同數字不同務必分開列示不可合併為單一共識；股價=8/12收464元漲2.65% 連9漲 9日漲幅93.74%為當日強勢股王 550元較收盤僅隱含約18.5%空間(本系統回推)；風險=未給評等文字 未載前值 未揭露EPS與本益比 同窗口兩個數字分歧10.9%來源未說明 聯茂8/13同時因當沖比重過高被列證交所注意股籌碼過熱 連9漲後安全邊際被壓縮；已做個股摘要；來源wantrich 20260813900003 + ftnn 569451 + ftnn 569499
2026-08-13,本土法人（原文未具名；股價數據標註兆豐證券）,內資,聯茂(6213),CCL 銅箔基板,未載評等文字,610,前值未載 原文載為上修；★與同窗口統一投顧550元形成10.9%分歧 且本則券商未具名 統一投顧為具名分析師 資訊層級不同權重應有差異；依據=2026上半年EPS 4.39元已超越2025全年4.16元 本益比未載；逐字=其上半年每股純益(EPS)高達4.39元 超越去(2025)年全年4.16元 本土法人將其目標價上修到610元 帶動近期聯茂股價強勢；股價=8/12收464元漲12元(+2.65%)成交8182張 連9漲9日漲93.74%；風險=券商未具名無法判斷研究品質 未載報告出具日期 未給評等文字 未揭露本益比與目標價對應年度610元推導完全無法驗證 未載前值上修幅度無從計算 本則主軸為股價強勢報導券商觀點屬附帶提及非獨立研究專稿 連9漲93.74%後才見上修屬股價驅動模型的追認型調整 同日被列證交所注意股；已做個股摘要；來源ftnn 569451 + wantrich 20260813900003
2026-08-13,統一投顧（分析師廖婉婷，具名）,內資,騰輝電子-KY(6672),CCL 銅箔基板,上調（原文未載評等文字）,330,前值未載；同批統一投顧PCB月報 依據=7月營收月增16.01% 該群八檔中第三；原文未載股票代號 本系統依既有個股資料夾比對推定為騰輝電子-KY(6672) 建議人工複核；風險=未給評等文字 未載前值 未揭露EPS與本益比330元無法驗證 四檔同批上調的個別差異化論述在原文中缺乏難以判斷相對吸引力 依據為單月營收月增率；已做個股摘要；來源wantrich 20260813900003
2026-08-13,統一投顧（分析師廖婉婷，具名）,內資,金居(8358),銅箔,買進（維持）,630,前值645 下修2.33% ★本場次唯一下修個案 且評等維持買進不變屬評等與目標價方向背離；下修主因原文明載=至於金居因Rubin延遲出貨略有影響 第2季財報低於預期；7月營收月增4.82%為該群八檔最低(該群平均11.2%)；★重大立場分歧=本系統既有紀錄載高盛證券2026/08/11將金居合理股價調高至940元(潛在漲幅逾1.4倍) 8/12高盛再喊9字頭 外資940元vs內資630元落差49.2%(本系統回算)為本檔最重要觀察點；風險=原文自載Rubin延遲出貨與Q2財報低於預期皆屬已實現負面事實 維持買進卻同時下修目標價評等未同步調整理由原文未說明 未揭露EPS與本益比630元推導無法驗證 與高盛940元巨大落差顯示市場對銅箔漲價受惠程度假設高度分歧任一方模型都有大幅修正風險；代號提醒=金居為8358 部分二手轉述曾誤植為8368(8368實為其他公司)；已做個股摘要；來源wantrich 20260813900003 + ctee 20260811702033
2026-08-13,FactSet共識(鉅亨網外資評等表),外資,健鼎(3044),PCB 印刷電路板,強力買進,646,前值617.5 上調4.61% 屬小幅跟進式調整；646元對照該表所載現價485.5元隱含空間約33.1%(本系統回算)；★資料性質=鉅亨網外資評等表 券商欄位一律標示Factset 為多家外資機構評等彙整共識值非單一券商研究報告 評等日20260812 見報時間不明 前一場次該表最新評等日仍停在20260811故本批7筆判定為新增；同窗口花旗(外資)將健鼎與金像電並列為如果金像電及健鼎能有效降低成本衝擊則可逢低買進 語氣屬條件式而非無條件看多 與共識強力買進之間存在溫度差；風險=共識表無論點內文無EPS無本益比646元評價基礎完全無法驗證 花旗同期明確指出PCB因CCL漲價使毛利率承壓成本轉嫁能力為關鍵變數共識表未反映此風險 共識為多家機構平均個別分歧度無從辨識 評等日與見報日不同時序上可能落後；已做個股摘要；來源cnyes ratediff + udn 9687736
2026-08-13,FactSet共識(鉅亨網外資評等表),外資,金像電(2368),PCB 印刷電路板,原文未載評等文字,1695,前值未載 無法判斷方向；1695元對照該表現價1000元隱含空間約69.5%(本系統回算)；既有序列對照=本系統2026/08/11已收錄外資給金像電目標價上看1740元 另8/12有大摩1660元 本次1695元落在1660~1740元既有區間內屬區間內移動非突破性調整；8/12金像電重返千金股 與欣興 均華同步登上千元 當日千金股增至50檔；花旗同窗口態度較保守僅稱如果金像電及健鼎能有效降低成本衝擊則可逢低買進；風險=FactSet共識表性質見健鼎該筆說明 無評等文字無前值無法判斷方向 無EPS無本益比無論述內文1695元完全無法回算 花旗明確點出PCB因CCL漲價毛利率承壓成本轉嫁為未定變數 股價已於8/12重返千元短線漲幅已反映部分預期；已做個股摘要；來源cnyes ratediff + udn 9687736
2026-08-13,FactSet共識(鉅亨網外資評等表),外資,臻鼎-KY(4958),PCB／AI 伺服器板／IC 載板,原文未載評等文字,640,前值未載 無法判斷方向；★本檔為本場次最值得注意的內外資對立=本系統2026/08/12盤後已收錄未具名內資法人維持買進但將目標價下修至600元 理由為摺疊手機出貨遞延 研發投入增加 2027年新產能折舊上升 本次外資共識640元較該內資600元高6.7%方向相反；既有序列位置=636.5元(7/07 FactSet強力買進 前值616.5) 824元(7/13高盛買進 前值388) 695元(7/24法人上調) 600元(8/12內資下修) 本次640元回到636.5元附近接近7月初共識水準；640元對照現價471.5元隱含空間約35.7%(本系統回算)；基本面=上半年營收891.59億元年增13.9% 稅後淨利57.74億元年增139.3% 上半年EPS 3.55元 但8/12股價逆勢跌逾4%被列賣壓湧現個股；風險=FactSet共識表性質見健鼎該筆說明 無評等文字與前值 無EPS與本益比640元無法驗證 與內資600元下修方向相反且內資下修理由皆為可驗證營運變數共識表未提供對應反駁 亮眼財報未激勵股價顯示市場已先行反映或不認同多頭論述 既有序列從824元到600元全距達37.3%分歧極大；已做個股摘要；來源cnyes ratediff + ctee 20260812700718
2026-08-13,FactSet共識(鉅亨網外資評等表),外資,南電(8046),ABF 載板,原文未載評等文字,1500,前值未載 無法判斷方向；1500元對照該表現價1265元隱含空間約18.6%(本系統回算)為本批FactSet七檔中最小；花旗(外資)同窗口產業報告明確點名花旗持續偏好具備進一步漲價潛力與毛利率上行空間的公司例如ABF載板 先進製程晶圓代工與封測(OSAT)供應鏈 並直接看好南電與欣興 外資在ABF載板上形成一致多方；母公司連動=南亞(1303)同窗口獲本土券商投顧維持買進目標價300元 論述核心即為轉投資南電與南亞科雙金雞母挹注 兩者互相佐證；風險=FactSet共識表性質見健鼎該筆說明 無評等文字無前值無EPS無本益比1500元完全無法驗證 隱含空間僅約18.6%為本批最小安全邊際有限 花旗自載雖然非AI需求相對疲弱需求結構高度偏重AI 共識為多機構平均分歧度無從辨識；已做個股摘要；來源cnyes ratediff + udn 9687736 + ftnn 569463
2026-08-13,花旗環球證券（Citi）,外資,台鏈多檔(產業報告),半導體／載板／CCL／PCB／ODM,看好（ABF 載板、先進製程、封測）；金像電、健鼎「可逢低買進」,未給,產業報告 未逐檔給目標價 不另建個股摘要 已納入日報總覽；逐字=AI基礎設施在2026年下半年將加速推進 預期台灣科技供應鏈將展現更強勁動能 花旗持續偏好具備進一步漲價潛力與毛利率上行空間的公司 例如ABF載板 先進製程晶圓代工與封測(OSAT)供應鏈；逐字=CCL同樣受惠於缺貨 花旗認為台光電可望率先發動新一輪漲價 台燿將跟進；逐字=PCB則因為CCL漲價使毛利率承壓 如果金像電及健鼎能有效降低成本衝擊 則可逢低買進；覆蓋名單=台積電2330 日月光投控3711 瑞昱2379 聯詠3034 南電8046 欣興3037 台光電2383 台燿6274 金像電2368 健鼎3044 鴻海2317 緯創3231 廣達2382 世芯-KY3661 緯穎6669 智邦2345 順達3211；量化依據=台積電7月營收月增6%年增45% 日月光投控7月營收月增12%年增43%；風險=全數個股未給目標價與正式評等代碼不構成可操作評等更新僅為產業方向性偏好 原文自載雖然非AI需求相對疲弱需求復甦高度集中於AI 原文自載PCB因CCL漲價使毛利率承壓 且金像電健鼎的買進建議附帶如果能有效降低成本衝擊的條件句非無條件推薦 以單月營收作為主要量化依據未提供EPS與評價模型可驗證性低 產業層級偏好在個股實作上仍需自行選擇標的花旗未提供相對排序；來源udn 9687736 + udn 9687662
2026-08-13,FactSet共識(鉅亨網外資評等表),外資,中砂(1560),半導體耗材（砂輪 ABU／鑽石碟 DBU／測試及再生矽晶圓 SBU）,強力買進,850,前值810 上調4.94%；★本筆關鍵價值在於補齊數字=本系統2026/08/12盤後已收錄摩根大通與麥格理雙雙同升推測合理股價 但兩則原文皆未揭露任何目標價數字 當時只能標調升(絕對數字未載 待確認) 本次FactSet共識由810元上調至850元 首次為該波調升提供可量化錨點；850元對照該表現價728元隱含空間約16.8%(本系統回算)；既有量化依據(8/12已收錄 兩家外資未分家)=下半年毛利率41%~42% 明年上看44% 均較市場共識高約4個百分點 2026/2027/2028年EPS各14.84/21.83/28.24元 Q2毛利率升至40% 上半年EPS 6.44元；麥格理分析師賴昱璋核心論據=根據中砂經營管理階層說法其7月營收與毛利率均優於第二季水準 意味全年毛利率表現將會更樂觀；★重大警語(延續8/12紀錄)=中砂已於2026/08/12 10:35在公開資訊觀測站發布澄清經濟日報115年8月12日報導重大訊息 上述毛利率與EPS數字為媒體轉述 引用前強烈建議先查閱該澄清公告全文 中砂2026/06/24亦曾對經濟日報報導發布過澄清屬重複發生情況；風險=FactSet共識表性質見健鼎該筆說明 共識表無論點內文無EPS無本益比850元評價基礎無法獨立驗證 隱含空間約16.8%在共識評等為強力買進的情況下偏低評等強度與空間不完全匹配 毛利率預估較市場共識高約4個百分點意味外資站在共識樂觀端若共識未向上收斂反而是外資模型需下修；代號提醒=正確代號1560(中國砂輪企業) 既有資料夾另有誤植的中砂1650建議後續人工合併；已做個股摘要；來源cnyes ratediff + ctee 20260813700213
2026-08-13,國泰綜合證券（副標具名；內文行文為「本國投顧」）,內資,研華(2395),工業電腦／邊緣 AI 運算,增加持股,702,前值未載 無法判斷方向；評價依據=Q2 EPS 5.2元 上半年EPS 9.05元 本益比與目標價對應年度未載；逐字論點=研華將推動IWS軟硬整合產品平台 整合邊緣AI運算設備 AI軟體平台及產業應用服務 提供從IoT管理 AI模型部署到Agent應用的解決方案 可大幅縮短AI導入與部署時程 降低系統整合複雜度 並創造商業價值；AI進度=上半年AI相關營收占比達22.5% 今年目標上看30% 原文評為整體AI相關推展進度如預期；★股東報酬政策為本則最具體新資訊=公司將啟動股利政策結構性優化 並規劃於今年至2028年 每年從資本公積中額外發放每股2元的特別現金股利；營運=穩居工業電腦龍頭 近期訂單動能穩健 北美拉貨動能強勁；風險=券商署名不一致(副標掛國泰綜合證券 內文兩處行文為本國投顧)建券商資料庫時需人工判定 未揭露目標價前值無法判斷方向 未揭露本益比與EPS預估年度702元無法回算 評等用語為增加持股而非買進屬次一級訊號強度弱於買進 特別現金股利來自資本公積而非當期盈餘屬股本結構調整非獲利能力提升且僅規劃至2028年 AI占比30%為今年目標值上半年22.5%意味下半年需明顯拉升達成路徑未拆解 本則為權證專區稿件非獨立券商研究專稿；已做個股摘要；來源ctee 20260813700292
2026-08-13,FactSet共識(鉅亨網外資評等表),外資,英業達(2356),電子組裝／AI 伺服器,中立,58,前值56 上調3.57%；★本批FactSet七檔中唯一非買進評等 且是唯一目標價低於現價者=新目標價58元對照該表現價69元 隱含下檔約-15.9%(本系統回算) 為本場次唯一明確下檔訊號；共識雖小幅上調目標價 但評等維持中立未動 屬追認股價而非看多的典型型態；對照=既有紀錄載8/12有英業達財報佳外資上調目標價的報導 本筆共識上調與該方向一致惟幅度極小；族群對照=同批AI伺服器組裝股(鴻海 緯創 廣達)在花旗報告中被列為覆蓋標的但同樣未給目標價 組裝環節整體評價偏保守；風險=FactSet共識表性質見健鼎該筆說明 目標價低於現價達15.9%若以共識為準現價已高於合理價位 評等維持中立上調目標價不等於轉多切勿誤讀為看好訊號 無EPS無本益比無論述內文58元無法驗證 共識為多機構平均若少數極端值拉動可能失真；已做個股摘要；來源cnyes ratediff
2026-08-13,統一投顧（具名）,內資,巧新(1563),高階精密鍛造（車用輪圈）／半導體設備零件,買進（升評）,72（推測合理股價）,前值未載 升評幅度不可計算；★本場次唯一評等升級個案；逐字=巧新(1563)半導體設備零件已通過認證 第三季開始出貨 2027年營收比重達5%~10% 升評買進 推測合理股價72元；升評結構性理由=巧新積極將高階精密鍛造技術與低碳循環鋁材優勢從移動產業(車用輪圈)擴展至高質化非移動領域 半導體設備應用是主要布局方向；護城河逐字=巧新已通過美系設備大廠的材料認證 並進入到供應商名錄之中 是台灣唯一具半導體設備零件領域的閉模鍛造工藝廠商；基本面=上半年整體營收 毛利率 營業利益率相較2025年下半年已有明顯回升 Q2 EPS 0.33元；股價=8/12巧新土洋聯買強攻漲停 外資與自營商聯袂買超；風險=原文自載巧新第二季雖受匯損拖累使獲利較前季下滑 Q2 EPS僅0.33元基期極低 升評依據的半導體設備零件業務2027年營收比重僅5%~10%占比偏低對整體獲利實質貢獻有限且落在明年 未載目標價前值升評量化幅度無法計算 未揭露EPS預估與本益比72元完全無法回算 美系設備大廠客戶未具名客戶集中度與訂單規模未揭露 通過認證進入供應商名錄與實際取得訂單並放量之間仍有距離第三季出貨量能未量化 本則為權證專區稿件非獨立研究專稿 股價已於8/12漲停短線已反映部分利多；已做個股摘要；來源ctee 20260813700286 + wantrich 20260813900088
2026-08-13,FactSet共識(鉅亨網外資評等表),外資,智伸科(4551),汽車／醫療精密零件,原文未載評等文字,240,前值未載 無法判斷方向；240元對照該表現價172.5元隱含空間約39.1%(本系統回算)為本批FactSet七檔中第二高；本檔為本系統首次收錄 既有序列為空 無前期對照基準；為本場次唯一非電子非AI主線標的(汽車與醫療精密零件) 在整體高度集中於PCB/CCL的場次中具分散意義；風險=FactSet共識表性質見健鼎該筆說明 無評等文字無前值無EPS無本益比無任何論述內文240元完全無法驗證 資訊密度為本場次最低者之一 既有序列為空無法判斷此共識值是長期未更新舊值或新近調整 本場次未在任何新聞來源找到對應個股報導無法交叉佐證 建議列為待觀察而非可操作訊號；已做個股摘要；來源cnyes ratediff
2026-08-13,本土投顧（原文未具名）,內資,日電貿(3090),被動元件代理／通路,未載評等文字,202,前值未載 無法判斷方向 未給評等文字；逐字=近期獲本土投顧喊出目標價202元的被動元件代理龍頭日電貿(3090)出現在名單中；族群背景=被動元件近期因營收創高而復活 本系統既有紀錄載國巨(2327)法人買進688元 華新科與禾伸堂股價強攻；本檔為本系統首次收錄 既有序列為空；★風險=本則主軸為證交所注意股名單報導非券商研究稿件 券商觀點屬附帶提及 資訊層級為本場次最低 日電貿因8/11當沖成交量占比60.30% 當日71.11%被列注意股籌碼明顯過熱 券商未具名 未載報告出具日期 未給評等文字 未載目標價前值 未揭露EPS與本益比202元完全無法驗證 同一注意股名單另含南茂8150 強茂2481 華新科2492 禾伸堂3026 晟鈦3229 聯茂6213 顯示被動元件與PCB族群普遍當沖過熱非個股單一現象 建議僅作為市場有此喊價的紀錄不宜視為研究觀點；已做個股摘要；來源ftnn 569499
2026-08-13,法人（原文未具名，研判內資）,內資,裕民(2606),散裝航運（乾散貨）,買進,77.8,前值未載 無法判斷方向；評價依據=Q2 EPS 2.34元(獲利翻逾2倍) 本益比未載 原文僅稱評價具提升空間；逐字=考量裕民現貨比重較高 於運價向上的環境中具備更強的獲利彈性 在營收與獲利動能改善下 評價具提升空間 給予其買進評等 目標價上看77.8元；需求端四項具體支撐(原文明列)=穀物運輸受南美及美國出口旺季支撐 巴西鐵礦進入傳統出口旺季 澳洲出貨維持穩定 幾內亞西芒度鐵礦逐步放量；★延噸海浬量化論述=考量幾內亞置中國航程約為澳洲2.75倍 可望放大延噸海浬需求 為本場次少數提供可驗證倍數關係的論點；本檔為本系統首次收錄 亦為本場次唯一非科技類具評等個股；風險=券商未具名未載報告出具日期無法判斷研究品質 未揭露目標價前值無法判斷方向 未揭露本益比與EPS預估77.8元評價基礎無法回算 現貨比重較高是雙面刃運價下行時同樣放大跌幅原文僅討論上檔未討論下檔 多頭論述全數綁定散裝運價與鐵礦穀物出口旺季屬高度循環性變數旺季結束後延續性未討論 西芒度鐵礦放量時程與量能未量化 本則為權證專區稿件非獨立研究專稿；已做個股摘要；來源ctee 20260813700283
2026-08-13,－(重複 8/12盤後已收錄同組數字),外資,南茂(8150),半導體-封測(記憶體後段封測/邏輯測試/矽光子凸塊),正向(原文未列制式評等),166,本場次查核紀錄 非新觀點 不另建摘要；工商時報8/13 03:00日報稿(20260813700213)載瑞銀證券將南茂股價預期升至166元 與本系統2026/08/12盤後已收錄之瑞銀證券(分析師蘇厚合)166元完全撞號 判定為8/12 18:56即時稿的報版重刊 不重複計列；本則未補充任何新數據；來源ctee 20260813700213 + ctee 20260813700400
2026-08-13,－(重複 8/12盤後已收錄同組數字),外資,中砂(1560),半導體耗材-砂輪/鑽石碟/測試及再生矽晶圓,正向(調升 原文未載數字),調升(數字未載),本場次查核紀錄 非新觀點 不另建摘要(摩根大通與麥格理該兩筆)；工商時報8/13 03:00日報稿為8/12 18:56即時稿的報版重刊 摩根大通與麥格理同升推測合理股價 兩則原文仍未揭露任何目標價數字；★但本場次鉅亨網FactSet共識首次給出810→850元 已另計為新觀點並建立個股摘要 補齊了此一數字缺口；重要提醒=中砂2026/08/12 10:35已發布澄清經濟日報115年8月12日報導重大訊息 引用相關毛利率與EPS數字前務必先查閱澄清公告全文；來源ctee 20260813700213 + cnyes ratediff
2026-08-13,－(重複 8/12盤後已收錄同組數字),內資,南亞(1303),塑化+電子材料(CCL/玻纖布/銅箔),買進(維持),300,本場次查核紀錄 非新觀點 不另建摘要；FTNN 8/12 22:15稿(569463)載本土券商投顧維持買進 維持目標價300元 EPS估2026年12.02元 2027年16.94元 與本系統2026/08/12盤後已收錄之統一投顧買進300元及同組EPS完全撞號 判定為同一份報告的改寫重刊 不重複計列；本則補充的新數據(供既有紀錄補齊)=7月合併營收305.72億元月增12.67%年增44.53% 1-7月累計1828.15億元年增19.94% 電子材料營收占比升至57%為49個月新高 原文載預期南亞8月營運將優於7月 Q3也將優於Q2；籌碼=8/12三大法人合計賣超9114張 外資賣超1.2萬張 股價收189元小跌0.53%；原文自載風險同既有紀錄=地緣政治趨緩油價回落使塑化利差縮窄 長期回到供給過剩態勢；來源ftnn 569463
2026-08-13,－(重複 8/12盤後已收錄同組數字),內資,聯發科(2454),半導體-IC設計(手機/AI ASIC),強力買進(維持),5625,本場次查核紀錄 非新觀點 不另建摘要；FTNN 8/12 23:30稿(569478)載本土老牌投顧維持強力買進 目標價5625元 與本系統2026/08/12盤後已收錄之法人(未具名)強力買進5625元完全撞號 判定為同一觀點重刊 不重複計列；★本則補充的新數據價值極高 直接補齊既有紀錄標註的未揭露EPS預估與本益比5625元推導完全無法驗證之缺口=2026/2027/2028年EPS估66/121/256元 AI ASIC 2027年出貨量上修至320~350萬顆 AI ASIC營收預估由原2800億元上修至3200~3600億元 2028年更有機會突破1.1兆元 Q3營收預估1522~1598億元(約季持平至+5%)優於市場原預期的微幅衰退 7月營收484.7億元月減16.4%年增12.2%約達Q3財測目標的32% 收盤4015元潛在漲幅逾40%；原文自載風險=主要CSP客戶下一代AI晶片預計於2028年量產時程偏遠 7月營收月減16.4%；來源ftnn 569478
2026-08-13,－(重複 8/12盤後已收錄同組數字),內資,京元電子(2449),半導體-IC測試,看好其後續營運(原文未給制式評等),380,本場次查核紀錄 非新觀點 不另建摘要；FTNN 8/12 23:45稿(569480)載本土投顧目標價380元 EPS估2026年10.4元 2027年15.2元 與本系統2026/08/12盤後已收錄之大型民營金控旗下投顧380元及同組EPS完全撞號 判定為同一份報告的改寫重刊 不重複計列；本則補充的新數據=7月營收39.9億元月增10.19%年增36.75%創單月新高 1-7月累計253.24億元年增36.18% 赴美設廠將在14億美元額度內設孫公司建新廠 Google TPU(v7p v8x)訂單量優於市場預期 AI相關營收今年預估達70%以上 資本支出二度上調至500億元；原文自載風險(與既有紀錄一致)=近期因輝達Rubin GPU規格調整導致出貨時程遞延 連帶衝擊測試需求；來源ftnn 569480 + ctee 20260812701701
2026-08-13,－(有見報但無評等無目標價 不計列),內資,和碩(4938),電子組裝-EMS/AI伺服器,無評等,無目標價,本場次背景紀錄 非券商評等 不另建摘要；金控旗下投顧研究機構(未具名)點名和碩伺服器轉型將於下半年啟動 營運轉型題材挹注股價跳升；Q2營收2730億元季增12%年增2%(文中另處寫年增2.7% 兩數字不一致須留意)；法人模型預估和碩AI伺服器營收今年將占合併營收超過1成比重；下半年首波成長動能來自GB300量產以及德州廠BBU垂直整合效益；原文自載=市場對轉型成效的驗證已正式從首季的谷底階段進入下半年前夕的審查期；風險=完全無評等文字與目標價不構成可操作訊號 券商未具名 未載報告出具日期 本則為權證專區稿件；來源ctee 20260813700286 + wantrich 20260813900088
2026-08-13,－(有見報但無評等無目標價 不計列),內資,長榮(2603),海運-貨櫃航運,無評等,無目標價,本場次背景紀錄 非券商評等 不另建摘要；法人(未具名)預估長榮Q2 EPS有望達8.3元 Q3營收有望上看1149億元 Q3 EPS預估11.84元 今年整體營收有望達4072億元 全年EPS 29.31元；Q2營收1051.57億元創同期第三高 7月合併營收480.79億元年增43.07%月增22.83% 前七月2397.52億元年增4.21%今年首度翻正；公司自述=第三季為歐美市場傳統旺季 預估紅海航線短期內難恢復正常 市場供給未明顯增加 對第三季看法持審慎樂觀；風險=無評等無目標價僅有獲利預估 券商未具名 公司自述用詞為審慎樂觀 本則為權證專區稿件 長榮8/13才發布財報本則為財報前預估稿有修正可能；來源ctee 20260813700283
2026-08-13,萬寶投顧(投資總監蔡明彰 具名),內資,AI鏈ABC架構(多檔),AI伺服器/BBU/CPO光通訊,長線看好度C>A>B(無個股評等),未給,本場次背景紀錄 無個股目標價 不另建摘要；架構=A(AI伺服器)台積電2330 鴻海2317 廣達2382(AI營收占比約60%以上) 緯創3231 奇鋐3017(約50%) 川湖2059；B(BBU備援電源)光寶科2301(占比30%) 台達電2308(占比25%)；C(CPO光通訊)光聖6442(AI營收純度80%) 波若威3163(50%) 聯亞3081 華星光4979；核心論點逐字=AI資料中心傳輸瓶頸引發的光進銅退已成技術定局 預期台灣CPO供應鏈將迎來強烈的價值重估(Re-rating)行情；逐字=CPO族群因前一波漲幅過大 經歷拉回修正後 目前尚未有個股創高 正因為籌碼沉澱 反而為CPO族群預留了極具想像空間的後續上漲動能；量化參考=Lumentum(LITE)本益比173倍 光學系統營收年增122% 光學組件年增102%；原文自載風險=短線內切勿盲目追逐已大漲創高的個股 因其上漲空間可能已初步反應完畢 短線追高易套牢 Lumentum本益比高達173倍；風險=全數個股無目標價無評等 為投顧人物觀點非研究報告 排序C>A>B無量化依據；來源wantrich 20260813900004
2026-08-13,摩根大通(外資)+金控旗下投顧(內資 未具名),外資,折疊iPhone供應鏈(未指名台廠),手機組裝/蘋果供應鏈,無評等,未給,本場次背景紀錄 未指名台廠代號 無評等無目標價 不另建摘要；摩根大通逐字=新款iPhone 18系列下半年將出貨8800萬支 其中折疊iPhone今年的組裝量約為700~800萬支；金控旗下投顧逐字=將時間拉長至折疊iPhone整個生命周期 金控旗下投顧預估將銷售1920萬支；風險=完全未指名受惠台廠與代號 無法對應到可操作標的 無評等無目標價 兩家機構的出貨預估基期與定義未說明 折疊iPhone生命周期長度未定義1920萬支無時間框架；來源ctee 20260813700400
2026-08-13,－(有見報但無評等無目標價 不計列),內資,光聖(6442)/志聖(2467)/均華(6640),光通訊/半導體設備,無評等,無目標價,本場次背景紀錄 非券商評等 不另建摘要；光聖=法人(未具名)分析 客戶預測與訂單能見度已達2026年底 營運目標維持逐季成長 下半年產品組合高度集中光被動元件 數據中心貢獻預料維持高檔；上半年營收63.87億元 稅後純益14.97億元 EPS 19.07元 毛利率59.50% 營益率29.66% 8/12漲停1595元 三大法人單日合計買超176張；技術面風險原文自載=近日將挑戰季線反壓；志聖=法人指出上半年營收已達50.44億元 下半年業績仍有增溫空間 全年營收突破百億元關卡應非難事 上半年EPS 7.16元 Q2 EPS 4.14元 8/12聯合法說自述在手未交訂單先進封裝約53% PCB約38% AI相關合計92%；均華=8/12法說自述訂單能見度延伸至2027年第三季 先進封裝相關營收占比預估提高至90%~95% 上半年EPS 9.52元 惟Q2 EPS 4.33元低於首季5.19元 原因為產品組合及設備出機遞延；風險=三檔皆無評等無目標價 法人皆未具名 志聖與均華為公司法說自述非券商觀點；來源ctee 20260813700239 + ctee 20260813700289 + ctee 20260813700260
2026-08-13,－(近24小時無新券商觀點),－,萬潤(6187),半導體-封裝自動化設備(自選股),無新評等,無新目標價,自選股本場次追蹤紀錄 非券商新觀點 不另建摘要；經多來源交叉查核確認2026/08/12 19:00至08/13 08:30無任何新券商報告評等或目標價見報；查核來源=FTNN目標價標籤頁(更新至8/13 08:15 窗口內共6篇目標價新聞——PCB大廠1800元 PCB大廠925元 玻纖布廠300元 封測大廠380元 被動元件通路202元 CCL大廠610元 全數與萬潤無關) 鉅亨網外資評等表(8/12與8/11名單皆無6187) 工商時報站內搜尋(最新萬潤文章8/11) 旺得富個股頁(相關新聞最新8/10) MoneyLink個股新聞頁 另加19組WebSearch關鍵字；★重要觀察=8/10公布Q2 EPS 8.50元創單季新高後 已連續五個場次(8/11早盤 8/11盤後 8/12早盤 8/12盤後 8/13早盤)無券商模型更新見報；更值得注意的是萬潤8/12亮燈漲停收1155元(+10.00% 成交4335張 49.02億元) 股價大漲當日與隔日盤前皆無對應券商報告 屬純籌碼題材面推升 建議維持每日一次確認的監控節奏 不必每場次列為第一優先 但維持追蹤不中斷；既有紀錄維持不變=高盛證券買進1550元(2026/07/10由1650元下修6.1%) 美銀證券初評買進1500元(2026/07/27 2026/2027/2028年EPS估26.46/41.82/53.34元)；其他可見券商觀點全部早於窗口=大摩1280→1580(2026/05/31) 瑞銀1550 高盛1800 摩根大通1450 富邦800；來源ftnn tag目標價 + cnyes ratediff + ctee search萬潤 + wantrich 6187 + money-link 6187 + WebSearch十九組
2026-08-13,高盛證券（Goldman Sachs）,外資,南電(8046),ABF載板,買進(重申 列入強推清單),2500,前值未載 惟本系統可對照高盛2025/08曾由125元升至280元 一年內看法幾乎完全翻轉；★本場次最重要個案；核心邏輯=南電現貨比重高 不像同業報價受長約綁定 在這波ABF漲價循環裡獲利彈性最大 漲價紅利吃得相對直接；量化依據=Q2毛利率24.75%單季大增8.9個百分點 改善幅度優於另外兩家載板廠 高盛預估Q3毛利率有機會進一步來到31.3%；★重大分歧=本系統2026/08/13早盤剛收錄FactSet共識1500元(現價1265元 隱含空間僅約18.6%) 高盛2500元較共識高66.7%(本系統回算) 為近月台股單一個股最大內外資評價落差之一；2500元對照8/12收盤1265元隱含漲幅約97.6%(本系統回算)；外資一致性=同窗口花旗環球證券亦點名ABF載板為最偏好族群 直接看好南電與欣興；籌碼=8/12南電出關攻漲停收1265元 主動統一升級50(00403A)加碼45張至1795張 主動統一台股增長(00981A)買進115張達9634張 主動群益科技創新(00992A)首度建倉300張 權重由0拉升至0.89%；風險=本則出自理財達人籌碼小哥葛臉書貼文轉述高盛報告 非券商報告原文 資訊層級偏低 未載報告出具日期 未載目標價前值 未揭露EPS與本益比2500元完全無法回算 現貨比重高是雙面刃價格反轉時同樣放大跌幅原文僅討論上檔 Q3毛利率31.3%為預估值非實績未說明推導基礎 花旗同期自載非AI需求相對疲弱需求結構高度偏重AI 隱含漲幅近一倍屬極端樂觀值；已做個股摘要；來源wantrich 20260813900123
2026-08-13,日系外資（原文未具名）,外資,鴻海(2317),電子組裝-EMS/AI伺服器/機櫃,買進(維持),435,前值352 上調23.6% ★本場次幅度最大的上修；★評價基礎完整揭露(本場次少數)=以2027年每股純益25.57元 17倍本益比評價；上調依據=Q2毛利率及營益優於市場預期 除持續受惠輝達NVIDIA平台需求外 Google TPU等ASIC需求增加都有望帶來額外訂單；獲利預估=2026至2028年分別上調12.8% 23.4%及24.9% 上調幅度逐年放大顯示看多的是中長期而非當期；財報基礎(8/12法說)=Q2營收2.53兆元年增41% 營業利益948億元年增68% 稅後純益599.74億元創同期新高季增20%年增35% EPS 4.27元 毛利率6.12%；上半年營收4.65兆元年增35% 稅後純益1098.93億元年增27% EPS 7.84元(去年同期6.23元)；★與共識落差=同日FactSet共識(22位分析師)2026年EPS中位數僅18.22元 目標價340.79元 日系435元較共識高27.7%(本系統回算)；風險=券商未具名僅稱日系外資無法判斷研究品質亦無法比對既有序列 未載報告出具日期 評價依據落在2027年EPS而非2026年投資期間拉長一年隱含當期評價其實不便宜 17倍本益比選取理由未說明 市場已用腳投票8/13開高走低以274.5元紅盤開出後翻黑終場收262元跌2.96%成交9.2萬張為當日賣壓湧現個股 公司自述Q3電腦終端產品因新品需求高峰已過及記憶體供應吃緊預期營收略微季減此逆風原文未納入討論 鴻海Q2毛利率僅6.12%本就是薄利模式；已做個股摘要；來源ftnn 569757
2026-08-13,美系外資（原文未具名）,外資,鴻海(2317),電子組裝-EMS/AI伺服器/機櫃,買進(維持),400,前值360 上調11.1%；上調依據=優於市場的Q2財報和訂單能見度提升 認為AI機櫃 客製化晶片ASIC及網通需求將帶動鴻海營運進入另一波高峰 考量其後續營運具備多項催化因素；獲利預估=2026至2028年分別調漲8% 3%和8% ★調幅明顯小於日系外資的12.8%/23.4%/24.9% 兩家對成長斜率看法差距不小；公司展望佐證=輪值CEO蔣集恆表示新一代VR機櫃Q3量產目標不變Q4開始出貨明年將成主力產品 GB系列需求至少延續至明年 AI機櫃出貨逐季成長預期不變 Q3出貨高雙位數季增全年倍數以上成長；網通=800G以上高速交換機今年全年營收有望倍增 CPO全光交換機Q3進入量產出貨；資本支出=2024年約1363億元 2025年約1738億元 預估今年再年增超過3成 用於伺服器機櫃液冷與測試等關鍵產能；風險=券商未具名僅稱美系外資 未載報告出具日期 未揭露EPS預估絕對值本益比與評價年度400元無法回算 同日同一媒體報導的日系外資給435元兩家差距8.75%且獲利上調幅度差異達近三倍顯示外資內部對AI機櫃放量斜率分歧 FactSet共識340.79元美系400元較共識高17.4%(本系統回算) 資本支出年增逾3成折舊壓力對毛利率的稀釋原文未討論 8/13股價收262元跌2.96%利多不漲；已做個股摘要；來源ftnn 569757
2026-08-13,FactSet共識（鉅亨網速報）,外資,鴻海(2317),電子組裝-EMS/AI伺服器/機櫃,未載評等文字(22位分析師),340.79,前值330(當日連三報 320→330→340.79) 8/12 22:11報320元(21位分析師 EPS中位數17.76→17.92元) 8/13 08:10左右報330元(+3.13%) 8/13 12:10報340.79元；2026年EPS中位數由18元上修至18.22元 最高估值由20.32元升至20.8元 最低16.38元不變；2027年EPS中位數22.4元 2028年28.14元 ★2028年最高估值一口氣由26.69元拉到45.05元顯示部分機構對長線AI機櫃貢獻大幅上修；2026年營收共識中位數10.77兆元 與官股投顧預估的10.131兆元方向一致 均指向鴻海全年營收首度突破10兆元；2027/2028年營收中位數14.01/18.05兆元；歷史對照=2025年營收8.10兆元；★共識與個別外資嚴重脫節=共識340.79元 vs 日系435元 vs 美系400元 落差達17%~28% 共識更新速度落後於個別報告 法說後的上修尚未完全反映；風險=FactSet共識為多家機構彙整值非單一研究報告 無論述內文無本益比無評價基礎340.79元無法獨立驗證 2028年EPS最高45.05元最低23.03元全距近一倍長期分歧極大 目標價對照8/13收盤262元隱含空間約30%(本系統回算)但當日股價下跌2.96%市場短線並不買單；已做個股摘要；來源cnyes 6575035 + 6574237
2026-08-13,FactSet共識（鉅亨網速報）,外資,華碩(2357),電腦及週邊-PC/AI伺服器,未載評等文字(14位分析師 樂觀6 中立8 悲觀1),860,前值787.5 上調9.21%；2026年EPS上修至56.27元；最高估值1200元 最低估值640元；★目標價低於現價=共識860元 vs 8/13收盤937元 現價已高於共識中位數約9%(本系統回算) 若以共識為準短線評價已偏高；觸發事件=Q2營收獲利創單季新高EPS達25.64元 Q3營運可望再攀峰 PC與板卡業務Q3亦看增；公司自訂目標=伺服器全年營收成長目標上修至150%以上 首度海外籌資805.5億元備糧；股價=8/13強攻漲停收937元(+9.98%)成交3760張拚戰歷史高；既有序列=本系統2026/07/28已收錄本土大咖投顧一筆；風險=FactSet共識性質見鴻海該筆說明 無論述內文無本益比與評價基礎860元無法獨立驗證 ★分歧極端最高1200元最低640元全距達87.5%共識中位數代表性偏弱 ★評級結構偏保守14位中僅6位積極樂觀8位中立1位悲觀與股價漲停的市場情緒背離 805.5億元海外籌資屬股本負債結構調整短期對每股獲利有稀釋疑慮原文未討論；已做個股摘要；來源cnyes 6574895 + ctee 20260813701840
2026-08-13,法人（原文未具名）,內資,奇鋐(3017),散熱-AI伺服器水冷/均熱片,買進(維持),3890,前值未載 上修幅度不可計算；★內外資罕見同價=同日FactSet共識給3880元 兩者僅差0.26% 為近期少見的高度一致；★獲利優於預期是關鍵(營收未達標獲利卻超標)=Q2營收約491億元季增0.2%年增66% 低於市場原估的530億元 主因GB300水冷板出貨速度放緩 但毛利率升至32.57%季增2.8個百分點創單季新高 營益率27.4%季增2.9個百分點 稅後純益95.67億元 EPS 24.37元優於法人原估的22.15元；原因原文明載=水冷板良率改善加上自動化設備導入使產品成本結構明顯優化；下半年動能=Rubin平台水冷板預計9月開始量產 AWS T3水冷方案及Google T8相關產品Q4逐步放量 營運逐季走高明顯優於上半年；★最具體新增量化資訊=部分CSP ASIC採垂直供電VPD設計 晶片模組兩側均需配置水冷板 單一模組水冷產品價值量有機會超過3000元 產值甚至可能高於部分GPU散熱產品；滲透率上修=AWS ASIC水冷滲透率到2027年有機會提升至50%~70% 高於先前預估的30%；另LPU機櫃為潛在增量市場 交換器內部光收發模組密度提升後亦開始導入水冷 相關需求預計2027年起反映；上半年營收981.59億元 毛利率31.17% 稅後純益174.83億元 EPS 44.54元；股價=8/13盤中一度攻上漲停3200元改寫歷史新高 成交10569張；風險=券商未具名未載報告出具日期 未揭露EPS預估與本益比3890元評價基礎完全無法回算 未載前值上修幅度無從計算 Q2營收低於市場原估7.4%且GB300出貨放緩為已實現事實遞延量能與補回時程未量化 3890元對照收盤3200元隱含空間僅約21.6%(本系統回算)而股價已漲停創歷史新高短線已反映相當部分預期 ASIC水冷滲透率由30%上修至50%~70%為法人自行預估未提供調整依據 VPD單模組3000元價值量未說明客戶與量產時程 LPU與光模組水冷貢獻落在2027年起屬遞延題材；已做個股摘要；來源ctee 20260813700883
2026-08-13,FactSet共識（鉅亨網速報）,外資,奇鋐(3017),散熱-AI伺服器水冷/均熱片,未載評等文字(19位分析師),3880,前值未載(EPS前值100.89元)；2026年EPS中位數由100.89元上修至102.37元(+1.5%) 最高估值109.44元 最低87.78元 兩者皆未變動屬窄幅收斂而非全面上修；2027年EPS中位數148.15元 2028年186.01元 隱含2028對2026兩年成長81.7%(本系統回算)；營收共識=2026年中位數2194億元 2027年3037億元 2028年3550億元 2026年較2025年的1396億元成長約57%(本系統回算)；★與同日內資法人3890元僅差0.26% 內外資高度一致為本場次特徵之一；風險=FactSet共識性質見鴻海該筆說明 無論述內文無本益比無評價基礎3880元無法獨立驗證 目標價對照8/13收盤3200元隱含空間約21.3%(本系統回算) 在股價當日漲停創歷史新高後安全邊際明顯壓縮 2026年EPS最高109.44元最低87.78元全距24.7%個別機構分歧未消；已做個股摘要；來源cnyes 6575345
2026-08-13,法人（原文未具名）,內資,華城(1519),重電-變壓器/電力設備,正向(維持 原文未列制式評等),980,前值未載；★為重電四雄中目標價最高最受矚目者；在手訂單已突破200億元 能見度一路延伸至2029年 AI資料中心帶來的電力設備需求依舊強勁；產能=3B廠已於今年Q1正式投產並持續爬坡 台中新廠預計2027年Q3加入營運；7月營收20.5億元月增18.5%年減8.3% Q3營收達成率約26%低於原先預期 主因美國鐵路專用板車調度不足導致部分變壓器出貨向後遞延 法人認為相關訂單並未消失後續月份可望陸續補回；法人預期隨AIDC訂單逐步轉化為實際營收 加上高毛利外銷產品占比拉升 新產能陸續到位 後續營收與獲利都有改善空間 下半年整體營運仍有機會超越上半年；股價=8/13延續反彈盤中再創波段高點736元；既有序列=本系統2026/08/11已收錄摩根士丹利一筆 另查得官股法人曾給買進935元(時點早於本窗口 機構不同不宜合併)；風險=券商未具名未載報告出具日期 未給制式評等文字僅稱維持正向看法嚴格說不構成完整評等更新 未揭露EPS預估與本益比980元評價基礎完全無法回算 未載前值方向與幅度無從判斷 7月營收年減8.3%且Q3達成率僅26%低於進度為已實現負面事實 訂單並未消失後續補回屬法人推論補回時程與金額均未量化 出貨遞延主因為美國鐵路板車調度不足屬公司無法控制的外部物流變數改善時點未說明 980元對照盤中高點736元隱含空間約33%(本系統回算)但股價已在波段高檔；已做個股摘要；來源ftnn 569522 + ctee 20260813700883
2026-08-13,法人（原文未具名）,內資,中興電(1513),重電-GIS氣體絕緣開關/電力設備,維持(原文未列制式評等),181,前值未載(維持)；★訂單能見度為四雄之最=在手訂單達431億元(另一報導稱超過400億元) 能見度延伸至2030年 部分訂單更達2031年；成長引擎三線並進=既有台電強韌電網計畫持續貢獻 新增配電系統升級計畫預計2027年開始帶來進一步需求 台積電相關設備預計今年Q4啟動拉貨；7月營收24.1億元月減14.9%年增3.8% Q3營收達成率32% 工程及設備交付進度大致符合預期 先前台電拉貨遞延干擾逐步淡化下半年進入傳統交貨旺季；半年報=上半年營收140.24億元年增3.48% 毛利率27.3%較去年同期提升2.26個百分點 稅後純益22.24億元年增22.2% EPS 4.5元續創歷史同期新高 Q2單季EPS 2.56元創單季新高；公司目標=今年新增200~250億元訂單 全年營收力拚雙位數成長；★同窗口分歧=FactSet共識同日將目標價由180元上修至195元(+8.33%) 較本則181元高7.7% 兩者機構不同須分開列示不可合併；股價=8/13盤中大漲逾5%一度觸及約177元 收171元(+3.32%)；既有序列=本系統2026/08/02 FactSet共識與2026/08/11摩根士丹利各一筆；風險=券商未具名未載報告出具日期 未給制式評等文字 181元為維持而非上修訊號強度弱 未揭露EPS預估與本益比181元無法回算 7月營收月減14.9%營收動能短期轉弱 核心成長論述時點偏後(配電升級2027年 台積電設備Q4) 181元對照盤中177元隱含空間僅約2.3%(本系統回算)安全邊際幾乎不存在法人目標價已被股價追平；已做個股摘要；來源ftnn 569522 + ctee 20260813700883
2026-08-13,FactSet共識（鉅亨網速報）,外資,中興電(1513),重電-GIS氣體絕緣開關/電力設備,5位分析師 積極樂觀3 中立2 悲觀0,195,前值180 上調8.33%；最高估值214元 最低估值166元；無任何機構看空；★與同窗口內資法人181元形成7.7%分歧 且FactSet為上修內資法人為維持 方向強度不同；本次為連續第二次上修(前次曾報191元 +6.11%)；基本面支撐=上半年EPS 4.5元創歷史同期新高 在手訂單431億元能見度至2030年；風險=FactSet共識性質見鴻海該筆說明 無論述內文無EPS無本益比195元評價基礎無法獨立驗證 僅5位分析師覆蓋樣本數偏少單一機構調整即可明顯拉動中位數 最高214元最低166元全距28.9%分歧不小 195元對照8/12收盤165.5元隱含空間約17.8% 惟8/13股價已漲至171元空間壓縮至約14%(本系統回算) 共識上修時點落在股價連續走強之後屬追認型調整而非領先訊號；已做個股摘要；來源cnyes 6574443
2026-08-13,法人（原文未具名）,內資,亞力(1514),重電-配電盤/電力設備,維持(原文未列制式評等),151,前值未載(維持)；訂單結構分散=台電強韌電網 新電廠 軌道工程及AIDC同步挹注 目前在手訂單約120億元 能見度已延伸至2029年；★最值得注意的營運指標=新增接單金額持續高於出貨 代表在手訂單仍在淨增加而非消耗既有訂單；法人看好下半年營運優於上半年 隨高毛利設備出貨占比增加 產品組合改善 毛利率亦有逐步回升空間；股價=8/13盤中漲幅約2% 隨中興電領軍的重電族群同步走高；本檔為本系統首次收錄 既有序列為空；風險=券商未具名未載報告出具日期 未給制式評等文字 151元為維持而非調整訊號強度弱 未揭露EPS預估本益比與目標價對應年度151元完全無法回算 未載前值方向無從判斷 在手訂單120億元為四雄中規模最小(華城逾200億 中興電431億)規模效應與議價能力相對弱 新增接單持續高於出貨未提供具體金額或訂單出貨比B/B ratio數字無法檢核 毛利率有逐步回升空間屬定性描述未提供目前水準與回升目標；已做個股摘要；來源ftnn 569522
2026-08-13,法人（原文未具名）,內資,東元(1504),重電-馬達/機電系統/離岸風電EPC,未載評等文字,81,前值未載；★四雄中營收表現最穩健者=7月單月營收55.29億元月增4.77%年增13.81% 是唯一繳出年月雙增成績的重電廠 Q3營收達成率約31%；離岸風電EPC工程與機電系統需求支撐電力能源事業成長 今年離岸風電潛在商機估約70億元 CIP離岸風電專案將展開招標；AIDC搶單加速=今年於馬來西亞及泰國累計接單已達25億元 公司預期後續每季都有新案加入 相關專案陸續進入營收認列後2027年可望迎來高峰；下半年產業催化=台電強韌電網標案預計Q3至Q4陸續釋出；半年報=上半年EPS 1.63元；本檔為本系統首次收錄 既有序列為空；風險=券商未具名未載報告出具日期 未給制式評等文字81元無評等搭配 未揭露EPS預估與本益比81元評價基礎完全無法回算 未載前值方向與幅度無從判斷 原文自載部分專案認列進度較預期慢為已實現負面事實影響金額未量化 成長高峰被明確指向2027年投資期間偏長 馬泰AIDC接單25億元相對東元整體營收規模占比偏低 離岸風電70億元為潛在商機估值而非在手訂單且東元可取得份額未說明；已做個股摘要；來源ftnn 569522
2026-08-13,FactSet共識（鉅亨網速報）,外資,藥華藥(6446),生技製藥-罕見血液疾病用藥,未載評等文字(9位分析師),1419.84,前值未載(EPS前值24.41元)；2026年EPS中位數由24.41元上修至25.95元 最高估值30.97元(前值28.45元) 最低13.75元；2027年EPS中位數40.77元 2028年43.78元 平均值序列24.42/37.66/55.15元；營收共識=2026年中位數276.77億元 2027年396.02億元 2028年423.37億元；獲利轉折已完成=2023年稅後仍虧損6.24億元 2022年虧損13.75億元 2024年轉盈29.66億元 2025年50.45億元 2026年共識再往上；★為本場次唯一非科技類亦非AI供應鏈的個股 在高度集中於AI硬體的場次中具分散意義；本檔為本系統首次收錄 既有序列為空；風險=★目標價低於現價 共識1419.84元vs 8/13收盤1445元 現價已高於共識約1.8%(本系統回算)上檔空間為負 ★分歧極端 2026年EPS最高30.97元最低13.75元全距達2.25倍 2028年最高85.77元最低35.9元長期預估幾無共識可言 生技股個別機構模型對藥證適應症擴充與海外授權的假設差異極大 FactSet共識性質見鴻海該筆說明無論述內文無本益比1419.84元無法獨立驗證 僅9位分析師覆蓋樣本偏少 2027年EPS中位數40.77元至2028年43.78元僅小幅成長但平均值卻由37.66元跳至55.15元 中位數與平均值走勢背離顯示極端值影響顯著 股價波動劇烈近期曾有單日漲停與急跌3.78%紀錄；已做個股摘要；來源cnyes 6575157
2026-08-13,FactSet共識（鉅亨網速報）,外資,智伸科(4551),汽車／醫療精密零件,未載評等文字,239,前值240 微幅下修0.42% ★本場次唯一下修個案；★極短時間內反轉=本系統2026/08/13早盤場次才首次以240元收錄該檔(對照當時現價172.5元 隱含空間約39.1%) 同日盤後共識即微幅回落至239元 且2026年EPS預估方向由上修轉為下修至10.67元；239元對照早盤所載現價172.5元隱含空間約38.6%(本系統回算) 在本場次各檔中仍屬偏高；產業定位=汽車醫療精密零件 為本場次少數非AI主線標的；★檔案提醒=本場次個股摘要因同名覆蓋早盤版本 已改名為260813_FactSet共識_智伸科4551_盤後.docx 早盤版240元之內容(隱含空間39.1%)已完整併入盤後版論點與風險段落 資料未遺失；風險=FactSet共識性質見鴻海該筆說明 無評等文字無論述內文無本益比239元完全無法驗證 ★目標價微降0.42%幅度極小本身不構成方向性訊號 真正需注意的是EPS預估由上修轉為下修 獲利面的方向改變通常領先評價調整 既有序列僅早盤一筆無法判斷此為長期趨勢反轉或短期雜訊 本場次未在任何新聞來源找到對應個股報導無法交叉佐證下修原因 ★建議處置=由待觀察進一步降級 在出現具論述的研究報告前不宜視為可操作訊號；已做個股摘要；來源cnyes 6575156 + 6575035
2026-08-13,－(重複 8/13早盤已收錄同一報告),外資,台鏈多檔(花旗產業報告),半導體／載板／CCL／PCB／ODM／ASIC,看好(未逐檔給目標價),未給,本場次查核紀錄 非新觀點 不另建摘要；FTNN 8/13 17:23稿(569542)為本系統8/13早盤已收錄之花旗台灣電子與半導體產業報告的改寫重刊 判定不重複計列；★但本則補充了早盤版所無的個股層級偏好 價值高=ABF載板明確看好南電(8046)與欣興(3037) 原文載隨Q3起AI晶片陸續進入量產不只出貨量增加報價也存在進一步上調空間形成量價齊揚想像；CCL供需吃緊台光電(2383)有機會率先啟動新一波漲價台燿(6274)則可能跟進；PCB面臨CCL成本上升壓力 若金像電(2368) 健鼎(3044)能透過產品組合改善成本控制有效消化原料漲價衝擊 股價拉回反而可能提供布局機會；ODM隨GB300維持強勁出貨加上VR NVL72進入初步量產 鴻海(2317) 緯創(3231)及廣達(2382)營運有望逐季改善；★ASIC鏈為新增段落=隨Trainium 3進入量產 世芯-KY(3661)營運表現突出 相關需求亦可望向外擴散 包括緯穎(6669) 智邦(2345) 金像電與台燿都被花旗看好具備強勁成長動能；散熱電源=規格升級周期延續 散熱電源及上游材料業者可望受惠平均售價提升 其中順達(3211)有BBU備援電池需求強勁支撐；量化依據=台積電7月營收月增6%年增45% 日月光投控7月營收月增12%年增43% 瑞昱(2379) 聯詠(3034)等IC設計7月營運優於預期；風險=全數個股未給目標價與正式評等代碼不構成可操作評等更新僅為產業方向性偏好 原文自載即使非AI終端市場相對疲弱 金像電健鼎的買進建議附帶條件句非無條件推薦 花旗未提供個股相對排序；來源ftnn 569542
2026-08-13,－(重複 8/12早盤已收錄同組數字),內資,鴻海(2317),電子組裝-EMS/AI伺服器/機櫃,買進(維持),350,本場次查核紀錄 非新觀點 不另建摘要；FTNN 8/13 10:00稿(569518)載官股投顧給予買進評等及350元目標價 與本系統2026/08/12早盤已收錄之官股金控投顧買進350元完全撞號 判定重刊 不重複計列；★本則補充的可量化數據價值高 直接補齊既有紀錄的評價缺口=預估鴻海全年營收將首度突破10兆元達10.131兆元 今明兩年每股稅後純益分別上看18.29元 22.01元 並納入8月投資組合；此EPS序列與同日FactSet共識2026年18.22元幾乎一致 顯示官股投顧模型貼近市場共識 與日系外資2027年25.57元的樂觀假設形成對照(FactSet 2027年中位數僅22.4元)；風險=350元對照8/13收盤262元隱含空間約33.6%(本系統回算) 但明顯低於日系435元與美系400元 官股投顧為本波最保守的多方 未載目標價前值；來源ftnn 569518
2026-08-13,－(有見報但無評等無目標價 不計列),內資,健策(3653),散熱-均熱片/散熱模組,無評等,無目標價,本場次背景紀錄 非券商評等 不另建摘要；法人(未具名)看好但完全未給評等與目標價；財報=Q2營收72.75億元季增37.12%年增40.40% 毛利率一舉拉升至46.81%改寫歷史新高 稅後純益23.18億元 EPS 15.80元一季賺超過一個半股本；上半年營收125.80億元年增26.64% 毛利率44.69% 稅後純益37.17億元 EPS 25.33元 寫下歷年同期最佳；獲利躍升關鍵=受惠NVIDIA B300平台持續放量加上Rubin平台相關均熱片出貨成長 高毛利產品占營收比重進一步提高 同時產品漲價效益逐步發酵；法人看好Q3營收毛利率與獲利都有機會再次挑戰歷史新高；★2027年成長動能=市場預期NVIDIA下一代Rubin Ultra平台最快可望於2027年Q2開始出貨 時間較原先預期提前 隨GPU功耗進一步提高 新一代均熱片產品單價甚至有望較目前Rubin平台提升超過一倍；風險=完全無評等文字與目標價不構成可操作訊號 法人未具名 未載報告出具日期 Rubin Ultra時程與單價提升逾一倍皆為市場預期非公司或券商正式指引；來源ftnn 569538
2026-08-13,－(公司法說自述 非券商觀點),－,聯亞(3081),光通訊-雷射磊晶/精密光學,無評等,無目標價,本場次背景紀錄 非券商觀點 不另建摘要；8/12法說=Q2營收12.21億元季增35%年增121% 稅後純益4.68億元季增48%年增384% 單季EPS 4.62元創單季獲利歷史新高 毛利率57.45%(去年同期43.33%) 營益率46.89%(去年同期26.95%)；上半年營收21.26億元年增111% 營業利益9.46億元年增388% 稅後純益7.86億元年增465% EPS 7.75元；精密光學產品占整體營收約85%~90%主要來自雷射產品 1.6T產品已正式進入量產階段；公司強調獲利率走高並非單純依靠產品漲價 而是產品組合 良率 價格及產能利用率等多項因素共同推動；擴產=依客戶未來3至5年需求預測規畫資本支出 目標將折舊費用占營收比重控制在8%~10%以下；客戶=產品最終應用已涵蓋美國及中國主要雲端服務供應商CSP；風險=全篇為公司自述無任何券商評等或目標價 不計列 聯亞8/13另因交易異常被列為證交所注意股；來源ftnn 569535 + udn 9687655
2026-08-13,－(近24小時無新券商觀點),－,萬潤(6187),半導體-封裝自動化設備(自選股),無新評等,無新目標價,自選股本場次追蹤紀錄 非券商新觀點 不另建摘要；經多來源交叉查核確認2026/08/13 08:30至19:10無任何新券商報告評等或目標價見報；查核來源=鉅亨網外資評等表(最新評等日仍停在20260812 該批7檔為8/13早盤已收錄 本場次無20260813新增) 鉅亨網FactSet速報系列(本場次可見奇鋐 鴻海 華碩 中興電 藥華藥 智伸科 微星等 均無6187) 工商時報即時證券列表(已更新至8/13 18:49) 工商時報證券首頁 上市櫃分類頁 盤中焦點股 台股雷達 FTNN財經焦點新聞列表(已更新至8/13 19:00) 旺得富上市櫃列表 經濟日報證券頻道 另加WebSearch；★重要觀察=8/10公布Q2 EPS 8.50元創單季新高後 已連續六個場次(8/11早盤 8/11盤後 8/12早盤 8/12盤後 8/13早盤 8/13盤後)無券商模型更新見報 且8/12亮燈漲停收1155元後隔日亦無對應報告 屬純籌碼題材面推升 建議維持每日一次確認的監控節奏 不必每場次列為第一優先 但維持追蹤不中斷；既有紀錄維持不變=高盛證券買進1550元(2026/07/10由1650元下修6.1%) 美銀證券初評買進1500元(2026/07/27 2026/2027/2028年EPS估26.46/41.82/53.34元)；其他可見券商觀點全部早於窗口=大摩1280→1580(2026/05/31) 瑞銀1550 高盛1800 摩根大通1450 富邦800(EPS 20.62 隱含本益比約38~40倍)；來源cnyes ratediff + cnyes FactSet速報系列 + ctee livenews stock + ftnn category6 + wantrich newslist + money cate5590 + WebSearch
2026-08-14,花旗環球證券（Citi 具名）,外資,國巨*(2327),被動元件－MLCC／鉭質電容／電阻／磁性元件,買進（重申）,1450,前值1450（本系統2026/07/30已收錄花旗同一價位 本次為維持而非調整）；★本場次唯一具名外資且唯一具完整論述者；逐字=外資花旗證券指出 國巨7月營收創下歷史新高 反映積層陶瓷電容MLCC價格調漲效益開始浮現；產能=標準品與特殊品的產能利用率已超過90%；★訂單面關鍵數字=訂單出貨比達2.2倍 預示第3季將出現量價齊揚的乘數效應 為本則最具可驗證性的量化依據；結構性題材逐字=客戶對簽署高價長期供貨合約興趣日濃 為國巨下半年及未來提供了進一步的結構性上行空間；評價立場（既有紀錄）=花旗曾指2027年本益比約22倍遠低於全球同業平均32倍 基本面未轉弱 股價回落主因為籌碼面與去槓桿；對照現價=8/13收盤662元當日亮燈漲停 隱含上漲空間達1.19倍（原文載）；籌碼=8/13湧進兩萬張漲停買單 投信連四買 外資也回頭轉買；★內外資落差=本系統既有紀錄載本土法人給688元（8/07與8/11兩度收錄）與花旗1450元落差達1.1倍 為近月台股最大內外資評價分歧之一；花旗序列=1500(7/24)→1500(7/28重申)→1450(7/30下修3.3%)→1450(8/13重申)；風險=目標價1450元並非新數字僅為重申 若只看標題易誤讀為新一輪上調 未揭露EPS預估與目標價對應年度1450元評價基礎無法回算 隱含漲幅1.19倍屬極端樂觀值 外資目標價自7月高點以來已由1500元逐步下修模型並非全無鬆動 訂單出貨比2.2倍為7/29法說既有揭露數字非本次新增原文未標時點 客戶對長約興趣日濃屬定性描述未提供已簽約金額客戶名稱或合約年限 MLCC漲價效益延續性取決於下游庫存回補節奏原文僅討論上檔 8/13已亮燈漲停短線已反映相當部分預期 本則為新聞轉述券商報告非報告原文未載報告出具日期；已做個股摘要；來源udn 9689796 + udn 9689792
2026-08-14,FactSet共識（鉅亨網速報）,外資,玉晶光(3406),光電－手機光學鏡頭／光學元件,原文未載評等文字（5位分析師 樂觀2 中立2 悲觀1）,655,前值518 調升幅度26.45%；★本場次唯一確實落在掃描窗口內（8/13 19:10之後 見報8/13 22:10）的新觀點 亦為單次上修幅度最大者；估值全距=最高700元 最低410元（全距約70.7%）；對照現價=8/13收盤629元當日+8.82% 隱含上漲空間僅約4.1%（本系統回算）為本場次各檔最低；股價動能=近5日上漲14.99% 光電業同期+1.67% 加權指數+3.66% 明顯優於大盤 8/13盤中曾攻上漲停635元成交5720張；本檔為本系統首次收錄 既有序列為空；★風險=安全邊際已幾乎用盡 上修幅度雖大但可操作空間反而最小 FactSet共識為多家機構彙整值非單一研究報告無論述內文無EPS揭露無本益比655元完全無法獨立驗證 估值全距達70.7%中位數代表性偏弱且僅5位分析師覆蓋單一機構調整即可大幅拉動中位數 評等結構偏保守（樂觀僅2位悲觀1位）與股價漲停的市場情緒背離 共識上修時點落在股價連續走強之後屬追認型調整非領先訊號 既有序列為空無法判斷是趨勢反轉或短期雜訊 本場次未在任何新聞來源找到對應個股研究報導無法交叉佐證上修原因 光學鏡頭族群獲利高度受單一大客戶新機種規格與良率影響季節性波動大；★建議處置=在出現具論述的研究報告前列為待觀察而非可操作訊號；已做個股摘要；來源cnyes 6576068
2026-08-14,FactSet共識（鉅亨網速報）,外資,上銀(2049),機械－傳動元件（線性滑軌／滾珠螺桿）,原文未載評等文字（18位分析師 樂觀12 中立4 悲觀2）,415.5,前值390 調升幅度6.54%；★補收錄=見報8/13 16:10 落在8/13盤後場次窗口內卻未被收錄 屬前一場次覆蓋缺口 已於本場次補齊；估值全距=最高478元 最低160元；對照現價=8/13收盤381元當日+3.25% 隱含上漲空間約9.1%（本系統回算）；★覆蓋家數最多且評等結構最偏多的一檔=18位中積極樂觀12位占67% 僅2位保守悲觀；同日連續兩報=8/13稍早FactSet速報載EPS上修至9.06元目標價395元 16:10再上修至415.5元 單日連二升；產業背景（既有紀錄）=高盛台灣考察指出AI與資料中心需求使全球工業自動化供需緊繃 上銀7月合併營收26.81億元月增5%年增33.9%連5個月年月雙增並創2022/8以來新高 線性滑軌交期由去年底3個月全面拉長；內外資對照=本土法人8/08給460元較本次外資共識415.5元高約10.7%；風險=FactSet共識性質見既有說明無論述內文無本益比415.5元無法獨立驗證 ★估值全距極端最高478元最低160元為近3倍個別機構長期獲利假設幾無共識 隱含空間僅9.1%在評等結構高度偏多下偏低評等強度與上檔空間不匹配 共識上修時點落在股價當日大漲3.25%之後屬追認型調整 上銀近5日僅漲1.1%落後電機機械類股3.88%與大盤2.03%相對強度偏弱與偏多評等結構背離 工具機與傳動元件為典型景氣循環股共識在循環轉折點預測準確度歷來偏低；已做個股摘要；來源cnyes 6575343 + 6574449
2026-08-14,FactSet共識（鉅亨網速報）,外資,群聯(8299),半導體－記憶體控制IC／儲存模組,原文未載評等文字（13位分析師）,2998,原文未載前值 方向無法判斷；★補收錄=見報8/13 14:10 落在8/13盤後場次窗口內卻未被收錄 屬前一場次覆蓋缺口；2026年EPS共識中位數由340.55元上修至359.86元（+5.67%）最高454.27元（前值410.06）最低213.52元未變 平均343.04元（前值333.63）；2027/2028年EPS中位數249.84元／136.82元 最高589.42／646.88元 最低127.58／55.93元；營收共識=2026年中位數2410.8億元 2027年2897.1億元 2028年2101.5億元（歷史2025年726.6億元）；對照現價=8/13收盤2280元當日+3.17% 隱含上漲空間約31.5%（本系統回算）；同日實績佐證=群聯8/13法說公布Q2 EPS 118.57元創單季新高 上半年EPS 187.43元締新猷 擬每股配發60元現金股利 營業利益暴增10倍；★共識明顯落後於實績=上半年EPS已達187.43元而全年共識中位數僅359.86元 隱含下半年僅需再賺約172元即達標 共識假設偏保守後續仍有上修空間；指數面=MSCI 8/13季調將群聯納入全球標準指數成分股 8/31收盤生效；風險=FactSet共識性質見既有說明無評等文字無論述內文無本益比2998元完全無法獨立驗證 ★長期預估分歧近乎無共識2026年EPS最高454.27元最低213.52元全距2.1倍 2028年最高646.88元最低55.93元全距11.6倍 ★獲利軌跡呈倒V=EPS中位數2026年359.86元→2027年249.84元→2028年136.82元逐年大幅衰退 營收中位數亦於2028年回落 共識隱含的是這是一次循環高峰而非結構性成長 2998元須放在此前提下解讀 中位數與平均值走勢背離顯示極端值影響顯著 記憶體為典型高波動循環產業本波漲價紅利持續性未在共識資料中拆解 原文未載目標價前值無法判斷是本次調整值或長期未更新舊值；已做個股摘要；來源cnyes 6575155 + 6575798 + udn 9689746
2026-08-14,－(公司法說自述 非券商觀點),－,嘉澤(3533),電子零組件－連接器,無評等,無目標價,本場次背景紀錄 非券商觀點 不另建摘要；8/13法說（發言人蔡明叡）=本季業績持平第2季 隨新產品SOCAMM進入量產 快接頭QD業務也開始突破 訂單持續增加 加上工廠擴產 以及英特爾與超微伺服器新平台第4季量產 2027年展望樂觀；財報=Q2稅後純益19.84億元季減17.1%年增164.8% EPS 17.67元 上半年稅後純益43.80億元年增44.8% EPS 39.04元；★毛利率轉弱為關鍵負面=Q2毛利率45.47%季減4.08個百分點年減5.53個百分點 主因去年低價採購原材料已於首季消化完畢 目前必須反映當前原材料市價 需等油價回穩與2027年伺服器新平台放量後才會改善 8/13股價遭摜殺至跌停；產品營收比重=伺服器55.36% 桌機14.46% 筆電8.2% 策略客戶7.68% 車用7.63% 嘉基4.31% 工控醫療2.35%；QD進度=7月進入量產當月營收占比約1% 下半年有機會提高到2%至3% 明年貢獻尚無法提供明確預估；風險=全篇為公司自述無任何券商評等或目標價 不計列；來源udn 9690129 + 9689572
2026-08-14,－(公司法說自述 非券商觀點),－,東元(1504),重電－馬達／機電系統／離岸風電EPC,無評等,無目標價,本場次背景紀錄 非券商觀點 不另建摘要；8/13法說（總經理高飛鳶）=下半年四大事業體營收可望全數躍升 其中機電系統與電力能源表現將比上半年更上一層樓 毛利率維持高檔；AIDC布局=美國大馬達前七月接單年增近三成 吉隆坡模組化資料中心MDC驗證預計Q4完成 檳城匯流排廠首批AIDC應用設備預計9月底出貨 泰國光纖網通專案預估年底前挹注營收（主攻北美CSP）並籌備設立子公司；新興綠能=澳洲光儲工程Q4併網營運 已鎖定半導體客戶簽署30MW綠電長期供電合約 啟動印尼廠建置爭取北美變壓器缺口 電動車已斬獲特殊礦卡動力系統樣機訂單 重載型無人機模組進入北美農用與物流實機測試；前7月太陽能與儲能工程接單量呈倍數成長 擴建湖口配電盤與觀音GIS產能 啟動中國無錫新廠；財報=Q2毛利率25.13%季增1.65個百分點 淨利26.35億元創單季新高季增121.82%年增80.7% EPS 1.12元 上半年EPS 1.63元；對照既有紀錄=本系統2026/08/13盤後已收錄法人（未具名）東元目標價81元 本則為公司法說自述可作為該筆的營運面補充；風險=全篇為公司自述無券商評等與目標價 不計列；來源udn 9690208 + 9689658
2026-08-14,統一投顧董事長黎方國＋群益投顧董事長蔡明彥＋台新投顧總經理黃文清（均具名）,內資,12檔人氣股(多檔),市場－大盤觀點與選股,無個股評等,無個股目標價,本場次背景紀錄 無個股目標價 不另建摘要；黎方國與蔡明彥逐字=美國通膨壓力縮減 人工智慧AI供應鏈財報持續繳出亮麗成績單 提振市場信心 台股挾基本面題材面等利多 可望延續震盪盤高格局 但應密切關注外資期貨空單變化 審慎靈活操作；黃文清逐字=隨AI基建泡沫疑慮逐漸淡化 資金去槓桿告一段落 科技股重掌主導權 帶動台股接連站回短期中期均線 研判法人買超融資增加的強勢人氣股 在爆量收長黑K並跌破支撐前 仍將吸引短線買盤關注；篩選條件=法人近五日買超逾1000張＋7月31日以來融資增加＋本周股價表現優於大盤；名單12檔=宏致 奇鋐 大成鋼 南亞科 欣銓 偉詮電 聯發科 技嘉 聯鈞 世芯-KY 台橡 世界 昨日漲幅達2.1%至9.9%不等；ASIC觀察=聯發科8/13漲5.2%收4225元創本波反彈新高 世芯-KY漲3.3%收4190元 外資連日回補扮演重要推手；風險=全數個股無目標價與評等 為投顧人物盤勢觀點非研究報告 篩選為技術面與籌碼面條件非基本面評價 原文自載應密切關注外資期貨空單變化；來源udn 9690122
2026-08-14,－(近24小時無新券商觀點),－,萬潤(6187),半導體－封裝自動化設備(自選股),無新評等,無新目標價,自選股本場次追蹤紀錄 非券商新觀點 不另建摘要；經多來源交叉查核確認2026/08/13 19:10至08/14 08:10無任何新券商報告評等或目標價見報；查核來源=鉅亨網外資評等表ratediff（評等日仍停在20260812 該批7檔早已收錄 本場次零新增）鉅亨網FactSet速報tw_forecast（最新一則為8/13 22:10玉晶光 該則之後無新稿 已確認為該分類目前最新）工商時報即時證券列表（快取停在8/13 18:49）工商時報證券首頁（快取停在8/13早盤稿）FTNN財經分類列表（快取停在8/13 08:15）經濟日報證券頻道（已更新至8/14 06:39 無萬潤稿）另加WebSearch；★重要觀察=8/10公布Q2 EPS 8.50元創單季新高後 已連續七個場次（8/11早盤 8/11盤後 8/12早盤 8/12盤後 8/13早盤 8/13盤後 8/14早盤）無券商模型更新見報 8/12亮燈漲停收1155元後亦無對應報告 屬純籌碼題材面推升 建議維持每日一次確認的監控節奏 不必每場次列為第一優先 但維持追蹤不中斷；既有紀錄維持不變=高盛證券買進1550元（2026/07/10由1650元下修6.1%）美銀證券初評買進1500元（2026/07/27 2026/2027/2028年EPS估26.46/41.82/53.34元）；其他可見券商觀點全部早於窗口=大摩1280→1580(2026/05/31) 瑞銀1550 高盛1800 摩根大通1450 富邦800；來源cnyes ratediff + cnyes tw_forecast + ctee livenews stock + ctee stock + ftnn category6 + money udn cate5590 + WebSearch
2026-08-14,美系外資（原文未具名）,外資,世芯-KY(3661),半導體－IC 設計服務／AI ASIC,加碼（維持）,5088,★本場次唯一具體個股評等的外資研究報告稿件；前值未載 調整方向無從判斷；核心=3奈米專案快速放量 出貨自6、7月起升溫 8月進入出貨高峰 全年3奈米營收目標超過15億美元 隨Trainium 3統包業務放量 Q3營收估季增逾250% 惟受統包產品組合影響毛利率估降至18%；★最具體新增量化=Trainium 4於2028年估貢獻約40億美元營收 出貨約40萬顆ASP超過1萬美元 相較先前估50萬顆ASP約8000美元 反映單顆價值提升而非放量；產能已提前預留 Trainium 4最快2027年Q4量產；2奈米2026年底tape-out 2027年Q4量產；中國=理想汽車ADAS晶片已出貨 中國Arm CPU客戶(含HJ Micro)估年逾1億美元營收 採台積電5奈米；CPO=擔任Compute Die設計服務商可直接掌握Trainium導入CPO進度；風險=券商未具名無法比對序列 未載出具日期與目標價前值 未揭露EPS本益比與評價年度5088元無法回算 毛利率降至18%與營收季增250%同時發生獲利未必等比放大 原文自載競爭風險須因應Marvell高通創意聯發科 Trainium 3與4世代交替可能出現營收空窗 出口管制須將供中CPU晶粒控制在300平方毫米內 本則為新聞轉述非報告原文；已做個股摘要；來源ctee 20260814700736
2026-08-14,富邦投顧（具名）,內資,群聯(8299),半導體－記憶體控制IC／儲存模組,買進（維持）,2730(前值3145),★本場次最重要個案之一 財報優於預期卻下修目標價；下修幅度13.20%(本系統回算)；下修理由逐字=以反映市場評價向下修正之現況 調整的是評價倍數非獲利預估；★關鍵轉折=第3季NAND平均漲幅將由上季5成多快速縮窄至1-2成 預估毛利率由Q2的65.3%降至56.7%(單季掉8.6個百分點)；Q2實績優於預期=營收678.88億元季增65.7%年增279.5% 毛利率65.3%季增4個百分點 稅後淨利262.17億元 EPS 120.54元(註:公司公告版EPS為118.57元 兩數字不一致 應為投顧採用加權股數不同 引用前須查證)；7月營收271.62億元月增9.3%年增377.6% 預料8-9月營收還有向上空間；EPS估2026年418元 2027年420元 以2730元對2026年EPS回算本益比約6.5倍(本系統回算)；多方=eSSD擴張 PC與手機AI化 2027年NAND Flash銷售估年增約3成；★原文自載最重要下檔風險=2027年下半年價格約跌2-3成 與2027年EPS 420元的一致性原文未說明；2730元對照8/14盤中最高2325元隱含空間約17.4%(本系統回算) 惟股價自7月底低點1445元起兩週漲幅逼近六成；籌碼轉弱=8/13法說當天外資反賣超332張 借券賣出餘額8/13單日增307張 較7/30增1026張；8/14開高2325元後盤中一度重挫逾7%至2095元；來源wantrich 20260814900147 + ctee 20260814700792
2026-08-14,凱基投顧（具名）,內資,群聯(8299),半導體－記憶體控制IC／儲存模組,增加持股（維持）,2750,★與富邦同日同檔 目標價僅差20元(0.73%)但推導路徑完全相反 為本場次最值得對照閱讀的一組；凱基看多三理由=(1)企業級TLC SSD需求強勁 (2)除長江存儲外其餘原廠對新增NAND產能均無明確投資時程 (3)三星與SK海力士韓國廠區DRAM與NAND產能具轉換彈性；結論=2027年NAND維持供需偏緊 報價可望持平於高檔 群聯ASP與營收亦維持高檔；★毛利率看法與富邦分歧=即使低價庫存耗盡 隨eSSD占比提升毛利率仍可維持在過去約30%以上水準 估2026-2027年毛利率各63.4%、47.5%；EPS估2026年388.9元 2027年298.6元 自載約8倍本益比 以2750元對2027年EPS回算約9.2倍(本系統回算)；★與富邦實質差距在2027年=富邦估420元 凱基估298.6元 差距達40%(本系統回算) 兩家對2027年NAND價格是持平高檔還是跌2-3成的假設完全相反 目標價卻幾乎相同；公司佐證=8/13法說潘健成看好NAND供需吃緊延續多年 新產能從投資到量產需數年；風險=增加持股非標準買進評等訊號強度弱 且為維持非調升 原文未載目標價前值 ★獲利軌跡自身下滑EPS由388.9元降至298.6元(-23.2% 本系統回算) 與看好報價持平高檔的內部一致性未說明 毛利率兩年降近16個百分點 維持30%以上設定的是很低底線 原廠擴產決策可隨時改變 2750元對照8/14盤中最高2325元隱含空間約18.3%(本系統回算)；來源wantrich 20260814900147
2026-08-14,美系外資（原文未具名）,外資,嘉澤(3533),電子零組件－連接器,買進（維持）,2500(前值3000),★本場次訊號最一致的一組(美日歐三家外資同日同方向下調 全部維持買進 屬降價不降評)；下修幅度16.67%(本系統回算)；理由=Q2毛利率受原物料成本上升及新產品處於學習曲線階段不利影響；★關鍵供應鏈觀察=伺服器ODM廠似乎面臨記憶體PCB CPU等組件短缺 公司預計新伺服器平台所需新款CPU插槽出貨量顯著提升將推遲 將對2026年下半年毛利率產生負面影響；惟仍看好2026/2027年通用型伺服器產業整體成長 認為新平台出貨量顯著成長將推動2027年業務；獲利預估下修14%/5%/7%(2026/2027/2028年)；共同觸發=Q2及上半年財報低於法人預期 上半年營業毛利89.72億元年增8.78% 合併毛利率47.48%年減3.74個百分點 營業淨利48.11億元年減4.71% 營益率25.46%年減5.9個百分點；★獲利與毛利率背離=上半年稅後盈餘43.81億元年增44.83% EPS 39.04元 獲利大增同時本業營業淨利卻年減 成長來自營業外項目；7月營收33.69億元年增18.6%創單月新高 前7月222.8億元年增17.44%；風險=券商未具名 未載出具日期 未揭露EPS絕對值本益比與評價年度僅能取得下修幅度 毛利率壓力為已實現事實(Q2毛利率45.47%季減4.08年減5.53個百分點) ★公司自述須等油價回穩與2027年新平台放量毛利率才改善 投資期間至少拉長一年 CPU插槽推遲時程與影響金額均未量化 維持買進但大砍目標價訊號矛盾後續降評風險高於升評 原文載三家報告使股價連兩天走低；已做個股摘要；來源chinatimes 20260814001772
2026-08-14,歐系外資（原文未具名）,外資,嘉澤(3533),電子零組件－連接器,買進（維持）,2650(前值3080),三家同步下調之一；下修幅度13.96%(本系統回算)；★三家中獲利下修幅度最小者(每股盈餘預估下修4%~10%) 顯示歐系對毛利率逆風持續性看法最溫和 惟原文完全未提供其論述內容；維持買進評等；共同觸發事件與財報數字同美系該筆；風險=券商未具名 未載出具日期 未揭露EPS絕對值本益比與評價年度2650元無法回算 論述內容為零本則資訊完整度最低 維持買進但砍目標價13.96%訊號矛盾；已做個股摘要；來源chinatimes 20260814001772
2026-08-14,日系外資（原文未具名）,外資,嘉澤(3533),電子零組件－連接器,買進（維持）,2850(前值3533),三家同步下調之一；★下修金額與比例皆為三家最大 幅度19.33%(本系統回算)；每股盈餘預估下修21%~27% 遠高於美系的14%/5%/7%與歐系的4%~10% 三家對毛利率壓力持續多久的判斷差距達5倍以上；維持買進評等；前值3533元恰與股票代號同數字 屬巧合但抄錄易誤植 已再次核對原文確認；共同觸發事件與財報數字同美系該筆；風險=券商未具名 未載出具日期 未揭露EPS絕對值本益比與評價年度2850元無法回算 論述內容原文未提供 下修21%~27%為三家最悲觀 若其判斷正確則美系與歐系仍有續砍空間；已做個股摘要；來源chinatimes 20260814001772
2026-08-14,統一投顧（總經理廖婉婷，具名）,內資,金像電(2368),PCB／印刷電路板,買進（維持目標價）,1700,★補收錄=見報2026/08/14 05:01 落在8/14早盤場次窗口內卻未被收錄 屬前一場次覆蓋缺口 已於本場次補齊；統一投顧PCB月報最推首選=HLC製程能力最強 ASIC AI訂單滿手 目標價1700元為本次月報最高；7月泰國廠新產能挹注下營收突破百億元月增21.31%創新高 明顯優於預期；★內外資高度收斂=大摩8/12給1660元(優於大盤 維持) FactSet共識8/13給1695元 統一投顧1700元 三者落差不到2.5% 為近期少見內外資共識一致個股；報告背景=PCB中下游7月營收平均月增14.1%優於預期 主因AWS Trn3加速出貨 800G Switch需求強勁 代理AI架構使通用Server需求超乎預期 Google TPUv8開始放量；Q3展望=PCB下游營收季增率可達15%~20% 8月營收預期月增3%~6%；風險=1700元為維持而非調升訊號強度弱 未揭露EPS與本益比無法回算 原文自載CCL等原物料下半年仍有續漲壓力且成本轉嫁存在時間差 泰國廠新產能爬坡良率與稼動率風險原文未討論；已做個股摘要；來源wantrich 20260814900004
2026-08-14,統一投顧（總經理廖婉婷，具名）,內資,健鼎(3044),PCB／印刷電路板,買進,660,★補收錄(見報8/14 05:01 屬8/14早盤場次覆蓋缺口)；統一投顧PCB月報買進名單 目標價660元；主攻通用Server並有記憶體板 且已針對原物料上漲反應價格 屬能轉嫁成本的一方；7月營收月增22.74%創歷史新高 為本次月報中月增幅度最高者之一；★與外資落差極小=FactSet共識8/13給646元(強力買進 前值617.5元) 統一投顧660元僅高2.2%；風險=原文未載目標價前值無法判斷調升維持或下修 未揭露EPS與本益比660元無法回算 針對原物料反應價格為定性描述未提供漲價幅度生效時點或客戶接受度 通用Server屬代理AI架構的間接受惠 動能持續性低於直接的ASIC AI板 原文自載CCL原物料續漲與成本轉嫁時間差；已做個股摘要；來源wantrich 20260814900004
2026-08-14,統一投顧（總經理廖婉婷，具名）,內資,尖點(8021),PCB／印刷電路板,買進,600,★補收錄(見報8/14 05:01 屬8/14早盤場次覆蓋缺口)；統一投顧PCB月報買進名單 目標價600元；論述主軸=HLC高階PCB製程放量直接誘發鑽針耗材需求 屬賣鏟子的間接受惠模式；原文載獲利三級跳 為本次月報中對獲利成長描述最強烈的一檔；★與本系統既有紀錄完全撞號=2026/07/23已收錄本土老牌投顧買進600元(2026-28年EPS估9.9/20/34.6元 2027年×30倍PE) 研判為同一家的延續 目標價三週未動；風險=600元為維持且已維持三週未調整 本次不構成新方向性訊號 本則未重新揭露EPS與本益比須沿用7/23紀錄假設 該假設是否仍成立原文未交代 鑽針為耗材單價低議價能力弱於板廠本身 需求落後於板廠產能開出時點 原文對尖點著墨僅一句 資訊完整度為5檔買進名單中最低；已做個股摘要；來源wantrich 20260814900004
2026-08-14,統一投顧（總經理廖婉婷，具名）,內資,博智(8155),PCB／印刷電路板,買進,500,★補收錄(見報8/14 05:01 屬8/14早盤場次覆蓋缺口)；本檔為本系統首次收錄 既有序列為空；統一投顧PCB月報買進名單 目標價500元；與健鼎並列為通用SERVER受惠股 7月營收月增3.41%同創歷史新高；風險=★7月營收月增僅3.41% 是本次月報點名5檔中月增幅度最低者 與健鼎22.74%金像電21.31%差距懸殊 創新高主要來自基期而非動能 原文未載目標價前值 未揭露EPS與本益比500元無法回算 既有序列為空無法判斷此為趨勢起點或單次覆蓋 原文對博智著墨極少僅與健鼎併列一句 原文自載CCL原物料續漲與成本轉嫁時間差；已做個股摘要；來源wantrich 20260814900004
2026-08-14,統一投顧（總經理廖婉婷，具名）,內資,華通(2313),PCB／印刷電路板,買進,320,★補收錄(見報8/14 05:01 屬8/14早盤場次覆蓋缺口)；統一投顧PCB月報買進名單 目標價320元；動能=受惠下半年至明年衛星與光模塊訂單大幅成長 屬本次月報中少數非AI伺服器主線標的；★本系統既有序列可完整比對=龍頭券商旗下投顧7/22給256元→本土法人7/26給315元→金控龍頭旗下投顧7/29給324元→本次統一投顧8/14給320元 目標價自7月底起已在320元附近盤整三週 上修動能明顯放緩 與7/29的324元相比實為小幅回落 方向偏中性偏弱；風險=★7月營收低於預期為已實現事實(原文載 與高技同為12檔中僅有的兩家未達標者) 主因Apple iPhone新機遞延拉貨 8月將明顯轉強為預期而非實績 原文未載目標價前值 未揭露EPS與本益比320元無法回算 動能高度依賴單一客戶Apple新機與SpaceX衛星訂單 兩者時程皆非華通可控；已做個股摘要；來源wantrich 20260814900004
2026-08-14,統一投顧（總經理廖婉婷，具名）,內資,定穎投控(3715),PCB／印刷電路板,中立（由買進降評）,150／130（原文兩處數字不一致，待確認）,★本場次唯一降評個案 亦為唯一價評雙砍(同時砍評等與砍目標價) 訊號強度遠高於單純目標價調整 建議列為最優先注意；★補收錄(見報8/14 05:01 屬8/14早盤場次覆蓋缺口)；本檔為本系統首次收錄 既有序列為空；評等由買進降至中立；降評三理由原文明列=(1)Q2毛利率降至14% 加計匯兌損失後單季每股虧損0.81元 明顯低於原估的虧損0.46元 (2)泰國廠AI高階產品因量產前最終版本需重新送樣驗證 量產放量時程由Q3遞延至Q4 滿載及單季損平時點同步順延至明年首季 (3)CCL等原物料下半年仍有續漲壓力 且成本轉嫁存在時間差 預期毛利率回升幅度有限；★獲利預估大幅下修=2026年EPS由5.42元砍為每股虧損0.4元(由盈轉虧) 2027年EPS自原估15.11元降至6.47元 縮水57%；報告仍保留的多方觀點=AI PCB高階產能仍屬稀缺 具備產能規模且製程能力跟上的板廠長線仍有機會重新切入供應鏈；★可作為PCB族群分水嶺參考=同一份月報中能吃到ASIC AI訂單(金像電)與能轉嫁成本(健鼎)者獲買進 製程驗證卡關又無法轉嫁成本者遭降評 訂單能見度與成本轉嫁能力是本波PCB選股的兩把尺；★風險與待確認=原文標題與導言載目標價砍至150元 內文則載目標價也下修為130元 同一篇報導出現兩個數字 本系統一律標註待確認 引用前務必查閱原始研究報告 原文未載目標價前值下修幅度無從計算 若泰國廠驗證再度延後仍有續砍空間 泰國廠重新送樣驗證為技術端問題通過與否及時程均非公司單方可控 毛利率14%已是實績低點且原文明載回升幅度有限 長線仍有機會重新切入供應鏈屬定性安慰性描述；已做個股摘要；來源wantrich 20260814900004
2026-08-14,FactSet 共識（鉅亨網外資評等表）,外資,元太(8069),電子紙－顯示器材料,原文未載評等文字,233,評等日20260814；★本批9檔中隱含空間最高者=目標價233元對照表列現價165.5元 隱含上漲空間約40.8%(本系統回算)；本檔為本系統首次收錄 既有序列為空；電子紙為本場次唯一非AI主線亦非金融/通路的科技標的 具族群分散意義；資料來源性質=鉅亨網外資評等表ratediff本場次評等日終於由20260812推進至20260814 一次帶進9檔 為本場次唯一外資共識數字來源亦是覆蓋量最大的單一入口；本批20260814共9檔=元太8069 233元 中砂1560 860元 仁寶2324 35.75元 廣達2382 412.5元 玉山金2884 37.9元 統一超2912 277.5元 長榮航2618 46.25元 文曄3036 310元 智伸科4551 232.5元；風險=FactSet共識為多家機構彙整中位數非單一券商研究報告 無論述內文無本益比無評價年度目標價無法獨立回算驗證 ★ratediff表格式未提供分析師覆蓋家數最高最低估值全距與EPS預估 無法評估中位數代表性與機構分歧程度(此為ratediff與tw_forecast速報文章的主要差異) 表列現價可能為前一交易日收盤或延遲報價 隱含空間回算僅供相對比較 共識更新時點通常落在個別報告與股價變動之後屬追認型調整非領先訊號；已做個股摘要；來源cnyes ratediff 20260814
2026-08-14,FactSet 共識（鉅亨網外資評等表）,外資,中砂(1560),半導體耗材－砂輪／鑽石碟／再生晶圓,強力買進（沿用8/12評等）,860(前值850),評等日20260814；★本批唯一有前值可比對者=前值850元(8/12) 本次調升至860元 幅度僅1.18%(本系統回算) 屬微調而非方向性訊號 但為連續第二次上修(810→850→860 兩日累計上修6.17%) 趨勢方向明確；沿用8/12評等強力買進；860元對照表列現價725元 隱含空間約18.6%(本系統回算)；★重要提醒(沿用既有紀錄)=中砂已於2026/08/12 10:35發布澄清經濟日報報導之重大訊息 引用相關毛利率與EPS數字前務必先查閱澄清公告全文；資料來源性質=鉅亨網外資評等表ratediff本場次評等日終於由20260812推進至20260814 一次帶進9檔 為本場次唯一外資共識數字來源亦是覆蓋量最大的單一入口；本批20260814共9檔=元太8069 233元 中砂1560 860元 仁寶2324 35.75元 廣達2382 412.5元 玉山金2884 37.9元 統一超2912 277.5元 長榮航2618 46.25元 文曄3036 310元 智伸科4551 232.5元；風險=FactSet共識為多家機構彙整中位數非單一券商研究報告 無論述內文無本益比無評價年度目標價無法獨立回算驗證 ★ratediff表格式未提供分析師覆蓋家數最高最低估值全距與EPS預估 無法評估中位數代表性與機構分歧程度(此為ratediff與tw_forecast速報文章的主要差異) 表列現價可能為前一交易日收盤或延遲報價 隱含空間回算僅供相對比較 共識更新時點通常落在個別報告與股價變動之後屬追認型調整非領先訊號；已做個股摘要；來源cnyes ratediff 20260814
2026-08-14,FactSet 共識（鉅亨網外資評等表）,外資,仁寶(2324),電子組裝－筆電／AI 伺服器,符合市場,35.75(前值31),評等日20260814；★本批最值得警惕的一筆=目標價由31元大幅上修15.32%至35.75元(本系統回算) 但表列現價已達43.2元 目標價仍低於現價約17.2%(本系統回算) 上檔空間為負；★評等文字明確為符合市場(in-line)非買進 與當日股價大漲逾半根停板形成強烈背離；工商時報同日載仁寶8/14與英業達等老AI股集體奮起 屬資金輪動而非評價驅動；本檔為本系統首次收錄 既有序列為空；資料來源性質=鉅亨網外資評等表ratediff本場次評等日終於由20260812推進至20260814 一次帶進9檔 為本場次唯一外資共識數字來源亦是覆蓋量最大的單一入口；本批20260814共9檔=元太8069 233元 中砂1560 860元 仁寶2324 35.75元 廣達2382 412.5元 玉山金2884 37.9元 統一超2912 277.5元 長榮航2618 46.25元 文曄3036 310元 智伸科4551 232.5元；風險=FactSet共識為多家機構彙整中位數非單一券商研究報告 無論述內文無本益比無評價年度目標價無法獨立回算驗證 ★ratediff表格式未提供分析師覆蓋家數最高最低估值全距與EPS預估 無法評估中位數代表性與機構分歧程度(此為ratediff與tw_forecast速報文章的主要差異) 表列現價可能為前一交易日收盤或延遲報價 隱含空間回算僅供相對比較 共識更新時點通常落在個別報告與股價變動之後屬追認型調整非領先訊號；已做個股摘要；來源cnyes ratediff 20260814
2026-08-14,FactSet 共識（鉅亨網外資評等表）,外資,廣達(2382),電子組裝－ODM／AI 伺服器,無（原文評等欄位載「無」）,412.5,評等日20260814；★評等欄位原文載無 即無一致評等文字 僅有目標價 訊號完整度偏低；412.5元對照表列現價327.5元 隱含空間約26.0%(本系統回算)；基本面佐證=廣達8/13法說公布Q2創四高EPS 7.43元 訂單能見度至2028年(ctee 20260813701946)；本系統既有紀錄可對照=FactSet歷史序列曾報370元、385元、394元 本次412.5元續創新高；資料來源性質=鉅亨網外資評等表ratediff本場次評等日終於由20260812推進至20260814 一次帶進9檔 為本場次唯一外資共識數字來源亦是覆蓋量最大的單一入口；本批20260814共9檔=元太8069 233元 中砂1560 860元 仁寶2324 35.75元 廣達2382 412.5元 玉山金2884 37.9元 統一超2912 277.5元 長榮航2618 46.25元 文曄3036 310元 智伸科4551 232.5元；風險=FactSet共識為多家機構彙整中位數非單一券商研究報告 無論述內文無本益比無評價年度目標價無法獨立回算驗證 ★ratediff表格式未提供分析師覆蓋家數最高最低估值全距與EPS預估 無法評估中位數代表性與機構分歧程度(此為ratediff與tw_forecast速報文章的主要差異) 表列現價可能為前一交易日收盤或延遲報價 隱含空間回算僅供相對比較 共識更新時點通常落在個別報告與股價變動之後屬追認型調整非領先訊號；已做個股摘要；來源cnyes ratediff 20260814
2026-08-14,FactSet 共識（鉅亨網外資評等表）,外資,玉山金(2884),金融－金控,原文未載評等文字,37.9,評等日20260814；★本批安全邊際最低=37.9元對照表列現價37.65元 隱含空間僅約0.66%(本系統回算) 等同市場認為評價已完全反映；基本面=玉山金上半年EPS 1.32元 前7月1.51元創新猷 並定調EPS愈高現金股利愈多 殖利率4%以上(ctee 20260813701704 + 20260813701826)；★本場次唯一金融股 在高度集中於科技的名單中具分散意義；本檔為本系統首次收錄 既有序列為空；資料來源性質=鉅亨網外資評等表ratediff本場次評等日終於由20260812推進至20260814 一次帶進9檔 為本場次唯一外資共識數字來源亦是覆蓋量最大的單一入口；本批20260814共9檔=元太8069 233元 中砂1560 860元 仁寶2324 35.75元 廣達2382 412.5元 玉山金2884 37.9元 統一超2912 277.5元 長榮航2618 46.25元 文曄3036 310元 智伸科4551 232.5元；風險=FactSet共識為多家機構彙整中位數非單一券商研究報告 無論述內文無本益比無評價年度目標價無法獨立回算驗證 ★ratediff表格式未提供分析師覆蓋家數最高最低估值全距與EPS預估 無法評估中位數代表性與機構分歧程度(此為ratediff與tw_forecast速報文章的主要差異) 表列現價可能為前一交易日收盤或延遲報價 隱含空間回算僅供相對比較 共識更新時點通常落在個別報告與股價變動之後屬追認型調整非領先訊號；已做個股摘要；來源cnyes ratediff 20260814
2026-08-14,FactSet 共識（鉅亨網外資評等表）,外資,統一超(2912),零售－便利商店通路,原文未載評等文字,277.5,評等日20260814；★本場次唯一內需消費類股 與AI硬體主線完全不相關 具高度分散意義；277.5元對照表列現價214.5元 隱含空間約29.4%(本系統回算)；本檔為本系統首次收錄 既有序列為空；本場次未在任何新聞來源找到對應個股研究報導 無法交叉佐證上修原因；資料來源性質=鉅亨網外資評等表ratediff本場次評等日終於由20260812推進至20260814 一次帶進9檔 為本場次唯一外資共識數字來源亦是覆蓋量最大的單一入口；本批20260814共9檔=元太8069 233元 中砂1560 860元 仁寶2324 35.75元 廣達2382 412.5元 玉山金2884 37.9元 統一超2912 277.5元 長榮航2618 46.25元 文曄3036 310元 智伸科4551 232.5元；風險=FactSet共識為多家機構彙整中位數非單一券商研究報告 無論述內文無本益比無評價年度目標價無法獨立回算驗證 ★ratediff表格式未提供分析師覆蓋家數最高最低估值全距與EPS預估 無法評估中位數代表性與機構分歧程度(此為ratediff與tw_forecast速報文章的主要差異) 表列現價可能為前一交易日收盤或延遲報價 隱含空間回算僅供相對比較 共識更新時點通常落在個別報告與股價變動之後屬追認型調整非領先訊號；已做個股摘要；來源cnyes ratediff 20260814
2026-08-14,FactSet 共識（鉅亨網外資評等表）,外資,長榮航(2618),航空－客運／貨運,原文未載評等文字,46.25,評等日20260814；46.25元對照表列現價39.9元 隱含空間約15.9%(本系統回算)；★基本面與共識方向不一致=長榮航Q2 EPS僅0.71元 工商時報8/13明載高油價壓縮獲利(20260813701861) 同日工商時報另載成本估回落 長榮航H2營運樂觀(20260814700094) 共識上修可能反映燃油成本回落預期而非當期獲利 兩者須分開判讀；本檔為本系統首次收錄 既有序列為空；資料來源性質=鉅亨網外資評等表ratediff本場次評等日終於由20260812推進至20260814 一次帶進9檔 為本場次唯一外資共識數字來源亦是覆蓋量最大的單一入口；本批20260814共9檔=元太8069 233元 中砂1560 860元 仁寶2324 35.75元 廣達2382 412.5元 玉山金2884 37.9元 統一超2912 277.5元 長榮航2618 46.25元 文曄3036 310元 智伸科4551 232.5元；風險=FactSet共識為多家機構彙整中位數非單一券商研究報告 無論述內文無本益比無評價年度目標價無法獨立回算驗證 ★ratediff表格式未提供分析師覆蓋家數最高最低估值全距與EPS預估 無法評估中位數代表性與機構分歧程度(此為ratediff與tw_forecast速報文章的主要差異) 表列現價可能為前一交易日收盤或延遲報價 隱含空間回算僅供相對比較 共識更新時點通常落在個別報告與股價變動之後屬追認型調整非領先訊號；已做個股摘要；來源cnyes ratediff 20260814
2026-08-14,FactSet 共識（鉅亨網外資評等表）,外資,文曄(3036),半導體通路－IC 代理,原文未載評等文字,310,評等日20260814；★本批隱含空間最高之一=310元對照表列現價210元 隱含空間約47.6%(本系統回算)；本檔為本系統首次收錄 既有序列為空；半導體通路商獲利與上游漲價循環連動 在本波記憶體與被動元件漲價潮中具備間接受惠邏輯 惟原文完全未提供論述；本場次未在任何新聞來源找到對應個股研究報導 無法交叉佐證上修原因；資料來源性質=鉅亨網外資評等表ratediff本場次評等日終於由20260812推進至20260814 一次帶進9檔 為本場次唯一外資共識數字來源亦是覆蓋量最大的單一入口；本批20260814共9檔=元太8069 233元 中砂1560 860元 仁寶2324 35.75元 廣達2382 412.5元 玉山金2884 37.9元 統一超2912 277.5元 長榮航2618 46.25元 文曄3036 310元 智伸科4551 232.5元；風險=FactSet共識為多家機構彙整中位數非單一券商研究報告 無論述內文無本益比無評價年度目標價無法獨立回算驗證 ★ratediff表格式未提供分析師覆蓋家數最高最低估值全距與EPS預估 無法評估中位數代表性與機構分歧程度(此為ratediff與tw_forecast速報文章的主要差異) 表列現價可能為前一交易日收盤或延遲報價 隱含空間回算僅供相對比較 共識更新時點通常落在個別報告與股價變動之後屬追認型調整非領先訊號；已做個股摘要；來源cnyes ratediff 20260814
2026-08-14,FactSet 共識（鉅亨網外資評等表）,外資,智伸科(4551),汽車／醫療精密零件,原文未載評等文字,232.5(前值239),★本批唯一下修個案 也是本系統追蹤中最完整的一條連續序列=240元(8/13早盤首次收錄)→239元(8/13盤後 -0.42%)→232.5元(8/14 -2.72% 本系統回算) 三次調整全部向下 且本次幅度是前次的6.5倍 下修正在加速；目標價232.5元對照表列現價162元 隱含空間仍約43.5%(本系統回算) 空間大但方向持續轉壞 兩者背離須留意；本系統8/13盤後已將本檔由待觀察進一步降級 本場次維持該處置 在出現具論述的研究報告前不宜視為可操作訊號；本場次仍未在任何新聞來源找到對應個股報導 連續三場次無法交叉佐證下修原因；資料來源性質=鉅亨網外資評等表ratediff本場次評等日終於由20260812推進至20260814 一次帶進9檔 為本場次唯一外資共識數字來源亦是覆蓋量最大的單一入口；本批20260814共9檔=元太8069 233元 中砂1560 860元 仁寶2324 35.75元 廣達2382 412.5元 玉山金2884 37.9元 統一超2912 277.5元 長榮航2618 46.25元 文曄3036 310元 智伸科4551 232.5元；風險=FactSet共識為多家機構彙整中位數非單一券商研究報告 無論述內文無本益比無評價年度目標價無法獨立回算驗證 ★ratediff表格式未提供分析師覆蓋家數最高最低估值全距與EPS預估 無法評估中位數代表性與機構分歧程度(此為ratediff與tw_forecast速報文章的主要差異) 表列現價可能為前一交易日收盤或延遲報價 隱含空間回算僅供相對比較 共識更新時點通常落在個別報告與股價變動之後屬追認型調整非領先訊號；已做個股摘要；來源cnyes ratediff 20260814
2026-08-14,－(近24小時無新券商觀點),－,萬潤(6187),半導體－封裝自動化設備(自選股),無新評等,無新目標價,自選股本場次追蹤紀錄 非券商新觀點 不另建摘要；經多來源交叉查核確認2026/08/13 19:10至08/14 19:00無任何新券商報告評等或目標價見報；查核來源=鉅亨網外資評等表ratediff(本場次已推進至20260814 該批9檔為元太 中砂 仁寶 廣達 玉山金 統一超 長榮航 文曄 智伸科 全數與萬潤無關) 工商時報證券首頁(更新至8/14 10:46) 工商時報上市櫃分類頁(更新至8/14) 工商時報即時證券列表(快取停在8/13 18:49) 經濟日報即時新聞列表money.udn.com/rank/newest/1001(更新至8/14 11:23) 旺得富理財網熱門新聞與個股頁 中時新聞網財經即時 另加WebSearch多組關鍵字；★重要觀察=8/10公布Q2 EPS 8.50元創單季新高後 已連續八個場次(8/11早盤 8/11盤後 8/12早盤 8/12盤後 8/13早盤 8/13盤後 8/14早盤 8/14盤後)無券商模型更新見報 8/12亮燈漲停收1155元後亦無對應報告 屬純籌碼題材面推升 建議維持每日一次確認的監控節奏 不必每場次列為第一優先 但維持追蹤不中斷；既有紀錄維持不變=高盛證券買進1550元(2026/07/10由1650元下修6.1%) 美銀證券初評買進1500元(2026/07/27 2026/2027/2028年EPS估26.46/41.82/53.34元)；其他可見券商觀點全部早於窗口=大摩1280→1580(2026/05/31) 瑞銀1550 高盛1800 摩根大通1450 富邦800；來源cnyes ratediff + ctee stock + ctee twmarket + money udn rank newest + wantrich + chinatimes + WebSearch
2026-08-15,ALETHEIA Capital（具名）,外資,旺矽(6223),半導體－高階測試介面／探針卡,原文未載評等文字（僅載目標價）,10000,前值4000 調升幅度150.00%(本系統回算)；★本場次調升幅度最大的一筆 亦為近月台股單次上修幅度最極端者；核心=先進探針卡需求快速攀升供給瓶頸日益嚴重 原文載國際大廠Technoprobe FormFactor均規劃未來兩年將針數產能提升至目前約2倍 而旺矽為滿足AI ASIC AI網通IC及推論CPU客戶需求產能甚至可能需擴充至目前的4倍；★產品組合升級為評價重估核心=高階AI/HPC客戶正逐漸採用單價更高的垂直MEMS探針卡 部分產品價格較平均水準高出50%以上 原文主張探針卡已從一般測試耗材轉為先進製程時代的戰略性資源；EPS序列=2026年78.1元以上(年增超過1倍) 2027年186.5元 2028年286.5元；新應用四線齊發=AI ASIC AI網通IC 推論CPU CPO(共同封裝光學) 其中CPO為新增測試市場；實績佐證=Q2 EPS 15.55元創單季新高 上半年EPS 28.08元 公司自述產能吃緊下半年續成長；本檔為本系統首次收錄 既有序列為空；風險=★同日出現三檔目標價同為10000元(旺矽 鴻勁 穎崴)其中旺矽與鴻勁均出自Aletheia 數字高度巧合 引用前建議查閱原始研究報告確認非媒體轉述誤植或整數化 上修幅度150%為極端值 原文未載評價年度與本益比10000元無法獨立回算 以2027年EPS 186.5元回推約53.6倍 以2028年EPS 286.5元回推約34.9倍(本系統回算)屬高倍數 2026至2028年EPS成長約3.7倍假設極陡峭原文未拆解營收毛利率與產能爬坡假設 ★原文自載真正值得追蹤的並不是1萬元目標價本身而是旺矽一步一步達成營收毛利率與EPS成長 作者本身即對目標價保留態度 本則為萬寶週刊轉述ALETHEIA報告非原文 未載出具日期 未載評等文字僅有目標價 產能需擴至4倍為推估非公司資本支出指引 Technoprobe FormFactor同步擴產2倍意味競爭同步升溫原文未討論份額競爭下檔情境 ★同日同集團旺得富該篇對旺矽僅稱市場認為具長期衝刺萬元底氣股價約6000至6500元 完全未提ALETHEIA的10000元 兩篇口徑落差大；已做個股摘要；來源udn 9692069 + wantrich 20260815900003
2026-08-15,Aletheia 資本（具名）,外資,鴻勁(7769),半導體設備－IC測試主動溫控分選機,原文未載評等文字（僅載目標價）,10000,前值6200 調升幅度61.29%(本系統回算)；★競爭地位為最核心多方論據=原文載鴻勁在先進封裝不可或缺的最終測試主動溫控分選機中幾乎處於全球壟斷地位；需求驅動=受惠台積電先進製程產能瘋狂擴增 外資預估鴻勁未來3年獲利將暴增2.5倍；被點名為有望挑戰萬金股的三檔潛力名單之一 原文形容為投下震撼彈；掛牌背景=2025年底剛掛牌上市 股價一路自千元初飆升最高曾來到7995元；本檔為本系統首次收錄 既有序列為空；風險=★資訊完整度偏低 原文未載評等文字 未載EPS絕對值與本益比 未載評價年度與報告出具日期 10000元完全無法獨立回算驗證 獲利暴增2.5倍未指明基期年度與終點年度 ★同日三檔目標價同為10000元(旺矽 鴻勁 穎崴) 旺矽與鴻勁皆出自Aletheia 數字高度巧合務必查閱原始報告 ★股票代號待確認 原文載鴻勁(7769) 本系統照原文抄錄 引用或下單前請自行核對避免媒體誤植 幾乎處於全球壟斷地位為定性描述未提供市占率數字客戶名單或競爭者比較 2025年底才掛牌上市歷史不足一年缺乏跨景氣循環營運紀錄 股價自千元初飆至7995元波動極大 獲利高度綁定單一終端變數(台積電先進製程資本支出與產能開出節奏)該節奏非鴻勁可控 本則為新聞轉述外資報告非報告原文；已做個股摘要；來源wantrich 20260815900003
2026-08-15,花旗環球證券（Citi 具名）,外資,穎崴(6515),半導體－測試介面／系統級測試(SLT),看好（原文未載標準評等代碼）,10000(維持),前值10000 維持不變；★本場次唯一具名國際大行的個股觀點；核心=受惠於全球AI ASIC與伺服器CPU的強勁需求 穎崴在系統級測試SLT市場的市占率持續拉升；原文評價=三檔萬金股候選中穎崴回歸萬元呼聲最高 是最被看好能快速回歸萬元俱樂部的種子選手；歷史軌跡=曾於2026年4至6月間短暫叩關萬元成功最高觸及10240元 隨後受高價股修正潮影響回檔至7000至8000元區間 但原文載其核心競爭力與基本面並未改變；風險=★10000元為維持而非調升不構成新方向性訊號 若只看花旗喊1萬的標題極易誤讀為新一輪上調 原文未載評等文字(買進/優於大盤等標準代碼)未揭露EPS本益比與評價年度10000元無法回算驗證 未載報告出具日期也未載前值調整時點無法判斷此價位已維持多久 以原文所載股價7000至8000元區間對照隱含空間約25%至43%(本系統回算)區間寬度大精確度有限 ★同日三檔目標價同為10000元 族群性整數目標價需留意是否為媒體歸納而非各家報告原始數字 市占率持續拉升為定性描述未提供市占率數字客戶進度或營收占比 曾叩關萬元後回檔至7000至8000元顯示該價位過去未能站穩 本次能否不同原文未提出與上次的差異論證 本則為新聞轉述券商觀點非報告原文；已做個股摘要；來源wantrich 20260815900003
2026-08-15,金控龍頭旗下投顧（原文未具名機構）,內資,玉山金(2884),金融－金控,買進（維持）,43(前值37),調升幅度16.22%(本系統回算 原文載上修16%)；★極具對照價值=本系統2026/08/14才收錄FactSet外資共識37.9元(對照當時表列現價37.65元 隱含空間僅0.66%) 今日內資投顧直接喊43元 內外資落差約13.5%(本系統回算) 為近期少見的內資明顯高於外資共識個案；Q2實績=自結稅後淨利113.7億元年增42.7% EPS 0.7元符合預期 其中玉山銀自結稅後淨利100.4億元年增23.2%(淨利息收入年增26% 淨手續費收入年增26.9%) 玉山證券受惠台股價量俱揚與經紀市占率提升自結稅後淨利17.6億元年增268.9%；上半年=自結稅後淨利214.3億元年增27.8%創同期新高 EPS 1.32元 玉山銀188億元年增11.3% 玉山證28.2億元年增205.5%；放款優於預期=Q2放款2.84兆元年增16.1% 上修今年放款成長至年增13至15%(模型採用14%)；手續費優於預期=財管淨手續費收入年增30.7% 上半年淨手續費收入年增20% 上修今年至年增15% 上半年玉山投信合計AUM成長51%；★併三商壽為長期加分項=換股比例1:0.2596 換股基準日9/1 換股後新股本1772億元 合併後躍升台灣第5大金控 今明兩年分別注資160億元60億元 三商壽TIS可望年底達125%標準 今年CSM釋放至損益表約36億元 經常性收益約430億元；★資本面為上修關鍵前提=玉山金盈餘已可支應三商壽資本需求 中期並無現增計畫 近兩年無現增需求；EPS估2026年2.37元 2027年3.05元；股利政策=併三商壽後因股本太大不再配股 董座允諾只要EPS提高就會加碼配息 殖利率維持逾4% 玉山金為定期定額榜第2名僅次台積電 小股東逾58萬人；風險=★淨利差是本則唯一明確低於預期項目 因市場資金趨緊致資金成本上升加計FX SWAP利差縮小 Q2淨利差僅1.31%季減1bp 投顧同步下修年底淨利差至1.33% 全年平均降至1.32%(原預估1.34%) 獲利上修與利差下修方向相反須分開判讀 原文明列2大主要風險=核心營運動能成長不如預期 資產品質惡化 券商機構未具名無法比對歷史序列準確度亦未載報告出具日期 以43元對2026年EPS 2.37元回算約18.1倍 對2027年EPS 3.05元約14.1倍(本系統回算) 原文未說明評價年度與倍數依據 金融股常用的股價淨值比評價法亦未揭露 併購綜效多屬定性描述未給可驗證金額目標或達成時程 三商壽TIS達125%為可望而非已達成 今明兩年合計注資220億元為確定資本流出對合併後每股淨值與ROE的稀釋幅度原文未量化 不再配股對長期存股族總報酬的結構性影響原文僅引述董座承諾未做情境試算 殖利率維持逾4%亦為承諾非已宣告數字 9/1才正式併入本次上修主要建立在併購未來綜效上實績尚未反映於任何一期財報；已做個股摘要；來源wantrich 20260815900004
2026-08-15,統一投顧（總經理廖婉婷，具名）,內資,臻鼎-KY(4958),PCB／軟板(FPC),買進（維持）,640(前值660),下修幅度3.03%(本系統回算)；★族群唯一入選=在台虹8039 達邁3645 台郡6269 亞電4939 臻鼎-KY4958等5檔軟板廠中 廖婉婷僅將臻鼎-KY列入買進名單；★內外資高度收斂(本場次最值得注意的交叉驗證)=本系統既有紀錄載FactSet外資共識2026/08/11由665元下修至640元 8/12續報640元 統一投顧本次亦由660元降至640元 內資與外資共識落在完全相同的數字 方向一致幅度接近 可信度相對高；產品結構升級為長線主軸=AI伺服器 光模塊 IC載板等3大高階應用營收占比可望由去年的11.7%提升至明年38.3% 並朝2030年45%至50%長期目標邁進；8月展望=APPLE新品放量加上臻鼎在AI PCB(AWS OAM)光模塊佈局有成出貨增溫 且在載板漲價挹注下 預期整體軟板族群營收月增20%至30%；Q3展望=預期本季軟板營收季增30%至35%；族群對照=7月PCB軟板營收低於預期月增率僅4.3% 上游PI廠達邁7月營收月減35.4%衝擊最大 台虹臻鼎-KY 7月營收各僅月增1.44%及3.33%同樣低於預期 反觀台郡月增19.2%最亮眼 亞電月增11.26% 兩者優於預期但均未獲買進評等；風險=★本次為下修而非上調 目標價660降為640元 且今明兩年EPS同步下修至11.81元22.91元 標題的唯一入選買進易掩蓋實質上是調降的事實 原文明列下修三理由=摺疊手機出貨遞延 研發投入持續增加 2027年新產能開出後折舊費用上升 其中研發與折舊兩項屬結構性成本增加不會隨單季景氣回升而消失 ★產業層面已出現遞延事實=受蘋果新機遞延衝擊 軟板供應鏈營收曲線高峰由今年7至11月延後為8至12月整整推遲一個月 屬已實現負面事件而非預期 臻鼎自身7月營收月增僅3.33%被原文明確歸類為低於預期 與其獲得族群唯一買進評等形成落差 同期表現優於預期的台郡與亞電反而未入選原文未說明取捨理由 ★動能高度依賴單一客戶 8月放量與Q3季增30%至35%的前提是APPLE新品備貨與放量 時程非臻鼎可控 摺疊手機遞延已是先例 未揭露評價年度與本益比 以640元對2026年EPS 11.81元回算約54.2倍 對2027年EPS 22.91元約27.9倍(本系統回算) 2026至2027年EPS由11.81元跳增至22.91元(+94%)成長幅度極大 但2027年同時是新產能折舊上升年 兩者內部一致性原文未交代 族群營收月增20%至30%與Q3季增30%至35%均為預期值而非實績 與7月實績月增4.3%落差懸殊 本則為新聞轉述券商月報非報告原文未載出具日期；已做個股摘要；來源wantrich 20260815900002
2026-08-15,群益投顧（具名）,內資,群聯(8299),半導體－記憶體控制IC／儲存模組,買進（由區間操作升評）,2730(前值2450),調升幅度11.43%(本系統回算)；★本場次唯一升評個案 訊號強度高於單純的目標價調整 評等由區間操作升為買進 目標價同步由2450元調高至2730元 為五家投顧中單次上調金額最大者(+280元)；★升評核心論據是產業地位轉變而非單純漲價紅利=群聯與NAND原廠的關係已由單純客戶升級為策略合作夥伴 原廠研發資源多集中於標準品平台 群聯則扮演高彈性客製化研發角色 在供應吃緊環境下有助取得更穩定的NAND Flash供給；★這是本則與其他四家最大的差異點=其餘各家討論的是價格 群益討論的是拿不拿得到貨；AI方案客製化需求提高進一步強化上述定位；★EPS預估為五家中最樂觀且是唯一預估2027年優於2026年者=2026年454.27元 2027年493.57元(年增8.7% 本系統回算) 其餘四家2027年EPS均低於2026年；原文自載短期營收節奏受NAND allocation與專案出貨時程影響 但不改中長期AI storage成長趨勢；風險=★2027年EPS假設與同業嚴重背離 群益估493.57元 凱基估298.6元 國泰估362.55元 中信估371.28元 富邦估420元 群益較最低的凱基高出65.3%(本系統回算)為五家中極端值 若假設不成立2730元評價基礎將明顯鬆動 ★升評時點落在股價重挫當日 群聯8/14終場重挫8.77% 須留意是評價修正後的逢低調升或對基本面判斷的真實轉向 原文未揭露本益比倍數與評價年度 以2730元對2027年EPS 493.57元回算僅約5.5倍 對2026年EPS 454.27元約6.0倍(本系統回算) 倍數明顯低於同業採用的8至9倍 隱含評價方法或年度與同業不同原文未說明 策略合作夥伴為定性描述未提供合約配額保障條件金額或期限 原文自載短期營收節奏受NAND allocation影響等同承認供給端主導權仍在原廠手上 與策略合作夥伴論述存在張力 2730元與富邦投顧下修後的2730元完全相同但兩家推導路徑相反(富邦由3145元下修 群益由2450元上調)數字巧合易造成市場共識2730元的誤讀 券商為投顧非外資研究機構未載報告出具日期 本則為新聞彙整五家投顧看法非報告原文；已做個股摘要；來源wantrich 20260814900389
2026-08-15,國泰證期（具名）,內資,群聯(8299),半導體－記憶體控制IC／儲存模組,買進（維持）,2900(前值3000),下修幅度3.33%(本系統回算)；★五家中目標價最高者 也是唯一維持在2字頭上緣的一家；評價方法為五家中最明確=原文自載按8倍本益比計算 目標價由3000元下修至2900元；Q3展望=受惠NAND價格續漲營運將再創新高；全年多方四引擎=AI資料中心需求擴張 NAND價格走升 eSSD放量 低成本庫存優勢 加上AI PC帶動aiDAPTIV+滲透 2026年EPS上看446.38元；2027年供給面論據=新產能多數要到2028年才會開出 NAND供給仍吃緊有利報價維持高檔 加上Gen6接棒成長 EPS預估362.55元；評價位階=原文載目前股價位於近4年本益比6至20倍區間的下緣位置；風險=★原文自載最重要下檔風險 明年毛利率將隨低成本庫存效益消退而降低 獲利成長動能趨緩 EPS由2026年446.38元降至2027年362.55元(-18.8% 本系統回算)獲利軌跡自身向下 目標價為下修(3000→2900元)雖幅度僅3.33%但方向偏空 與維持買進的評等形成訊號矛盾 ★自載8倍本益比與本系統回算不一致 以2900元對2026年EPS 446.38元回算僅約6.5倍 對2027年EPS 362.55元約8.0倍(本系統回算) 推估其8倍係對應2027年EPS 惟原文未明示評價年度 引用前建議查閱原始報告確認 2026年EPS估446.38元為五家中第二高僅次於群益454.27元 若NAND報價假設過於樂觀目標價仍有續修空間 低成本庫存優勢為一次性存貨評價紅利非可持續競爭優勢 原文自承其效益將於明年消退 aiDAPTIV+滲透屬新業務未提供營收占比或金額貢獻度無法評估 近4年本益比6至20倍下緣的區間跨度達3.3倍 以區間下緣論便宜的說服力有限 券商為證期非外資研究機構未載報告出具日期 本則為新聞彙整非報告原文；已做個股摘要；來源wantrich 20260814900389
2026-08-15,中信投顧（具名）,內資,群聯(8299),半導體－記憶體控制IC／儲存模組,增持（維持）,2785(前值2735),調升幅度1.83%(本系統回算)；★五家中唯一小幅上調者 幅度最小 方向偏正面但屬微調而非方向性訊號；★本則最具體且最可驗證的量化依據是存貨結構=Q2底存貨金額季增27.1%至917.92億元 且逾90%都是毛利率極佳的企業級ODM及工業用等高附加價值產品 存貨大增在此結構下應解讀為備料而非滯銷；供給面=原文載NAND Flash產能供不應求在未來幾年都是無解；成長主軸=AI Ecosystem模組業務為公司未來主要動能 aiDAPTIV+解決方案營收規模目前仍小 但預期第4季起將可顯著成長；中長期競爭力=公司投入大量RD資源提升中長期競爭力 為中信維持評等的重要依據之一；EPS估2026年401.21元 2027年371.28元；★原文明列2大風險因子=記憶體報價止漲 eSSD出貨不如預期 五家中僅中信與國泰明確列出風險因子；風險=★原文自承毛利率將隨顆粒成本持續上升而下滑 這是NAND漲價題材的一體兩面 群聯是NAND的買方 原廠漲價對其是成本而非收入 EPS由2026年401.21元降至2027年371.28元(-7.5% 本系統回算)獲利軌跡向下 惟降幅是五家中最溫和者 增持非標準買進評等訊號強度較弱 且為維持而非升評 原文未載本益比倍數與評價年度 以2785元對2026年EPS 401.21元回算約6.9倍 對2027年371.28元約7.5倍(本系統回算) 存貨季增27.1%至917.92億元為絕對金額大幅增加 逾90%為高附加價值產品是結構描述 若NAND報價反轉高額存貨仍將面臨評價損失風險原文未做此情境討論 aiDAPTIV+ Q4顯著成長為預期 原文自承目前營收規模仍小且未提供金額或占比可驗證性低 未來幾年都是無解為強斷言未提供原廠資本支出計畫或產能開出時程作為佐證 券商為投顧非外資研究機構未載報告出具日期 本則為新聞彙整非報告原文；已做個股摘要；來源wantrich 20260814900389
2026-08-15,－(雜誌專欄 非券商觀點),－,騰輝電子-KY(6672),電子材料－高階CCL／特殊材料,無券商評等,上看420元(非券商),本場次背景紀錄 非券商觀點 不另建摘要；萬寶週刊黃清照專欄=產品已從傳統銅箔基板延伸至高速低損耗材料 光通訊與航太用特殊材料 隨400G 800G交換器持續放量並朝1.6T世代推進 帶動高階材料用量與單價同步提升；低軌衛星與國防航太對材料耐熱性低損耗與高可靠度要求更高 相關產品已切入火箭發動機主板 地面基站及雷達應用 有助拉高特殊材料營收比重 半導體老化測試板與功率半導體散熱材料也持續取得客戶認證；★最亮眼=PT901材料2025至2027年營收CAGR高達107.3% 且產品已連調漲5次 毛利率營益率大升 未來還會再續調漲；財務=Q1 EPS 1.73元 Q2 EPS 2.96元三率三升 H1 EPS 4.69元 估全年EPS 11.2元 明年16.6元 股價268元 原文稱嚴重低估至少上看420元；★大盤觀點(同作者)=台股自39384反彈 44571為頸線壓力 已漲到45518扭轉反彈行情為回升行情 唯一缺點在量能無法放大 8/6至8/12量只維持在9740至8508億 越漲量越小 因先前殺到39384與39404三天融資被清洗出來780億；作者建議對高本益比ABF 部分矽光子 重電股 機器人 軍工股 投機股保持戒心 對DRAM只適於短打兼當沖；風險=★本則為雜誌專欄非券商研究報告 無評等代碼 無報告出具日期 無機構背書 420元為作者個人推估且原文以問號結尾(至少上看420元?) 本系統不計列為券商觀點 全年EPS 11.2元與明年16.6元為作者自估非券商共識 產品連漲5次未提供各次漲幅與生效時點 PT901營收CAGR 107.3%未提供基期金額 低估論述未揭露採用的本益比倍數；來源udn 9692061
2026-08-15,－(有見報但目標價數字未載 待確認),內資,健鼎(3044),PCB／印刷電路板,法人調升(未載評等代碼),待確認,本場次背景紀錄 因無具體目標價數字不另建摘要；★屬2026/08/14盤後場次覆蓋缺口 見報8/14 13:13 本場次補查；經濟日報載大型本國投顧調升2026 2027年獲利預估值及目標價 惟原文全文未載任何目標價數字 本系統一律標註待確認；財務實績=Q2營收248.5億元季增18.5%年增38.8% 毛利率30.0%季增3.6個百分點 營業利益55.8億元 EPS 7.4元 毛利率與營益雙雙優於預期；產品結構=伺服器占比約42.2%年增70.4% 記憶體約占23.1%年增99.6% 兩大業務合計占比65% 產品組合持續改善帶動毛利率攀升；產業邏輯=大型CSP建置GPU/ASIC AI伺服器叢集後 後續需要通用型伺服器負責儲存與network 加上AI需求明顯帶動企業用SSD與NAND需求 且DRAM供應全面吃緊 法人預期兩大業務動能延續可期；擴產=計畫下半年完成湖北四廠擴廠 Q4越南廠小量試產 產業能見度高 上修Q3營收預估值達季增約15%；毛利率展望=除向客戶反映原料漲價外 下半年營收規模放大將推升毛利率維持高檔不墜；★本系統既有紀錄可對照=統一投顧2026/08/14給660元(買進) FactSet共識8/12給646元(強力買進 前值617.5元) 本則若有數字應與此二者比對；風險=★目標價數字完全未載 無法計列為可操作的評等更新 券商僅稱大型本國投顧未具名 未載評等代碼與報告出具日期 未揭露EPS預估絕對值 上修Q3營收季增約15%為預期非實績 越南廠Q4小量試產的良率與爬坡風險原文未討論；來源udn 9691499
2026-08-15,－(有見報但目標價數字未取得 待補),內資,聯亞(3081),光通訊－雷射磊晶／精密光學,法人調高(未載評等代碼),待確認,本場次背景紀錄 因未取得具體數字不另建摘要；★屬2026/08/14盤後場次覆蓋缺口 見報8/14 13:09；經濟日報標題載財報超標 持續擴產 法人調高聯亞獲利預估值及目標價 本場次未能取得內文具體數字；★本系統既有紀錄可對照=2026/08/14早盤場次已收錄聯亞8/12法說(公司自述 非券商觀點)=Q2營收12.21億元季增35%年增121% 稅後純益4.68億元季增48%年增384% 單季EPS 4.62元創單季獲利歷史新高 毛利率57.45%(去年同期43.33%) 營益率46.89%(去年同期26.95%) 上半年營收21.26億元年增111% 稅後純益7.86億元年增465% EPS 7.75元 精密光學產品占整體營收約85%至90% 1.6T產品已正式進入量產階段 依客戶未來3至5年需求預測規畫資本支出 目標將折舊費用占營收比重控制在8%至10%以下 產品最終應用已涵蓋美國及中國主要雲端服務供應商CSP；★建議下一場次優先補收錄本則具體目標價；風險=目標價與評等數字均未取得 不構成可操作訊號 法人未具名 聯亞8/13曾因交易異常被列為證交所注意股 8/13另列處置股名單觀察對象 短線籌碼波動大；來源udn 9691480
2026-08-15,－(法人觀點 無個股目標價),內資,南亞科(2408)／聯發科(2454)等10檔,市場－AI供應鏈族群觀點,無個股評等,無個股目標價,本場次背景紀錄 無個股目標價 不另建摘要；經濟日報8/14 19:17載 微軟 Meta 谷歌 亞馬遜等美系四大CSP業者在公布財報後股價呈幾家歡樂幾家愁的走勢 但國內大型法人機構分析 這些CSP巨頭大幅上修今明年資本支出以取得更多即時算力 法人圈看好南亞科(2408) 聯發科(2454)等台股AI供應鏈後市營運將受惠；★覆蓋限制=原文其餘內容位於付費牆後 僅取得前述2檔股名 完整10檔名單 各檔評等與目標價均無法取得 為本場次已知缺口；風險=全數個股無評等與目標價不構成可操作訊號 法人機構未具名 未載報告出具日期 CSP資本支出上修為總體方向性利多 個股受惠程度與時點原文未拆解；來源udn 9692299
2026-08-15,－(近24小時無新券商觀點),－,萬潤(6187),半導體－封裝自動化設備(自選股),無新評等,無新目標價,自選股本場次追蹤紀錄 非券商新觀點 不另建摘要；經多來源交叉查核確認2026/08/14 19:00至08/15 08:10無任何新券商報告評等或目標價見報；查核來源=鉅亨網外資評等表ratediff(評等日仍停在20260814 該批9檔為元太 中砂 仁寶 廣達 玉山金 統一超 長榮航 文曄 智伸科 全數與萬潤無關 本場次零新增) 鉅亨網tw_forecast台股預估分類頁(仍為JS前端渲染 靜態抓取僅得骨架且日期停在08-13 本場次未取得任何8/14之後速報文章 為已知缺口) 工商時報即時證券列表livenews/stock(最新至8/14 21:57 窗口內無新券商評等稿) 旺得富理財網熱門新聞側欄(已更新至8/15 06:00 三篇8/15稿均無萬潤) 經濟日報證券頻道與文章相關清單(已更新至8/15 00:12 無萬潤稿) 另加WebSearch多組關鍵字；★重要觀察=8/10公布Q2 EPS 8.50元創單季新高後 已連續九個場次(8/11早盤 8/11盤後 8/12早盤 8/12盤後 8/13早盤 8/13盤後 8/14早盤 8/14盤後 8/15早盤)無券商模型更新見報 8/12亮燈漲停收1155元後亦無對應報告 屬純籌碼題材面推升 建議維持每日一次確認的監控節奏 不必每場次列為第一優先 但維持追蹤不中斷；既有紀錄維持不變=高盛證券買進1550元(2026/07/10由1650元下修6.1%) 美銀證券初評買進1500元(2026/07/27 2026/2027/2028年EPS估26.46/41.82/53.34元) 富邦證券看多800元(2026年EPS估20.62元 隱含本益比約38至40倍)；其他可見券商觀點全部早於窗口=大摩1280→1580(2026/05/31) 瑞銀1550 高盛1800 摩根大通1450；來源cnyes ratediff + cnyes tw_forecast + ctee livenews stock + wantrich hotlist + money udn + WebSearch
2026-08-15,美系外資（工商時報未具名）,外資,聯亞(3081),光通訊－矽光子／雷射磊晶,買進（維持）,4401(前值4307),★本場次最重要訊號=同一檔同期出現兩份方向完全相反的外資報告 美系4401元買進 vs 日系900元賣出 目標價相差4.9倍 分歧點在評價方法而非基本面；上修幅度2.18%(本系統回算)；亦同時補上8/15早盤場次標註待補的聯亞具體目標價 缺口已關閉；Q2毛利率57.5%(Q1 54.8% 去年同期43.3%)分別較該外資與彭博共識高2.6及1.7個百分點 Q2稅後淨利4.68億元年增384%；Q2資料中心相關營收占比達80%~85% 矽光子為主要來源；產能為核心邏輯=公司目標2027 2028年矽光子產能均年增逾100% 6月中旬公告向德國Aixtron採購設備約8.37億元擴充InP磊晶晶圓與CW Laser產能；7月營收5.01億元年增177%月增19% 較該外資原估高14% 估8 9月分別5.06億與5.05億元 推升Q3營收上看15億元年增174%季增24%；2026~2029年獲利預估上修4%/1%/1%/1% 毛利率預估上調0.2至0.7個百分點；評價=61.5倍目標本益比 參考光通訊供應鏈同業PEG&M；風險=券商未具名無法比對序列 未載報告出具日期 未揭露各年度EPS絕對值 4401元無法獨立回算 61.5倍屬同業相對評價 族群評價收斂時目標價下修風險高於獲利下修風險 產能年增逾100%為公司目標非鎖定訂單 InP基板供應改善為近期現象 聯亞8/13曾列證交所注意股與處置股觀察對象籌碼波動大；已做個股摘要；來源ctee 20260814700973
2026-08-15,日系外資（工商時報未具名）,外資,聯亞(3081),光通訊－矽光子／雷射磊晶,賣出（維持）,900(前值586),★極罕見組合=目標價大幅上修53.58%(本系統回算)但投資評等仍維持賣出 讀者須同時看評等與目標價 只看其一會嚴重誤讀；與同期美系外資4401元買進形成本系統目前收錄中最大的一組外資分歧；Q2 EPS納入10%股票股利追溯調整後為4.6元 分別高於該外資預估28%與市場共識21%；優於預期兩大原因=基板等原材料成本上升後公司順利調漲售價轉嫁成本同時推升營收與毛利率 研發費用控管優於預期Q2營業費用率僅10.6%較原估低2.9個百分點；公司預期Q3營收季增幅不低於22% 優於該外資原估季增8%與共識季增11%；2026~2028年EPS預估上調21%~32%；★反對理由=即使大幅上修獲利 股價仍相當於2027年預估本益比逾100倍 股價淨值比37倍 均處歷史高檔 現價難由基本面完全支撐；該外資2027~2028年EPS預估仍較市場共識低29%~49% 認為市場對矽光子需求成長假設過於積極；評價基準由10倍PB上調至13倍PB(未來4季每股淨值)；風險=券商未具名 未載報告出具日期 外資自載上行風險為矽光子放量速度或毛利率優於預期 外資點名疑慮包括大舉資本支出後折舊升高 人力持續增加 矽光子規格多元可能影響下游委外廠良率與學習曲線 以PB而非PE評價高成長股本身即為兩份報告差異來源之一；已做個股摘要；來源ctee 20260813700816
2026-08-15,美系外資（工商時報未具名）,外資,奇鋐(3017),散熱－AI伺服器液冷,買進（維持）,3986(前值未載),屬前場次覆蓋缺口之補收錄 見報2026/08/14；2026上半年EPS 44.54元 稅後盈餘174.83億元年增142.45% 其中Q2單季EPS 24.37元 單季營收 營業毛利 合併毛利率 淨利率 營業淨利與單季EPS均創歷史新高；7月合併營收185.9億元月增5.51%年增57.39%創單月新高 前7月累計1167.49億元年增80.34%；成長時點明確=ASIC客戶水冷專案訂單自Q3開始出貨 NVIDIA Vera Rubin於8月底小批量產 兩者Q4放量；產能=水冷板月產能約100萬片 分歧管月產約7000套(約3000~4000櫃) 越南持續擴產後產能較現有增加約50%；★外資將2026/2027/2028年營收預估上調1%/2%/2% 淨利預估上調11%/7%/8% 淨利上修幅度遠大於營收 反映液冷零組件複雜化與自動化產線帶來的獲利能力提升；風險=原文未載目標價前值無法計算調整幅度 券商未具名 未載報告出具日期 未揭露EPS預估絕對值與本益比3986元無法回算 3986元與本系統既有的3890元(法人8/13)與3880元(FactSet共識8/13)差距僅約2.5%~2.7% 屬同一波財報後密集群聚非獨立訊號 淨利上調11%遠高於營收1%代表模型高度依賴毛利率假設 Q2營收實際約491億元低於市場原估530億元 成長來自獲利率而非出貨量；已做個股摘要；來源ctee 20260814700975
2026-08-15,日系外資（工商時報未具名）,外資,健策(3653),散熱－均熱片／CPU Socket,買進,6770(前值未載),屬前場次覆蓋缺口之補收錄 見報2026/08/13 本系統8/13僅記為有見報但無評等無目標價 本場次補上數字；Q2稅後盈餘23.18億元季增65.82%年增1.07倍創單季歷史新高 單季EPS 15.8元 上半年EPS 25.33元；Q2合併毛利率46.81%季增5.03個百分點年增5.33個百分點 營業淨利率37.79%季增5.81個百分點；7月合併營收32.13億元月增21.26%年增57.64%創單月新高 前7月157.93億元年增35.9%；日系外資看好Rubin計畫一體式蓋板one-piece lids前景 預期Q3營收季增27.3% 可拆式蓋板預計Q4開始出貨ASP超過200美元 將2027~2028年EPS預測上調3%~4%；第二成長引擎=伺服器CPU Socket已正式通過美系CPU大廠認證 最快Q4開始出貨貢獻業績；同日另一家亞系外資給6100元(前值5160)建議加碼 兩家相差670元約11%；風險=兩家均未具名無法判斷何者模型較貼近實際 日系未載目標價前值 未載報告出具日期 未揭露EPS絕對值與本益比6770元無法回算 ★Q3營收季增27.3%與可拆式蓋板Q4出貨與CPU Socket Q4貢獻三項成長動能全部集中在下半年且互相依賴同一組客戶的拉貨節奏 若Rubin產能爬坡遞延將同時衝擊三者 CPU Socket為新業務僅載通過認證未揭露訂單量良率與初期毛利率；已做個股摘要；來源ctee 20260813700811
2026-08-15,亞系外資（工商時報未具名）,外資,健策(3653),散熱－均熱片／CPU Socket,建議加碼 Overweight（重申）,6100(前值5160),屬前場次覆蓋缺口之補收錄 見報2026/08/13；調升幅度18.22%(本系統回算)；★將2026~2028年EPS預估上調18%~31% 為本場次單筆EPS上修幅度最大者；上修理由有二=Rubin GPU產能爬坡力度增強 ASIC產品利潤率改善；★目標價上調幅度18.22%與EPS上修幅度18%~31%大致同步 代表本次調整為純獲利預估驅動 未再擴張評價倍數 訊號品質優於單純調高本益比的個案；同日日系外資給6770元 兩者相差11% 對Rubin放量節奏假設應有明顯差異惟原文均未揭露細節；風險=券商未具名 未載報告出具日期 未揭露EPS絕對值與本益比6100元無法回算 EPS上修區間18%~31%跨度極大代表各年度上修力道不同 若逐年拆解可能顯示成長高度集中在後段年度時間風險較高；已做個股摘要；來源ctee 20260813700811
2026-08-15,亞系外資（工商時報未具名）,外資,東陽(1319),汽車零組件－AM售後維修,買進（由持有升評）,115(前值81),★本場次唯一動到評等而非僅動目標價的個案 訊號位階高於單純調整目標價 也是本場次唯一非科技股具高度分散意義 外資明言東陽為非科技股首選；調升幅度41.98%(本系統回算) 為本場次幅度最大的單筆調整；見報2026/08/14 屬前場次覆蓋缺口之補收錄 本檔為本系統首次收錄 既有序列為空；核心觸發=美國關稅條件由先前的27.5%降至15% 客戶端庫存處於低水位 預期未來幾個月回補庫存動能將比以往更強勁 2027年營收將恢復成長；7月營收回升至20億元以上月增12.7%年增22.7%優於預期；7月營業利益3.17億元月增29.3%年增107.2% 營業利益率15.6%高於今年6月13.6%與去年同期9.2%；加計7400萬元匯兌收益 7月稅前淨利3.97億元月增14.9%年增136.6%；EPS預估2026/2027/2028年6.29/7.17/8.27元 CAGR 15%；中長期驅動=AM產品滲透率上升 全球汽車保有量增加 汽車使用壽命延長；風險=單次上調41.98%通常代表前次評等(持有/81元)與現況落差已久而非近期基本面突變 宜留意股價是否已提前反映 券商未具名 未載報告出具日期 以2026年EPS 6.29元回算115元隱含本益比約18.3倍(本系統回算) 對照CAGR 15%其PEG約1.2評價並不便宜 ★最大單一風險為政策變數=整套多頭邏輯建立在美國關稅由27.5%降至15%之上 若關稅條件反覆回補庫存動能將直接消失 7月稅前淨利含7400萬元匯兌收益約占18.6%屬非營業項目不應視為經常性獲利能力；已做個股摘要；來源ctee 20260814700833
2026-08-15,美系外資（工商時報未具名）,外資,臻鼎-KY(4958),PCB／軟板(FPC),買進（重申）,925(前值824),屬前場次覆蓋缺口之補收錄 見報2026/08/12；調升幅度12.26%(本系統回算)；★本則925元遠高於本系統既有的內資與共識數字(統一投顧640元8/15 FactSet共識640元8/13 法人600元8/12) 差距達40%~54% 是同一檔股票上內外資分歧最明顯的一組 不宜與其他數字直接平均 須先判斷是否採用不同評價年度；上半年伺服器/光模塊/IC載板營收年增113%占營收比重提升至21.6% 公司目標2030年該三項占比達45%~50%；上半年毛利率22.4%營益率7%分別年增5.9及2.6個百分點 歸屬母公司淨利38.17億元年增208.5% EPS 3.55元；★關鍵進度=已通過Vera Rubin專案compute tray的PCB供應認證 預計2026下半年開始貢獻顯著營收 且AI compute tray營益率20%~30%遠高於公司整體10%~15%；外資預估2026~2028年臻鼎AI PCB業務CAGR超過300% 優於同期PCB產業整體約148%；光模組業務2026~2028年營收CAGR預計超過200% 憑藉近十年為智慧型手機生產SLP累積的mSAP技術 外資預期2027年成為領先的光模組PCB供應商市占率35%~40%；毛利率結構=光模組PCB毛利率35%~40%明顯高於SLP的低於30%；產能能見度至2029年 未來3年新增產能大部分已與客戶綁定 部分高階訂單以預付款及專案款鎖定；風險=券商未具名 未載報告出具日期 未揭露EPS絕對值與本益比925元無法回算 AI PCB CAGR逾300%與光模組CAGR逾200%與2027年市占35%~40%均為外資預測值未提供基期金額 高成長率可能來自極低基期 本則見報當日8/12臻鼎股價逆勢走低 市場對研發與新廠費用上升導致營業淨利率略低預期的疑慮與外資長線樂觀並存 新廠折舊與研發費用為已確認成本 AI營收放量則為預期 兩者時間差是模型最脆弱的一段；已做個股摘要；來源ctee 20260812700864
2026-08-15,美系外資（工商時報未具名）,外資,緯創(3231),電子代工－AI伺服器ODM,買進（維持）,281(前值246),屬前場次覆蓋缺口之補收錄 見報2026/08/12；調升幅度14.23%(本系統回算)；7月營收3080億元年增61% 較該外資原估高出30% 主因neo-cloud與企業對AI伺服器機架需求強勁；Q2營收較預期高6% 毛利率5.7%高於原估5.4% 主因AI伺服器生產效率提升加上緯穎業務模式轉為寄售；外資將2026~2028年營收預估上調21%/37%/39% 淨利預估上調5%/16%/14%；Q4新款GPU AI伺服器機架進入量產 涵蓋GPU CPU與LPU等多種機架類型 ASP將隨之提升；EPS預估2026/2027/2028年16.65/23.45/27.25元 以2026年EPS回算281元隱含本益比約16.9倍 以2027年回算約12.0倍(均為本系統回算)；★風險最重要一點=營收與獲利上修幅度落差極大 2027年營收上調37%但淨利僅上調16% 2028年營收上調39%但淨利僅上調14% 代表機架式AI伺服器業務毛利率明顯低於既有產品線 營收成長的獲利轉換效率正在下降 外資本身亦同步下修毛利率預估；PC端明確轉弱=7月PC出貨量160萬台季減20% 記憶體成本居高已造成需求疲軟 外資預期下半年PC出貨可能負成長；其他風險=券商未具名 未載報告出具日期 未載外資自身採用的評價倍數與年度 Q2淨利含外匯收益挹注非全數本業貢獻 281元較本系統既有的253元(8/7)高出11%屬同一波上修非獨立訊號；已做個股摘要；來源ctee 20260812700834
2026-08-15,美系外資（工商時報未具名）,外資,和碩(4938),電子代工－ODM,中立（維持）,96(前值85),屬前場次覆蓋缺口之補收錄 見報2026/08/13 本系統8/13僅記為有見報但無評等無目標價 本場次補上數字；調升幅度12.94%(本系統回算)；★訊號結構值得注意=目標價上調12.94%但投資評等仍維持中立而非升評 代表外資認可基本面改善但不認為股價具相對吸引力 目標價上修不等於買進建議 讀者不應只取96元這個數字；Q2合併營收2744.48億元季增12.4%年增2.7% 毛利率4.4%年增1.3個百分點 營益率1.5%季增0.3年增0.9個百分點；Q2歸屬母公司淨利44.88億元季增187.5%年增1463.8% EPS 1.68元 上半年EPS 2.26元；AI伺服器營收正在成長且超出預期 主因強勁伺服器出貨量及更高PC平均售價 Q3伺服器營收在GB300與HGX出貨帶動下將續增；公司自述今年十倍數成長目標可望達成 全年伺服器成長幅度有望超越十倍數 伺服器業務1~2年內營收規模有機會躋身前三大事業部門；資金面=計畫發行不超過200億元公司債及不超過5億美元借款支應AI伺服器關鍵組件採購 2026年資本支出維持3~5億美元不變；風險=獲利基期極低 Q2淨利年增1463.8%EPS年增1427.3%係去年同期基期過低所致不代表經常性獲利能力 毛利率僅4.4%營益率僅1.5%屬典型低毛利ODM結構 營收放大對淨利槓桿有限但對營運資金壓力大 外資預期2026下半年PC銷售個位數百分比下降主因零件供應不確定性 記憶體供應為新機出貨時間關鍵變數 為支應AI伺服器組件採購而發債借款將增加財務費用與負債水位原文未討論對每股獲利的稀釋或利息負擔 券商未具名 未載報告出具日期 未揭露EPS預估與本益比96元無法回算；已做個股摘要；來源ctee 20260813701084
2026-08-15,凱基投顧（具名）,內資,南亞科(2408),半導體－DRAM,原文未載制式評等文字,720,★本場次唯一具名的內資投顧目標價 也是本場次唯一內資觀點；見報2026/08/15 07:07(今周刊授權工商時報轉載)；720元對照8/14收盤512元 隱含空間約40.6%(本系統回算)；7月營收優於市場預期年增逾七倍；Q3營收可望季增約60% 高於先前預估的季增25%~30%；DDR4議價能力強 台廠僅南亞科與華邦電具備DDR5生產能力 在HBM產能供不應求時DDR5為主要替代方案 被視為長期實質利多；已納入MSCI成分股8/31收盤生效 指數調整前有法人卡位買盤；Q2毛利率連四季增長至79.49%主要受惠DRAM需求大增與報價走揚(工商時報另稿20260815700023)；風險=★資訊層級偏低 本則出自今周刊專家專訪稿的轉述 非凱基投顧研究報告原文 未載評等代碼 未載報告出具日期與目標價前值 未揭露EPS預估與本益比720元無法回算 ★短線動能高度依賴MSCI事件 原文自載法人卡位吃豆腐買盤推升 且指出應留意8/31生效日前後是否出現漲勢停滯或利多出盡訊號 屬事件驅動而非基本面驅動的部位 Q3營收季增約60%為預期值且與先前預估25%~30%差距超過一倍 上修幅度過大本身即代表模型不確定性高 8/14盤中衝上542元新高後賣壓湧現低點觸及501元終場小跌收512元籌碼已見鬆動 毛利率79.49%屬記憶體循環高點水準 報價一旦反轉獲利下滑速度同樣劇烈；已做個股摘要；來源ctee 20260815700010 + ctee 20260815700576
2026-08-15,里昂證券（CLSA 具名 惟數字未取得）,外資,金像電(2368),PCB／印刷電路板,待確認,待確認,本場次背景紀錄 因未取得數字不另建摘要；經濟日報9693480標題載 里昂 估金像電第3季營收將季增28% 見報2026/08/15 14:57 為本場次窗口內唯一的新券商稿件標題 惟內文未能取得(該URL不在provenance集合內 多組WebSearch關鍵字均未帶回該篇) 目標價與評等待補 列為下一場次第一優先；★本系統既有紀錄可對照=統一投顧2026/08/14給金像電1700元(買進 維持目標價) FactSet共識8/12給1695元；風險=僅有標題無內文 未取得評等與目標價 不構成可操作訊號 季增28%為外資預估值非實績；來源udn 9693480(標題見於money.udn.com/money/cate/5590最新清單)
2026-08-15,－(法人未具名 不計列),內資,家登(3680)／仁新(6696),半導體設備／新藥,無具名券商評等,家登上看500元以上 仁新推估1050元,本場次背景紀錄 因券商未具名不計列為券商觀點 不另建摘要；家登=晶圓傳送盒與EUV光罩盒客戶涵蓋台積電先進製程 英特爾重啟擴產專案 聯電等成熟製程大廠 中國半導體在地化需求四大領域 毛利率近5成 今明兩年EPS預估17元與23元 原文稱已有法人報告目標價上看5百元以上；仁新=黃斑部病變用藥已完成三期臨床試驗 轉投資Belite於那斯達克掛牌 法人推估Belite市值約60億美元 仁新持股48.4%即871.2億新台幣 除以8.29億元股本得合理股價1050元；風險=兩檔均為未具名法人數字 未載評等代碼與報告出具日期 家登500元以上為區間表述非明確目標價 仁新1050元為資產價值回推而非獲利評價 未考慮持股折價與臨床商業化風險 本則出自今周刊專家專訪稿 屬個人選股觀點；來源ctee 20260815700010
2026-08-15,－(法人觀點 無個股目標價),－,力積電(6770)／南亞科(2408)／群創(3481)等15檔,市場－選股名單,無個股評等,無個股目標價,本場次背景紀錄 無個股目標價 不另建摘要；工商時報8/15 03:00載 篩選條件=單季毛利率至少連三季向上 搭配外資本周買超逾5000張 及單季EPS為正數 共有力積電 南亞科 群創 旺宏 台塑等15檔入選；萬寶投顧董事長朱成志(具名)稱台股短線觸及46000點後預料進入整理 市場聚焦重心著重於檢視毛利率變化；玉山中小型股基金經理人杜欣霈(具名)稱台股今年獲利年增估達42% 其中AI相關個股更高達53% 惟長短料問題與零組件漲價導致部分產品出貨時程遞延影響毛利率；法人指出南亞科Q2毛利率連四季增長至79.49% 若8 9月營收維持約6%~8%月增 Q3營運動能將優於市場預期 有利評價上修；ABF族群=市場看好欣興Q2毛利率24.8%大幅優於預期 預料長期毛利率有望穩在50%~60% 楊梅光復廠持續擴充ABF產能 EMIB-T即便初期良率目標50%仍有獲利；風險=全數個股無評等與目標價不構成可操作訊號 15檔完整名單原文僅點名5檔(力積電 南亞科 群創 旺宏 台塑)其餘10檔位於圖表中無法取得 為本場次已知缺口 篩選條件為籌碼面加財報面的機械式篩選非研究報告；來源ctee 20260815700023
2026-08-15,－(分析師節目觀點 非券商報告),－,南亞科(2408)／華邦電(2344)／旺宏(2337)／力積電(6770),半導體－記憶體族群,無評等,無目標價,本場次背景紀錄 非券商研究報告 不另建摘要 不計列為券商觀點；工商時報8/15 13:42轉載中時新聞網 資深分析師許博傑(具名 惟為財經節目個人觀點)表示 南亞科作為族群大哥此波漲勢預估將延續至MSCI季度調整8/31生效 建議看著南亞科做華邦電 因華邦電掌握DDR5關鍵技術且目前位階較低最具強勁補漲潛力；論點=華邦電與南亞科同屬記憶體製造商以生產顆粒為主 在記憶體報價狂飆時賣顆粒廠商獲利爆發力通常強於代工廠(如力積電) 旺宏主攻NOR Flash與當前由美光三星帶動的DRAM及NAND現貨漲勢有所區隔；若HBM產能供不應求市場將尋求DDR5作為替代方案 台廠僅南亞科與華邦電具備DDR5生產能力；8/14行情=南亞科衝上542元新高後賣壓湧現盤中低點501元終場小跌0.39%收512元 華邦電旺宏力積電分別漲3.6% 0.3% 4.6% 群聯利多出盡盤中一度觸及跌停終場重挫8.7%收2080元；★分析師自載風險=短線漲勢主要受法人卡位吃豆腐買盤推升 這波指數調整前行情預計維持至8/31正式生效 投資人應密切觀察成交量與股價變化 留意生效日前後是否出現漲勢停滯或利多出盡訊號；風險=非券商研究報告 無評等無目標價無EPS預估 為節目個人觀點 原文自附免責聲明；來源ctee 20260815700576
2026-08-15,－(近24小時無新券商觀點),－,萬潤(6187),半導體－封裝自動化設備(自選股),無新評等,無新目標價,自選股本場次追蹤紀錄 非券商新觀點 不另建摘要；經多來源交叉查核確認2026/08/15 08:10至19:10無任何新券商報告評等或目標價見報；查核來源=鉅亨網外資評等表ratediff(評等日仍停在20260814 該批9檔為元太 中砂 仁寶 廣達 玉山金 統一超 長榮航 文曄 智伸科 全數與萬潤無關 連續第二個場次零新增) 工商時報搜尋頁search/目標價(本場次最高價值來源 完整列出8/12至8/14全部券商評等稿件 無萬潤) 工商時報即時新聞列表(最新至8/15 19:06 無萬潤) 經濟日報證券頻道cate/5590(最新至8/15 14:57 無萬潤) 另加WebSearch多組關鍵字；★重要觀察=8/10公布Q2 EPS 8.50元創單季新高後 已連續十個場次(8/11早盤至8/15盤後)無券商模型更新見報 8/12亮燈漲停收1155元後亦無對應報告 屬純籌碼題材面推升 建議維持每日一次確認的監控節奏 不必每場次列為第一優先 但維持追蹤不中斷；既有紀錄維持不變=高盛證券買進1550元(2026/07/10由1650元下修6.1%) 美銀證券初評買進1500元(2026/07/27 2026/2027/2028年EPS估26.46/41.82/53.34元) 富邦證券看多800元(2026年EPS估20.62元 隱含本益比約38至40倍)；其他可見券商觀點全部早於窗口=大摩1280→1580(2026/05/31) 瑞銀1550 高盛1800 摩根大通1450；來源cnyes ratediff + ctee search 目標價 + ctee livenews + money udn cate 5590 + WebSearch
2026-08-16,里昂證券（CLSA 具名 分析師陳碩文）,外資,金像電(2368),PCB／印刷電路板,原文未載評等,原文未載目標價,本場次背景紀錄 因原文無評等無目標價不另建摘要；★關閉上一場次列為第一優先的覆蓋缺口=08/15盤後僅取得標題 本場次已取得完整內文並逐字確認 全文自始至終未載投資評等亦未載目標價(新值與前值皆無) 屬純預估數字稿而非評等更新稿 這是本則最重要的結論 市場流傳的里昂看金像電一語並不對應任何目標價；見報2026/08/15 14:57 屬窗口外約4小時之補收錄；內文要點=Q2毛利率34.7%低於里昂原估35.7%與市場共識36.0% 主因成本轉嫁存在時間差 營業費用率亦因研發與獎金而偏高；7月單月營收達100億元月增21%年增77%優於市場預期；月產能價值由Q2的75億元升至Q3的94億元 由Trainium3帶動蘇州廠與泰國廠爬坡；★核心預估=在Trainium3與800G交換器需求支撐下 預估Q3營收季增28% 單季毛利率回升至36.3% CCL漲價可透過調價轉嫁；本系統既有紀錄可對照=統一投顧2026/08/14給1700元(買進 維持) FactSet共識2026/08/12給1695元 摩根士丹利2026/08/11維持優於大盤與1660元推測合理股價 里昂本篇不提供第四個數字；風險=★季增28%與毛利率36.3%均為里昂預估值而非實績 ★毛利率回升假設建立在CCL漲價可順利轉嫁之上 而Q2已實際發生轉嫁時間差導致毛利率低於預估 同一風險在Q3未必消失原文未做情境討論 未載報告出具日期 未揭露EPS預估與本益比 無目標價故無法與既有1700元或1695元比對 不構成可操作訊號；來源udn 9693480
2026-08-16,－(近24小時無新券商觀點),－,萬潤(6187),半導體－封裝自動化設備(自選股),無新評等,無新目標價,自選股本場次追蹤紀錄 非券商新觀點 不另建摘要；經多來源交叉查核確認2026/08/15 19:10至08/16 08:10無任何新券商報告評等或目標價見報；查核來源=工商時報即時證券列表livenews/stock(頁面指數區已更新至08/16 07:47但最新稿件停在08/15 17:18 據此確認窗口內零新增而非抓取失敗 為本場次判定零新增的主要依據) 鉅亨網外資評等表ratediff(評等日連續第三個場次停在20260814 該批9檔為元太 中砂 仁寶 廣達 玉山金 統一超 長榮航 文曄 智伸科 全數與萬潤無關) 旺得富理財網(08/16僅出基金 國際 其他三類 上市櫃分類窗口內零稿) 經濟日報money.udn證券頻道(窗口內4則稿件全無具名券商評等與目標價數字 無萬潤) 另加WebSearch多組關鍵字；★重要觀察=8/10公布Q2 EPS 8.50元創單季新高後 已連續十一個場次(8/11早盤至8/16早盤)無券商模型更新見報 8/12亮燈漲停收1155元後亦無對應報告 屬純籌碼題材面推升 建議維持每日一次確認的監控節奏 不必每場次列為第一優先 但維持追蹤不中斷；既有紀錄維持不變=高盛證券買進1550元(2026/07/10由1650元下修6.1%) 美銀證券初評買進1500元(2026/07/27 2026/2027/2028年EPS估26.46/41.82/53.34元) 富邦證券看多800元(2026年EPS估20.62元 隱含本益比約38至40倍)；其他可見券商觀點全部早於窗口=大摩1280→1580(2026/05/31) 瑞銀1550 高盛1800 摩根大通1450;來源ctee livenews stock + cnyes ratediff + wantrich hotlist + money udn + WebSearch
2026-08-16,法人（工商時報未具名）,－,川湖(2059),AI伺服器零組件－機櫃滑軌,買進（維持）,15500(原文未載該券商前值),★本場次最重要訊號 也是本系統收錄以來川湖單筆最高目標價=15500元較本系統既有最高的高盛12000元(2026/07/12)再高29.2% 較FactSet外資共識10525元(2026/08/10 由9970元上修 評等買進)高47.3%(均為本系統回算)；以8/14收盤12500元計算隱含空間約+24.0%(本系統回算)；★訊號品質較高的理由=本次上修伴隨營收與EPS預估同步大幅上調 非單純評價倍數擴張；7月自結=歸屬母公司淨利47.87億元年增321.08% 單月EPS 50.24元等於一個月賺逾5個股本 單月即賺進去年全年獲利近半 前7月累計淨利153.61億元累計EPS 161.2元；Q2實績=財報大幅優於原預期 營收獲利同步強勁成長 毛利率飆升至87.4%創歷史新高 目前產能利用率70%~80%；★Q3雙重動能=VR新平台與ASIC伺服器產品放量 加上美國休士頓新廠逐步開出產能 Q3營收預估由69.5億元大幅上修至179.6億元(+158.4%) 單季EPS由40.27元上修至116.39元(+189.0% 本系統回算)；2026年=營收預估由260億元上修至525億元 全年EPS由160.66元上修至348.51元(+116.9% 本系統回算)；2027年=營收預估由346億元上修至824億元 EPS由207元上修至534.43元(+158.2% 本系統回算)；單價超預期=供應鏈調查顯示新一代導軌不論應用於VR AWS T3或AMD平台單價均高於先前估計 平台升級除帶動出貨量也同步推升單機價值；市場地位=法人預估川湖在AI伺服器機櫃滑軌(含GPU與ASIC伺服器)市占率可望超過八至九成 HGX平台及客製化機櫃因技術與進入門檻更高甚至有機會近乎獨佔；市場焦點已由川湖能否成為萬元股轉為能否挑戰信驊(5274)的股王地位 8/14收12500元創新高股價已超越穎崴(6515)成為台股股后；風險=★券商未具名且原文未載該券商目標價前值 無法計算單一機構調整幅度亦無法比對歷史預估準確度 未載報告出具日期 ★上修幅度極端(Q3營收+158% 2026年EPS+117% 2027年EPS+158%)單次調整幅度如此之大本身即代表原模型與現況落差已久或新模型假設高度樂觀 兩者都意味預估區間不確定性偏高 未揭露評價年度與本益比 以15500元對2026年EPS 348.51元回算約44.5倍 對2027年EPS 534.43元約29.0倍(本系統回算)原文未說明採用何者 毛利率87.4%屬極端高檔水準任何價格或產品組合反轉獲利下滑速度同樣劇烈原文未做敏感度分析 產能利用率70%~80%與2026年營收由260億跳增至525億(+102%)的產能對應關係原文未交代 休士頓新廠爬坡時程與良率風險未討論 市占八至九成與HGX近乎獨佔為定性描述未提供資料來源或客戶認證進度 見報時股價已大幅反映 且川湖係因近期漲多應主管機關要求才公告自結數籌碼面須留意；★下一場次查證=15500元出自哪一家券商 建議等08/17後鉅亨網ratediff進表確認；已做個股摘要；來源ctee 20260816700331
2026-08-16,法人（工商時報未具名）,－,長榮(2603),航運－貨櫃,中立（維持）,原文未載目標價,屬長榮/陽明/萬海三檔同步維持中立之族群性評等重申 非個股差異化判斷；見報2026/08/16 14:17；★本則為財報好但評等不動的個案=Q2財報亮眼且Q3營運仍有機會優於Q2 但獲利高峰很可能就落在Q3 Q4反而明顯降溫 亮眼獲利未轉化為股價漲勢；長榮Q2稅後淨利160.34億元年增46.33% 單季EPS 7.41元 上半年稅後淨利243.37億元年減36.48% 上半年EPS 11.24元；★三檔中唯一上半年獲利年減者(-36.48%) Q2單季雖年增46.33%但累計數仍低於去年同期 代表Q1基期偏弱 獲利回升持續性須觀察；運價高檔三支撐=美國關稅政策變動使部分貨主提前出貨 中東戰事推升航行風險航商避開紅海拉長航程壓縮有效運力 亞洲部分轉運港口塞港加上航商調控運力；美國線=8月運價重新走升需求維持旺季水準 美東線供需結構較美西線有利為Q3重要支撐；歐洲線=紅海短期難恢復供給仍受約束 但前期運價已處高位預期短期緩跌大幅上漲空間有限；風險=★提前透支為法人核心疑慮 這波回升相當程度來自關稅因素驅動的提前出貨屬一次性需求前移非結構性成長 ★9月以後進入旺季需求尾聲搶運需求可能消退 Q3可能是今年獲利高峰Q4明顯降溫 ★2027年新船持續交付運力增加若需求無法同步吸收供過於求將重新壓抑運價與獲利 地緣政治為雙面刃 紅海繞行目前是壓縮運力的利多 一旦中東緩和航商恢復紅海航線等同瞬間釋放大量運力原文未做情境試算 券商未具名未載報告出具日期未揭露EPS預估目標價與評價倍數 不構成可操作價位訊號僅供評等方向參考 本則為新聞轉述非報告原文；已做個股摘要；來源ctee 20260816700421
2026-08-16,法人（工商時報未具名）,－,陽明(2609),航運－貨櫃,中立（維持）,原文未載目標價,屬長榮/陽明/萬海三檔同步維持中立之族群性評等重申；見報2026/08/16 14:17；陽明Q2稅後純益57.34億元年增4.82倍 單季EPS 1.64元 遠優於Q1的0.41元(季增約300%) 上半年稅後純益71.69億元 上半年EPS 2.05元；★年增4.82倍主要來自去年同期極低基期 不代表經常性獲利能力 三檔中絕對獲利規模最小；產業論點與風險同族群觀點=Q3營運仍有機會優於Q2 但Q2Q3已有部分需求提前釋放 Q4進入傳統淡季運價恐回落 2027年貨櫃船運力供給增加長期供需結構不利；運價高檔支撐=關稅因素提前出貨 紅海繞行壓縮有效運力 亞洲轉運港塞港與航商調控運力 8月美國線運價重新走升美東線供需優於美西線；歐洲線前期運價已高預期緩跌；風險=★提前透支疑慮 ★9月後旺季需求尾聲Q3可能為今年獲利高峰 ★2027年新船交付供給壓力 中東情勢一旦緩和紅海復航將瞬間釋放運力原文未做情境試算 券商未具名未載報告出具日期未揭露EPS預估與目標價 不構成可操作價位訊號 本則為新聞轉述非報告原文；已做個股摘要；來源ctee 20260816700421
2026-08-16,法人（工商時報未具名）,－,萬海(2615),航運－貨櫃,中立（維持）,原文未載目標價,屬長榮/陽明/萬海三檔同步維持中立之族群性評等重申；見報2026/08/16 14:17；萬海Q2稅後純益115.35億元年增9.71倍 單季EPS 4.11元 上半年稅後純益192.06億元年增96% 上半年EPS 6.84元；★三檔中成長結構最完整者=Q2單季(4.11元)優於Q1(2.73元) 且上半年年增96% 單季與累計同步成長 與長榮的累計年減與陽明的極低基期形成對比 惟即使成長結構最佳仍僅獲中立評等 顯示法人的保留來自產業周期判斷而非個股體質；產業論點=Q3營運仍有機會優於Q2 8月美國線運價重新走升需求維持旺季水準美東線供需優於美西線 歐洲線紅海短期難恢復供給受約束但前期運價已高預期緩跌；風險=★提前透支為核心疑慮 關稅因素驅動的提前出貨屬一次性需求前移 ★9月後進入旺季需求尾聲 Q3可能為今年獲利高峰Q4明顯降溫 ★2027年新船持續交付運力增加供過於求將重新壓抑運價 中東緩和後紅海復航將瞬間釋放運力原文未做情境試算 券商未具名未載報告出具日期未揭露EPS預估與目標價 不構成可操作價位訊號 本則為新聞轉述非報告原文；已做個股摘要；來源ctee 20260816700421
2026-08-16,－(重複 已收錄不計列),外資,東陽(1319),汽車零組件－AM售後維修,買進（由持有升評）,115(前值81),本場次背景紀錄 因與既有紀錄為同一則不重複計列；經濟日報2026/08/16 17:39外資看好東陽未來營運成長動能一稿 內容為亞系外資將投資評等由持有調升至買進 目標價由81元調高至115元 與本系統2026/08/15已收錄之工商時報稿(ctee 20260814700833)為同一份報告的不同媒體轉述 數字完全一致 ★本則的價值在於交叉驗證=同一份未具名亞系外資報告經工商時報與經濟日報兩家獨立報導 評等與目標價數字均一致 可提高該筆紀錄的可信度；既有摘要不需更新；來源money udn 9694942
2026-08-16,－(近24小時無新券商觀點),－,萬潤(6187),半導體－封裝自動化設備(自選股),無新評等,無新目標價,自選股本場次追蹤紀錄 非券商新觀點 不另建摘要；經多來源交叉查核確認2026/08/16 08:10至19:10無任何新券商報告評等或目標價見報；查核來源=鉅亨網外資評等表ratediff(評等日連續第四個場次停在20260814 該批9檔為元太 中砂 仁寶 廣達 玉山金 統一超 長榮航 文曄 智伸科 全數與萬潤無關) 工商時報8/16當日全部證券稿件(經文章側欄相關新聞與熱門證券新聞清單取得 共檢視川湖 航運三雄 台積電外媒 鴻海國巨專家 臻鼎擴產 可成 南亞科等 無萬潤) 經濟日報即時總覽rank/newest/1001與證券分類rank/newest/1001/5590(兩頁均已更新至8/16 18:52 窗口內證券類稿件無萬潤) 旺得富理財網(8/16窗口內無上市櫃分類新稿) 另加WebSearch多組關鍵字；★重要觀察=8/10公布Q2 EPS 8.50元創單季新高後 已連續十二個場次(8/11早盤至8/16盤後)無券商模型更新見報 8/12亮燈漲停收1155元後亦無對應報告 屬純籌碼題材面推升 建議維持每日一次確認的監控節奏 不必每場次列為第一優先 但維持追蹤不中斷；既有紀錄維持不變=高盛證券買進1550元(2026/07/10由1650元下修6.1%) 美銀證券初評買進1500元(2026/07/27 2026/2027/2028年EPS估26.46/41.82/53.34元) 富邦證券看多800元(2026年EPS估20.62元 隱含本益比約38至40倍)；其他可見券商觀點全部早於窗口=大摩1280→1580(2026/05/31) 瑞銀1550 高盛1800 摩根大通1450;來源cnyes ratediff + ctee 8/16全稿 + money udn rank newest 1001與5590 + wantrich + WebSearch
2026-08-17,花旗環球證券（具名）,外資,華碩(2357),電子代工／PC品牌－AI伺服器,看多（原文未載制式評等代碼）,1100(原文未載前值),見報2026/08/17 03:00 工商時報記者簡威瑟；★本場次5筆新觀點全部出自具名券商 為近一週資訊層級最高的一場 與前四場次未具名法人為主的結構明顯不同；Q2營益率優於預期 單季EPS 25.64元超越市場共識；AI伺服器營收提升 GB機櫃已占伺服器營收約30%；管理階層展望Q3伺服器營收季增10%~15%；★核心上修理由=管理階層透露受惠Neocloud與企業客戶強勁部署 訂單能見度延長 將全年伺服器營收年增預估由原先100%大幅上調至逾150%；花旗環球認為產品組合轉向機櫃級雖可能壓抑毛利率 但營運規模擴大帶來更強營運槓桿 可推動營益率超越長期設定的4%~5%目標；EPS預估2026/2027/2028年78.03/85/93.21元 以2026年回算1100元隱含本益比約14.1倍 以2027年約12.9倍(本系統回算)；本系統既有序列=本土大咖投顧買進1200元(2026/07/28) FactSet外資共識860元(2026/08/13 14位分析師樂觀6中立8悲觀1) 1100元高於共識27.9%但低於7/28本土投顧8.3%(本系統回算)；風險=原文未載該行目標價前值與報告出具日期無法計算調整幅度；★量的大幅上修(伺服器營收年增100%→逾150%)與明言毛利率受壓抑方向相反 整套邏輯建立在營運槓桿能勝過毛利率稀釋 原文未做敏感度分析；同窗口內大摩下修Q3筆電出貨6%為華碩PC本業逆風但本則未討論；★凱基投顧同日給出完全相同的1100元 須留意是否互相參照 若是則不構成兩個獨立訊號；已做個股摘要；來源ctee 20260817700175
2026-08-17,凱基投顧（具名）,內資,華碩(2357),電子代工／PC品牌－AI伺服器,原文未載制式評等文字,1100(原文未載前值),★本場次唯一的內資具名券商觀點；見報2026/08/17 03:00 工商時報；原文僅載花旗環球與凱基投顧將華碩股價預期同步升至1100元 內外資給出完全相同數字屬較少見情況；★資訊層級偏低=未載凱基投顧個別論述 EPS預估 目標本益比 評等代碼 目標價前值與報告出具日期 1100元無法回算驗證；★因數字與花旗環球完全相同 無法排除互相參照或報導併稱 不應視為兩個獨立訊號；共同產業背景=Q2營益率優於預期EPS 25.64元 GB機櫃占伺服器營收約30% 管理階層展望Q3伺服器季增10%~15%(此三項均出自同篇報導中花旗環球段落 不必然等同凱基模型假設)；本系統既有序列=本土大咖投顧1200元(7/28) FactSet共識860元(8/13)；已做個股摘要；來源ctee 20260817700175
2026-08-17,野村證券（具名 分析師李佳伶）,外資,廣達(2382),電子代工－ODM／AI伺服器,看多（原文未載制式評等代碼）,626(原文未載前值),★本場次最重要訊號 626元較本系統既有FactSet外資共識412.5元(2026/08/14 原文評等欄位載無)高出51.8%(本系統回算) 為本場次幅度最大的一筆；見報2026/08/17 03:00 工商時報記者簡威瑟；★核心觸發=廣達法說會釋出AI伺服器訂單旺到2028年；野村上修理由有二=AI伺服器成長展望轉強 納入下一代AI伺服器單位售價提高助益；EPS預估2026/2027/2028年28.11/34.8/40.42元 年增幅度均在雙位數以上；★評價方法=以2027年預估EPS給予18倍目標本益比 位於歷史8~19倍區間上緣 廣達目前位於2027年預估本益比9倍位置；議價能力論述=管理階層認同同業對AI伺服器ODM議價能力提升的看法 理由是除傳統前五大CSP外市場出現更多如neocloud這類具規模AI客戶 同時能大規模生產最先進AI伺服器的ODM廠商仍有限；營運資金改善=部分客戶同意自下半年起將部分專案轉為客戶供料商業模式；同場次瑞銀 花旗環球 大和資本亦最新攜手調升 惟原文未揭露各自數字；★最重要風險=626元的空間主要來自評價倍數擴張而非單純獲利上修 由現行9倍拉到18倍目標本益比整整翻一倍且已位於歷史區間上緣 若市場不願給到區間頂端 即使EPS完全達標目標價仍難達成 訊號品質低於純獲利驅動個案；★626元較共識412.5元偏離51.8%不宜與共識直接平均 須先確認評價年度是否一致(野村用2027年 共識年度未載)；★同窗口內摩根士丹利下修Q3筆電出貨6%至2730萬台(季減10%年減20%) 前五大ODM 7月出貨820萬台較大摩原估低4% 其中即點名廣達 廣達NB代工本業正面臨明確逆風 本則原文完全未討論PC端稀釋 兩則應並讀；其他風險=未載野村目標價前值與報告出具日期 訂單旺到2028年與議價能力提升均為管理階層說法與定性描述未提供合約金額或客戶認證進度 客戶供料模式雖改善營運資金但同時壓縮營收認列規模原文未說明影響；已做個股摘要；來源ctee 20260817700175
2026-08-17,瑞銀／花旗環球／大和資本（具名 惟數字未載）,外資,廣達(2382),電子代工－ODM／AI伺服器,調升（方向已載）,待確認,本場次背景紀錄 因未取得數字不另建摘要；工商時報20260817700175原文載瑞銀 花旗環球 大和資本及野村證券等最新攜手調升廣達股價預期 最高為野村賦予的626元 潛在漲幅將近翻倍 惟前三家各自的目標價數字原文完全未揭露；★本則的價值在於證明626元並非孤立觀點 而是法說會後四家同步上修的一部分 但也因此無法判斷626元在四家中是離群值還是共識中值；列為下一場次第一優先待補 建議等08/17盤後鉅亨網ratediff進表比對；來源ctee 20260817700175
2026-08-17,滙豐證券（HSBC 具名）,外資,長榮(2603),航運－貨櫃,買進（重申）,270(前值255),★本場次第二重要訊號 也是本系統目前最短時間內出現的一組評等分歧=本系統2026/08/16才收錄工商時報未具名法人中立(維持) 原文未載目標價 僅隔一日滙豐證券即以具名身分重申買進並將目標價由255元上修至270元 調升5.88%(本系統回算) 同一檔股票同一份Q2財報兩方結論相反；見報2026/08/17 03:00 工商時報記者楊淨淳；8/14收219元為除息後新高 距今年填息目標價220.5元一步之遙 270元對219元隱含空間約+23.3%(本系統回算)；Q2實績=營收1051.61億元季增21.56%年增21.6% 營業成本雖增19%至860億元 但歸屬母公司稅後純益攀升46.33%至160.34億元 營收與獲利雙雙優於滙豐預期；★需求論點=滙豐明確主張Q2亞洲出口需求上揚並非僅來自提前拉貨 而是擁有穩健的實質需求支撐 此點與08/16法人提前透支疑慮針鋒相對；★供給論點=除持續塞港外 亞洲出口需求成長遠大於回程需求導致空櫃調度困難 加上多年來產業對內陸碼頭 卡車 鐵路及水路基礎設施投資不足 運力限制已從船舶轉向陸路；7月營收驗證=480.79億元年增43.07%月增22.83% 遠超疫情前6~7月平均僅4%的月增幅 成長力道甚至超越運價指數漲幅(SCFI 7月漲5% CCFI月漲21%) 顯示優質貨量結構與有效反應運價漲勢能力 7月單月營收即占滙豐對長榮下半年預估總營收的22%；★核心預估=Q3平均運價季增11% 港口塞港與航網中斷將使供需結構更緊繃；★最大判讀風險=兩天內相反結論無法同時成立 差異根源在對需求性質的認定 建議把Q3運價是否真如滙豐預估季增11%列為後續追蹤的單一關鍵指標；其他風險=Q3運價季增11%為預估值且為整套多頭邏輯的支點 地緣政治為雙面刃紅海繞行目前是壓縮運力的利多一旦中東緩和航商復航等同瞬間釋放大量運力原文未做情境試算 2027年新船持續交付本則原文未涵蓋 ★上半年EPS 11.24元仍年減36.48%代表Q1基期偏弱獲利回升持續性待觀察 未載滙豐EPS預估與目標本益比270元無法回算 未載報告出具日期 調升幅度僅5.88%屬溫和微調訊號強度低於本場次廣達與華碩；已做個股摘要；來源ctee 20260817700172
2026-08-17,瑞銀證券／摩根大通證券（具名 策略團隊）,外資,大盤／19檔優先清單,市場－策略,無個股評等,無個股目標價,本場次背景紀錄 因無個股目標價不另建摘要；見報2026/08/17 03:00 工商時報；瑞銀台股策略分析師陳玟瑾(具名)指出未發現任何系統性風險即將發生的跡象 尤其看好AI供應鏈；★MSCI台灣指數今明兩年獲利成長率預估已由5月的38%與25%上調至51%與29% 過去30天以半導體與PCB產業獲利預估上調幅度最大 其次為下游硬體科技；瑞銀全球研究團隊同步上調美國四大超大規模雲端服務商營運現金流預估 認為資本支出將持續為台灣科技供應鏈帶來向上空間 成長動能正逐漸擴散至工業應用領域；摩根大通股市策略團隊指出科技類股近期去風險操作短期看來已過度 真正改變的不是獲利展望而是市場部位 維持新興市場股市加碼 預期未來幾周出現技術性反彈 下半年各主要指數將再創新高；★瑞銀台股優先投資清單經本次調整後看好個股陣容罕見龐大達19檔 原文僅點名台積電 創意 頎邦 日月光投控 貿聯-KY等5檔 其餘14檔位於圖表中無法取得 為本場次已知缺口 列為下一場次待補；籌碼面=7月加權指數重挫3006點外資賣超現貨7389億元期貨未平倉淨空單屢創新高 8月迄今指數大漲2691點外資連五買波段加碼2061億元 8月以來累計買超2328億元 淨空單由逾9萬口高峰降至8.5萬口；風險=全數為大盤與族群層級觀點 無個股評等與目標價 不構成可操作個股訊號；來源ctee 20260817700038
2026-08-17,摩根士丹利（具名 惟無評等無目標價）,外資,筆電ODM族群（廣達2382等）,電子代工－筆電ODM,無評等,無目標價,本場次背景紀錄 因無評等無目標價不另建摘要；經濟日報2026/08/17 00:56記者張瀞文；★本則為本場次唯一的空方素材 建議與同窗口的廣達626元並讀；大摩指前五大筆電ODM 7月出貨820萬台 較大摩原先預估低4%；★將Q3筆電出貨下修6%至2730萬台 季減10% 年減20%；原文提及廣達(2382) 緯創 仁寶 和碩(4938)的Q2實際與預期落差 但未給任何個股評等或目標價；風險=僅為產業出貨量預估非投資評等 未載報告出具日期 未揭露對各ODM廠獲利的量化影響 不構成可操作訊號 惟方向明確與AI伺服器樂觀敘事形成對照 對PC占比高者(華碩 廣達)的風險提示價值高於其資訊完整度；來源money udn 9695049
2026-08-17,－(法人／供應鏈 無個股目標價),－,信驊(5274)／15檔基本面雙優／16檔績優股,市場－選股名單與供應鏈,無評等,無目標價,本場次背景紀錄 三則合併 均無個股目標價不另建摘要；(1)信驊5274=工商時報8/17 03:00記者張珈睿 供應鏈透露信驊過去未曾與客戶簽長期供貨協議LTA 近期首度與多家大型CSP客戶簽約其餘合約接近完成 原則上為期一至二年 部分客戶需求可掌握至2028年 2027年Q1訂單已達相當規模 ★採保量不保價模式 客戶承諾採購量信驊預留產能 未針對售價 若晶圓代工載板或封測成本上升公司仍可調整報價 部分客戶安全庫存可能由四個月提高至六個月 出自供應鏈訪查非券商報告；(2)15檔基本面雙優=工商時報8/17 03:00依CMoney統計Q2三率三升且7月營收年月雙增 前15檔為台積電 緯穎 日月光投控 統一 長榮 南亞科 南亞 中鋼 群聯 華邦電 聯電 陽明 台光電 光寶科 萬海 屬機械式篩選非研究報告 具名法人僅國泰投信之大盤看法；(3)16檔績優股=工商時報8/16 03:00稿 屬前場次覆蓋缺口之補收錄 南亞科 華邦電 至上 緯創 鈺創 技嘉 台積電 晶豪科 奇鋐 藥華藥 台光電等16檔前兩季獲利連創新高且法人周買超1526~6.84萬張 ★原文僅點名11檔其餘5檔在圖表中無法取得 具名者為華南投顧呂仁傑 富邦投顧陳奕光 群益投顧蔡明彥 均為指數目標(年底看50000甚至53000點)無個股目標價；風險=三則全數無個股評等與目標價 不構成可操作訊號；來源ctee 20260817700041 + 20260817700178 + 20260816700018
2026-08-17,－(近24小時無新券商觀點),－,萬潤(6187),半導體－封裝自動化設備(自選股),無新評等,無新目標價,自選股本場次追蹤紀錄 非券商新觀點 不另建摘要；經多來源交叉查核確認2026/08/16 19:10至08/17 08:10無任何新券商報告評等或目標價見報；查核來源=★工商時報8/17盤前掃描(20260817700324 07:12出刊 完整列出當日利多12條利空2條並附全文連結 全數逐條檢視無萬潤 本場次5筆新觀點全由此入口取得) 工商時報熱門新聞頁hotnews(即時區已更新至08/17 07:49 為全站快取最新入口) 經濟日報08/16 23:00至08/17 08:10約30則稿件逐篇檢視無萬潤 鉅亨網外資評等表ratediff(評等日連續第五個場次停在20260814 該批9檔為元太 中砂 仁寶 廣達 玉山金 統一超 長榮航 文曄 智伸科 全數與萬潤無關) 另加WebSearch多組關鍵字(僅帶回既有的富邦800元舊稿)；★重要觀察=8/10公布Q2 EPS 8.50元創單季新高後 已連續十三個場次(8/11早盤至8/17早盤)無券商模型更新見報 8/12亮燈漲停收1155元後亦無對應報告 屬純籌碼題材面推升 建議維持每日一次確認的監控節奏 不必每場次列為第一優先 但維持追蹤不中斷；既有紀錄維持不變=高盛證券買進1550元(2026/07/10由1650元下修6.1%) 美銀證券初評買進1500元(2026/07/27 2026/2027/2028年EPS估26.46/41.82/53.34元) 富邦證券看多800元(2026年EPS估20.62元 隱含本益比約38至40倍)；其他可見券商觀點全部早於窗口=大摩1280→1580(2026/05/31) 瑞銀1550 高盛1800 摩根大通1450；來源ctee 20260817700324 + ctee hotnews + money udn 窗口內全稿 + cnyes ratediff + WebSearch
2026-08-17,美系券商（經濟日報未具名）,外資,南亞科(2408)／華邦電(2344)／力積電(6770),半導體－記憶體,重申正向（原文未載評等代碼）,原文未載目標價,本場次唯一具論述的外資新觀點 惟無目標價故不另建個股摘要（華邦電另因FactSet共識更新而有摘要）；見報2026/08/17 10:36 經濟日報記者廖賢龍 全文僅167字；★核心論點=「沒有LTA（長期供貨協議）不一定是壞事」 對記憶體產業重申正向 並上修南亞科 華邦電 力積電三檔獲利預估；價格預估=DDR4第3季價格上漲50% 第4季仍有雙位數百分比漲價 SLC NAND第3季與第4季價格都將上漲逾50% NOR Flash第4季展開新一輪漲價且動能延續至2027年第1季；★本則對旺宏(2337)的意義=NOR Flash被列為Q4起的獨立漲價週期 與本系統2026/08/15收錄的分析師許博傑觀點（認為旺宏主攻NOR Flash 與美光三星帶動的DRAM及NAND現貨漲勢有所區隔 隱含受惠度較低）判斷不同 建議留意；風險=★原文未載任何個股評等代碼 目標價 EPS預估與上修幅度 不構成可操作訊號 券商未具名僅載美系大行 未載報告出具日期 全文僅167字資訊密度極低 DDR4漲50%與SLC NAND漲逾50%均為預估值非實績 漲價幅度預估越高模型對價格假設依賴越深 記憶體族群短線動能高度依賴MSCI季調8/31生效前卡位買盤屬事件驅動；來源udn 9695889
2026-08-17,FactSet外資共識（鉅亨網外資評等表 評等日20260817）,外資,仁寶(2324)／旺宏(2337)／華邦電(2344)／華碩(2357)／長榮航(2618)／智伸科(4551)／緯穎(6669),市場－外資共識批次更新,本表評等欄位全數為空,見各檔明細,★鉅亨網外資評等表在連續五個場次停在20260814之後 於本場次恢復更新 評等日20260817共7檔進表 全數為FactSet共識且評等欄位皆空；逐檔=仁寶(2324)新40 前值35.75(8/14 評等符合市場) 再前值31 三日內連兩次上修累計+29.03% 惟40元已低於現價41.65元隱含-3.96% 共識落後股價；旺宏(2337)新183 本表未載前值 現價129.5 隱含+41.31%為本場次最大 與同日美系券商NOR Flash Q4漲價論述方向一致；華邦電(2344)新238 前值236(8/11) 僅上修0.85% 現價181.5 隱含+31.13% ★共識微調0.85%與同日美系券商上修獲利的敘事強度落差極大 不應解讀為群體看法轉強；華碩(2357)新1030 本表未載前值 現價938 隱含+9.81% ★對照本日早盤已收錄之花旗環球與凱基投顧同給1100元 共識1030元較1100元低6.36% 代表1100元屬共識偏樂觀端而非離群值 性質與野村給廣達626元較共識高51.8%完全不同 另本系統既有FactSet共識8/13為860元 13個交易日內上修19.77%；長榮航(2618)新47.75 前值46.25(8/14) 上修3.24% 現價41.8 隱含+14.23% ★注意長榮航為航空 與本場次法人給貨櫃三雄中立之產業完全不同不可混為一談；智伸科(4551)新238 前值232.5(8/14) 再前值240(8/12) ★三日內先下修再上修往返 幅度均在3%上下 屬共識樣本組成變動而非觀點轉向 建議視為約235±5元區間；緯穎(6669)新8022.5 本表未載前值 為本系統首次收錄緯穎共識價 既有序列為空 現價6620 隱含+21.19% 為本場次金額最高者（隱含空間均為本系統回算）；風險=★FactSet為分析師共識統計非任何單一機構研究報告 7檔評等欄位全數為空 無論述 無EPS預估 無目標本益比 全部無法回算驗證 共識價會平滑掉離群值故其穩定不等於可靠而是分歧被隱藏 其中旺宏 華碩 緯穎三檔本表未載前值無法判斷是上修下修或首次納入；已為7檔各做個股摘要；來源cnyes ratediff
2026-08-17,法人（經濟日報未具名）,－,長榮(2603)／陽明(2609)／萬海(2615),航運－貨櫃,中立（暫維持）,原文未載目標價,★本場次最重要的判讀衝突=與本日早盤場次已收錄之滙豐證券（具名 分析師稿）重申買進並將長榮目標價由255元上修至270元 方向完全相反 同一天 同一批Q2財報 同一組運價數據 兩方結論相反 建議旺來把Q3運價是否真如滙豐預估季增11%列為單一關鍵追蹤指標；本則亦為2026/08/16已收錄之工商時報法人中立的延續與重申 評等結論相同故不重複計列為新評等 但含新增數據故留存紀錄；見報2026/08/17 10:58 經濟日報記者周克威；★運價實績=SCFI截至上週3355.24點週漲2.4% 美東線週漲2.9% 美西線週漲3.5% 歐洲線週跌0.6% 已連續第三週反彈；美國線=近期需求仍維持旺季水準；歐洲線=葉門胡塞組織持續於紅海攻擊船隻 馬士基仍將航線納入復航紅海的考量 惟中東戰事局勢反覆 安全疑慮未完全解除前其他航商不至於大規模復航 因先前運價水準已高 短期內維持緩跌；★9月之後進入旺季需求尾聲 預期運價欲漲不易；★本場次新增之油價變數=新加坡低硫油戰前約每噸500美元 戰後一度漲至1120美元 近期約820美元 以每噸漲100美元估算 美西線燃油單位成本上漲100美元 歐洲線約上漲50美元 以目前歐美線運價水準而言燃油成本上漲對航商獲利影響有限；★核心結論=航商第3季獲利將較第2季進一步走高 但第4季進入需求淡季營運將呈價量俱跌 因此對海運股後市評價暫維持中立；本日行情反證=長榮陽明萬海17日齊漲 萬海一度漲停 航運指數大漲4%創一年來新高 長榮海運完成填息 外資買超前十名中航運股占3檔 股價表現與法人中立評等背離；風險=券商未具名 未載報告出具日期 未揭露EPS預估 目標價與評價倍數 不構成可操作價位訊號僅供評等方向參考 本則為新聞轉述非報告原文 中立評等已與8/16同結論故非新增觀點 ★紅海復航為雙面刃 馬士基已納入考量代表復航風險正在升高 一旦其他航商跟進將瞬間釋放大量運力 原文未做情境試算；來源udn 9695973
2026-08-17,資深證券分析師（經濟日報未具名）,－,欣興(3037)／南電(8046)／景碩(3189)／臻鼎-KY(4958),PCB／ABF載板,無評等（僅稱值得留意）,無目標價,本場次背景紀錄 因無評等無目標價不另建摘要；見報2026/08/17 11:25 經濟日報記者李慧蘭；分析師觀點=ABF是PCB族群中能見度最高的領域之一 欣興 南電 景碩值得留意 隨AI GPU ASIC與HPC需求持續擴張 高階載板需求維持成長 從各廠接單 獲利到擴產規模均可看出產業景氣正在升溫；欣興(3037)=17日攻上漲停1120元 成交量逾4.2萬張 公司法說稱AI產品占營收比重上半年已超過6成 下半年可望提升至7成 加上價格調整反映成本 下半年營運展望相對樂觀 產能光復二期預計Q3投產 光復二廠規劃明年Q2開出；景碩(3189)=盤中最高932元 距939元歷史高點僅7元 上半年稅後純益18.6億元年增203% EPS 3.74元 今年資本支出原規劃約80億元 2027年可望提高至100億元 近期再獲核准196億元新增專案預算 法人看好其CPU市占提升並布局GPU應用 BT載板受惠記憶體需求 轉單及光模組需求；南電(8046)=上半年稅後純益35.7億元年增177.11倍 EPS 5.53元 AI應用業績占比逾5成 今年投資規模將創歷史新高 載板占整體業績比重接近9成其中ABF高於BT；臻鼎-KY(4958)=7月營收再創今年新高 伺服器 光模塊及IC載板業務維持三位數年增 2026年相關業務營收目標維持成倍成長；★籌碼面分化為本則最值得注意處=上週欣興獲三大法人買超1萬2738張 景碩買超1770張 但南電賣超2416張 臻鼎-KY遭賣超1萬4031張其中外資賣超1萬1312張 法人論述看好全族群但實際資金只進欣興與景碩 說法與動作不一致；景碩 南電雙雙入選MSCI 8月全球標準指數；風險=無評等無目標價不構成可操作訊號 分析師未具名 為盤中即時解盤稿非研究報告 資本支出與擴產進度為公司規劃非實績 市場後續聚焦輝達8/26財報 觀察AI需求展望能否驗證高階載板成長動能；來源udn 9696041
2026-08-17,－(近24小時無新券商觀點),－,萬潤(6187),半導體－封裝自動化設備(自選股),無新評等,無新目標價,自選股本場次追蹤紀錄 非券商新觀點 不另建摘要；經多來源交叉查核確認2026/08/17 08:10至19:10無任何新券商報告評等或目標價見報；查核來源=★鉅亨網外資評等表ratediff(本場次為關鍵 該表在停更五個場次後恢復更新 評等日20260817共7檔進表為仁寶 旺宏 華邦電 華碩 長榮航 智伸科 緯穎 全數與萬潤無關 這是本場次判定零新增最有力的一項 因為表本身已證明是活的而非快取失效) 工商時報即時證券列表livenews/stock(本場次快取新鮮 更新至08/17 18:36 逐則檢視30則無萬潤) 經濟日報證券頻道cate/5590與最新清單(更新至08/17 19:07 逐則檢視無萬潤) 另加WebSearch專搜萬潤6187外資目標價(僅回傳Goodinfo nStock 愛玩股等行情站與一則舊的外資100元舊稿 無2026年8月新報告)；★重要觀察=8/10公布Q2 EPS 8.50元創單季新高後 已連續十四個場次(8/11早盤至8/17盤後)無券商模型更新見報 8/12亮燈漲停收1155元後亦無對應報告 屬純籌碼題材面推升 建議維持每日一次確認的監控節奏 不必每場次列為第一優先 但維持追蹤不中斷；另註=經濟日報8/17權證版有萬潤 竑騰 選逾六個月一稿(udn 9695096 00:39)屬權證推介非券商評等 且發布時點在本場次窗口之前；既有紀錄維持不變=高盛證券買進1550元(2026/07/10由1650元下修6.1%) 美銀證券初評買進1500元(2026/07/27 2026/2027/2028年EPS估26.46/41.82/53.34元) 富邦證券看多800元(2026年EPS估20.62元)；其他可見券商觀點全部早於窗口=大摩1280→1580(2026/05/31) 瑞銀1550 高盛1800 摩根大通1450；來源cnyes ratediff + ctee livenews stock + money udn cate 5590 + WebSearch
2026-08-18,花旗環球／摩根大通／瑞銀證券（三家併稱 瑞銀分析師蘇厚合具名）,外資,世芯-KY(3661),半導體－IC設計服務／AI ASIC,重申正向（原文未載制式評等代碼）,6600~6800(原文未載前值),★本場次最重要訊號 世芯法說會後三家外資同步重申正向 股價預期6600~6800元；見報2026/08/18 03:00 工商時報記者簡威瑟；★對照本系統2026/08/14美系外資(未具名)加碼(維持)5088元 區間下緣高29.7% 上緣高33.6%(本系統回算)；觸發=北美CSP 3奈米AI加速器進入量產 管理階層預期Q3營收與獲利同步改寫歷史新高 Q4可望持續季增；★瑞銀論述(蘇厚合具名)=世芯對2027年3奈米專案取得更充足晶圓代工與封測產能支援深具信心 呼應瑞銀對Trainium 3出貨量由今年180萬顆提升至2027年280萬顆(年增55.6% 本系統回算)的預估 且世芯與其客戶取得更多晶圓與CoWoS產能 實際出貨量仍有上調空間；瑞銀營收預估=Q3營收309億元 Q4 380億元(季增23%)；EPS預估=2026/2027/2028年159.82/221.11/276.82元(原文僅載外資估計 未說明出自哪一家或是否為共識)；隱含本益比(本系統回算)=以2026年EPS 6600元約41.3倍 6800元約42.5倍 以2027年EPS 6600元約29.8倍 6800元約30.8倍 原文未說明採用年度 兩者差逾10個倍數；★資料矛盾待確認=原文載Q3營收季增304%至309億元 若成立則回推Q2僅約76.5億元 與該公司近期營運規模明顯不符 合理懷疑304%為30.4%誤植(若為30.4%回推Q2約237億元) 本系統僅採信309億與380億兩個絕對值 不採信該季增率；風險=★6600~6800為三家併稱區間 原文未拆解到個別機構 未載任何一家前值與報告出具日期 不應視為三個獨立訊號 ★評價年度未揭露無法判斷保守或積極 ★整套邏輯建立在Trainium 3單一客戶單一專案出貨假設之上 集中度風險原文未做情境試算 ★取得更多晶圓與CoWoS產能及出貨量仍有上調空間均為定性描述與管理階層說法 未提供合約金額產能配額或客戶認證進度 毛利率優於預期未給具體數字 本則為新聞轉述非報告原文 本場次cnyes ratediff回傳落後快取無法取得FactSet共識價對照；已做個股摘要；來源ctee 20260818700079
2026-08-18,金控旗下投顧研究機構（原文未載名稱）＋摩根大通（具名 惟未給目標價）,內資,創意(3443),半導體－IC設計服務／AI ASIC,原文未載評等文字,8000(原文未載前值),見報2026/08/18 03:00 工商時報記者簡威瑟；創意股價再創新高 朝金控旗下投顧研究機構給予的8000元天價目標邁進；★對照本系統既有=大和資本2026/08/10買進(升評)5125元 FactSet共識2026/07/08 5699元 8000元較大和高56.1% 較共識高40.4%(均為本系統回算) 屬離群值而非共識值；★摩根大通論述(具名 惟本則未給目標價)=創意有超過60%營收來自Google Axion CPU 相關營收可望在2027 2028年顯著成長 因此創意很可能是AI CPU放量最純粹的受惠股之一；產業結構=Google有系統地在其AI ASIC採用CoT模式 為創意 世芯-KY等設計服務業者創造更多機會；★風險=本則資訊層級明顯偏低 8000元出處僅載金控旗下投顧研究機構 未載機構名稱 評等 EPS預估 目標本益比 目標價前值與報告出具日期 完全無法回算驗證 亦無法判斷是新給上修或維持 ★不能把8000元與摩根大通的看法綁在一起解讀 兩者為不同來源 ★逾60%營收來自Google Axion CPU為高度集中的單一客戶單一產品線結構 原文未做敏感度分析亦未討論Google自研策略調整或轉單影響 2027 2028年顯著成長為定性描述未提供量化預估 本則為新聞轉述非報告原文 本場次cnyes ratediff回傳落後快取無法取得最新共識價對照；已做個股摘要；來源ctee 20260818700079
2026-08-18,法人（工商時報未具名）,－,南亞(1303),塑化／電子材料－CCL 玻纖布 銅箔 ABF載板,買進,原文未載目標價,見報2026/08/18 03:00 工商時報記者楊淨淳 刊於權證版面；評等方向與本系統既有內資紀錄一致屬看法延續 因無目標價不改變既有240~300元區間(統一投顧300元 華南投顧240元 群益投顧未給 均為2026/08/12)；Q2獲利創單季歷史新高；★漲價延續=法人預期電子材料漲價態勢將延續 Q3整體營運正向 以PCB為主軸的玻纖絲布 銅箔 銅箔基板CCL ABF載板等依然緊缺 售價持續調漲；技術=與日東紡合作 高階材料已趕上同業 銷售比重逐漸提升 下半年母子公司營運均可望受惠；★結構轉型核心數字=預估至2027年南亞電子相關獲利占比將高達97% 意味評價基準應由傳統塑化轉向電子材料；★評價論點=電子材料同業股價先前雖大幅修正 本益比仍多在20倍以上 相較南亞目前股價隱含的電子材料評價僅約11倍 主張存在評價重估空間；風險=券商未具名未區分內外資 未載報告出具日期EPS預估與目標價 不構成可操作價位訊號 ★2027年電子獲利占比97%為法人預估非公司指引 且隱含傳統塑化本業獲利貢獻趨近於零 若塑化由微利轉虧將直接侵蝕合併獲利 原文完全未討論此情境 ★11倍vs20倍為折價論述但折價本身不是催化劑 南亞為控股型結構獲利來源分散 市場長期給予控股折價有其結構性原因 原文未說明為何這次折價會收斂 ★整套邏輯建立在電子材料漲價延續之上 玻纖布銅箔CCL ABF屬強週期性材料 一旦PCB客戶端庫存回補結束或AI伺服器拉貨放緩 售價回落速度同樣快 原文未做價格敏感度分析 與日東紡合作為定性描述未提供認證進度客戶名單或高階產品營收占比 本則為新聞轉述非報告原文；已做個股摘要；來源ctee 20260818700259
2026-08-18,法人（工商時報未具名）,－,群聯(8299),半導體－記憶體控制IC／儲存模組,買進,原文未載目標價,見報2026/08/18 03:00 工商時報記者楊淨淳 刊於權證版面；評等方向與本系統既有五家內資具名紀錄一致屬看法延續 因無目標價不改變既有2730~2900元區間(國泰證期2900 中信投顧2785 群益投顧2730 凱基投顧2750 富邦投顧2730 均為2026/08/14~08/15)；Q2營收獲利同步創歷史新高；毛利率=法人表示群聯將持續深化研發 打造AI系統平台並優化庫存管理 有望帶動毛利率結構顯著提升；★核心論點產品組合轉向=今年AI系統模組晉升為成長主力 與消費市場連動愈來愈小 與AI市場成長趨勢更加匹配 主張獲利波動性正在下降；★成長空間=全球eSSD市占率僅1.9% 未來潛在成長空間仍很大；★風險=券商未具名未區分內外資 未載報告出具日期EPS預估與目標價 不構成可操作價位訊號 ★NAND漲價對群聯是雙面刃本則完全未討論=群聯為控制IC與模組廠 NAND顆粒是其成本端 顆粒漲價短期有庫存增值利益 但若漲勢延續且無法完全轉嫁 中期反而壓縮模組毛利 同日大摩預估SLC NAND連兩季漲逾50% MLC與Legacy TLC全年漲幅可能逾200% 此成本壓力的量化影響原文未做任何試算 ★eSSD市占1.9%為低基期論述而非需求驗證 企業級SSD由三星 SK海力士 美光 Solidigm等具顆粒自主權原廠主導 群聯作為模組廠切入的競爭門檻與客戶認證時程原文未討論 ★毛利率結構顯著提升為定性預期無具體數字與時程 亦未說明是產品組合改善還是庫存評價利益 兩者可持續性完全不同 ★既有五家內資中富邦投顧(3145→2730 下修13.2%)與國泰證期(3000→2900 下修3.3%)近期都是維持買進但下修目標價 與本則正向敘事存在張力 建議把毛利率是否真如預期提升列為單一關鍵追蹤指標 本則為新聞轉述非報告原文；已做個股摘要；來源ctee 20260818700259
2026-08-18,摩根士丹利（具名 惟無評等無目標價）,外資,愛普(6531)／旺宏(2337)／華邦電(2344)／力積電(6770)／南亞科(2408),半導體－舊世代記憶體,無評等,無目標價,本場次背景紀錄 因全文無任何個股評等與目標價不另建個股摘要 惟為本場次資訊價值最高的一則；見報2026/08/18 03:00 工商時報記者李娟萍；★偏好順序(大中華區記憶體股)=愛普(6531) ＞ 兆易創新(陸廠) ＞ 旺宏(2337) ＞ 華邦電(2344) ＞ 力積電(6770) ＞ 南亞科(2408) 愛普因受惠矽電容SiCap業務續列首選；價格預估=DDR4 Q3季增約50% Q4再漲雙位數；SLC NAND Q3與Q4均可能漲逾50% 供給吃緊可能延續至2027年 大摩自稱SLC NAND是目前最具漲價信心的品項；NOR Flash Q3漲30%~40% Q4另有一波 動能可能延續至2027上半年 需求來源包括工業 車用 網通 邊緣AI與AI伺服器；★2026下半年MLC及Legacy TLC NAND供給缺口可能達40% 價格自Q1至Q4甚至可能上漲超過200%；現貨溢價(大摩引用 截至2026年6月)=DDR4 8Gb現貨29.08美元vs合約20美元 溢價約45%；DDR5 16Gb現貨45美元vs合約37.5美元 溢價約20% 大摩據此主張DDR4短期供需失衡程度更明顯；大摩另指市場普遍認為DDR4需求主要來自伺服器 但近期消費性電子需求也開始增加 加上全球主流廠持續淡出DDR4供應 使可取得貨源進一步減少；★即使舊世代記憶體廠沒有大量固定價格LTA 在供應緊張環境下反而有助價格更快反映現貨行情(此點與本系統2026/08/17收錄之美系券商沒有LTA不一定是壞事觀點一致 方向互相印證)；★本系統交叉比對重要發現=本系統2026/08/03已收錄大摩對愛普優於大盤(維持)1555元 2026/08/07另收錄美系外資(未具名)加碼(維持)+升列首選股Top Pick 1666元 今日大摩明言愛普續列首選 高度指向08/07那筆未具名紀錄即為大摩 若成立則大摩對愛普現行目標價為1666元 列為下一場次查證項目；風險=全文無評等無目標價無EPS預估 不構成可操作訊號 所有價格數字均為大摩預估值而非實績 漲幅預估越高模型對價格假設依賴越深 偏好排序為相對順序不等於絕對報酬預期 未載報告出具日期；來源ctee 20260818700075
2026-08-18,－(法人／研究機構／供應鏈 無個股評等與目標價),－,聯電(2303)／世界先進(5347)／力積電(6770)／奇鋐(3017)／雙鴻(3324)／健策(3653)／15檔強勢股,市場－產業與選股名單,無評等,無目標價,本場次背景紀錄 四則合併 均無個股評等與目標價不另建摘要；(1)成熟製程三大廠2027年展望 工商時報8/18 03:00記者張瑞益 法人未具名=市場估今年成熟製程漲幅約5%~15% ASP上行循環尚未結束；聯電Q2產能利用率由首季79%升至85% 毛利率29.2%升至32.5% Q3利用率估突破90% 毛利率可望達34%~36% 22/28奈米及特殊製程比重提升使2027年ASP及毛利率仍有向上空間；世界先進Q2 ASP季增3% 毛利率升至32.3% Q3 ASP預估再季增2%~4% 毛利率32.5%~34.5% 利用率約90% Q4可望超過90% 公司明言AI電源管理供不應求將延續至2027年 明年價格調整無可避免且漲幅預期不會低於今年；力積電Q2毛利率回升至28.28% 7月起調高8吋及12吋邏輯代工價約10%~15% 記憶體代工漲幅更大 ★原文稱外資近期亦調高評價但完全未載機構名稱與數字 屬本場次已知缺口 列為待補；(2)液冷散熱 工商時報8/18 03:00引TrendForce(研究機構非券商)=液冷滲透率由2025年約33%升至2026年53% 2027年逼近60% NVIDIA AMD Google新一代平台同步擴大導入 點名奇鋐 雙鴻 健策受惠 無評等無目標價；(3)功率半導體第三波漲價 工商時報8/18 03:00供應鏈訪查(非券商)=上游晶圓 導線架及封裝材料成本墊高 一線國際大廠產能吃緊 部分台廠規劃自10月起調漲非合約產品價格約10%~15% 未點名個股；(4)15檔強者恆強股 工商時報8/18 03:00記者陳彩玲 依CMoney機械式篩選(8月來三大法人買超+站穩所有均線+多頭排列)=南亞科 奇鋐 華碩 長榮 聯茂 仁寶 鈺創 萬海 景碩 台新新光金 大成鋼 凱基金 緯穎 宏致 大立光 其中10檔7月營收年月雙增 緯穎以單月1176.86億元(年增39.23% 月增5.67%)居首且Q2三率三升 8月來獲三大法人買超18.79億元 具名者為康和證券投資總監廖繼弘(指數技術面 周KD轉強 月線與10日線黃金交叉 但尚未出現全面正向訊號 須留意量能)與國泰台灣科技龍頭基金經理人蘇鼎宇(產業面) 均無個股目標價；風險=四則全數無個股評等與目標價 不構成可操作訊號 CMoney篩選為籌碼面加技術面的機械式篩選非研究報告；來源ctee 20260818700071 + 20260818700074 + 20260818700205 + 20260818700188
2026-08-18,－(近24小時無新券商觀點),－,萬潤(6187),半導體－封裝自動化設備(自選股),無新評等,無新目標價,自選股本場次追蹤紀錄 非券商新觀點 不另建摘要；經多來源交叉查核確認2026/08/17 19:10至08/18 08:10無任何新券商報告評等或目標價見報；查核來源=★工商時報8/18盤前掃描(20260818700382 07:30出刊 完整列出當日利多10條利空6條並附全文連結 全數逐條檢視無萬潤 本場次4筆新觀點全由此入口取得) ★工商時報上市櫃分類頁ctee.com.tw/stock/twmarket(本場次新驗證的有效入口 快取新鮮 已完整列出08/18全部證券稿件 逐則檢視無萬潤) 經濟日報money.udn cate/5590(可抓取但快取停在08/17 15:16 窗口內零新稿 無萬潤) 鉅亨網ratediff(★本場次回傳落後快取 gt=all最新僅到20260728 gt=qfii最新僅到20260810 無法使用) 另加WebSearch專搜萬潤6187外資目標價(僅回傳Goodinfo nStock 愛玩股 HiStock等行情站與舊稿 無2026年8月新報告)；★重要觀察=8/10公布Q2 EPS 8.50元創單季新高後 已連續十五個場次(8/11早盤至8/18早盤)無券商模型更新見報 8/12亮燈漲停收1155元後亦無對應報告 屬純籌碼題材面推升 建議維持每日一次確認的監控節奏 不必每場次列為第一優先 但維持追蹤不中斷；行情註記=WebSearch回傳之行情站顯示萬潤股價1185元 市值約1360億元 2026年1~7月累計營收48.21億元累計成長42.72% 2026Q2 EPS 8.5元季增152.23%年增104.33%(非券商觀點 僅供對照)；既有紀錄維持不變=高盛證券買進1550元(2026/07/10由1650元下修6.1%) 美銀證券初評買進1500元(2026/07/27 2026/2027/2028年EPS估26.46/41.82/53.34元) 富邦證券看多800元(2026年EPS估20.62元)；其他可見券商觀點全部早於窗口=大摩1280→1580(2026/05/31) 瑞銀1550 高盛1800 摩根大通1450；來源ctee 20260818700382 + ctee twmarket + money udn cate 5590 + cnyes ratediff + WebSearch
2026-08-18,美系外資（工商時報未具名）,外資,技嘉(2376),電子代工－主機板／顯示卡／AI伺服器,中立（維持）,487(維持不變 無調整),見報2026/08/18 10:52 工商時報記者張佳琪；★本場次窗口內第一筆新觀點 也是技嘉四個數字中唯一維持中立者；Q2實績=上半年營收2492億元創新高年增48.3% 上半年EPS 17.73元年增92.71% Q2毛利率9.6%季減2.4個百分點年增0.2個百分點低於預期；毛利率不如預期原因=機架式AI伺服器出貨量增加以及記憶體 CPU PCB等關鍵組件成本上升；正面因子=Q2營運支出比率優於預期 反映出貨成長帶來營運效率提升 7月營收年增60%月增3%較該行預期高出18%；★調整幅度=2026-2028年淨利預期上調8%/14%/13% 營收預期上調16%/22%/30% ★營收上調幅度遠大於淨利上調幅度即為毛利率稀釋的量化證據 原文並明言營業利潤預期上調幅度小於毛利預期上調幅度 係AI伺服器研發投入所致；EPS預估上修為2026/2027/2028年30.84/36.2/41.39元；展望=8至9月營收持續成長 Q3與Q4營收保持高位 推動2026下半年營收成長15%；★同一檔同期四個數字=本則487元(中立 維持) 日系490元(買進 由422上調) 另一美系595元(買進 由480上調 08/17) FactSet共識444元(20260818進表) 最高與最低相差34.0%(本系統回算)；以鉅亨表列現價348元計算隱含空間+39.94%(本系統回算 該現價對應08/17跌停當日收盤)；風險=★四家對AI伺服器產品組合稀釋毛利率的事實認定完全一致 卻導出從中立目標價不動到上修23.96%的相反結論 差異來自營運槓桿假設 原文均未提供敏感度分析 不宜將四個數字平均 券商未具名 未載報告出具日期 未揭露目標本益比與評價年度 487元無法回算 技嘉08/17跌停08/18續跌逾1% 股價實際反應與外資正向看法背離；已做個股摘要；來源ctee 20260818700950
2026-08-18,日系外資（工商時報未具名）,外資,技嘉(2376),電子代工－主機板／顯示卡／AI伺服器,買進（重申）,490(前值422 上調16.1%),見報2026/08/18 10:52 工商時報記者張佳琪 與美系外資同篇；★結構性論點=新雲端(neocloud)將成為主權國家 企業及其他無法自行維護與設計硬體之客戶的關鍵資源 因此戴爾 技嘉 聯想 華碩等伺服器品牌的潛在市場規模可能擴大 主要客戶不斷提高電力預算與資本支出；營收預估上調為2026年4110億元 2027年5650億元；★內在張力為本則最值得注意處=一邊大幅上調營收預估 一邊將2027至2028年獲利預期微幅下調2%至3% 卻仍將目標價上調16.1% 代表490元的空間主要來自評價倍數擴張而非獲利上修 訊號品質低於純獲利驅動個案；下調獲利的三個理由=反映2026年Q2業績 AI伺服器貢獻增加稀釋利潤率 發行GDR計劃將稀釋EPS約0.7%；★毛利率預估2027年8.9% 2028年8.4%為逐年下滑 意味AI伺服器占比越高毛利率越低；以鉅亨表列現價348元計算隱含空間+40.80%(本系統回算)；風險=★毛利率結構性下滑與同期另一美系外資稱毛利率有望復甦的方向完全相反 兩者不可能同時成立 建議把Q3毛利率實績列為單一關鍵追蹤指標 GDR最多5000萬股實際發行時點價格與規模未定 稀釋幅度可能與估計不同原文未做情境試算 未揭露目標本益比與評價年度490元無法回算 券商未具名 未載報告出具日期 本則為新聞轉述非報告原文；已做個股摘要；來源ctee 20260818700950
2026-08-18,美系外資（工商時報未具名）,外資,力旺(3529),半導體－矽智財IP（eNVM／硬體安全）,加碼（★首度給予 無前次評等）,3330(首次評等 無前值),見報2026/08/18 09:57 工商時報記者王逸芯；★本場次最重要的結構性訊號=同一天同一檔股票 一家美系外資首度以加碼進場給3330元 FactSet外資共識卻同步由4800元下修至3900元(-18.75%) 新進場者較既有共識保守17.1%(本系統回算) 這是評等首次覆蓋時較少見的組合 旺來不宜把3330元解讀為市場轉多的訊號；商業模式=全球eNVM及硬體安全IP主要供應商之一 以權利金收入為核心 高毛利且具重複性；成長引擎一先進製程紅利=晶圓製造往更先進節點發展帶動NeoFuse OTP滲透率提升 ★關鍵在於先進製程晶圓單價較高 在權利金計價模式下同步推升單位晶圓帶來的權利金收入 即量與價雙升；成長引擎二=NeoPUF(實體不可複製功能)導入機會增加 使IP產品組合由記憶體延伸至硬體安全；★成長引擎三PQC後量子密碼=可望成為第二個長期權利金成長引擎 各國政府與企業轉向量子安全架構 NeoPUF具備作為硬體信任根RoT的應用潛力 透過晶片本身製程差異產生獨特且難以複製的硬體特徵 可用於建立裝置身分認證及安全金鑰；獲利預估=2025至2028年EPS年複合成長率CAGR估達25%；以鉅亨表列現價2340元計算隱含空間+42.31%(本系統回算)；★該外資自載三大風險(原文明列)=一主要客戶採用力旺IP速度低於預期 二PQC導入進程較預期緩慢 三基於PUF技術的PQC安全解決方案市場競爭加劇；其他風險=★PQC整條線全部為定性描述 未提供任何PQC相關營收預估 客戶名單 認證進度或時程表 無法量化 ★3330元未揭露目標本益比 評價年度與各年度EPS絕對值 僅給CAGR 25% 完全無法回算 CAGR起算年為2025年已知數而非預估年 若2025年基期偏低則25%的CAGR未必對應強勁的絕對獲利水準 權利金模式高度依賴客戶端晶圓投片量與先進製程比重 屬下游景氣的衍生變數 一旦AI相關先進製程投片放緩權利金下滑速度同樣快 原文未做情境試算 券商未具名 未載報告出具日期；已做個股摘要；來源ctee 20260818700799
2026-08-18,FactSet外資共識（鉅亨網外資評等表 評等日20260818）,外資,力旺(3529)／旺矽(6223)／智邦(2345)／技嘉(2376)／6472(名稱待確認),市場－外資共識批次更新,見各檔明細,見各檔明細,★鉅亨網外資評等表本場次恢復新鮮(前一場次08/18早盤該表回傳嚴重落後CDN舊快取 gt=all最新僅到20260728) 評等日20260818共5檔進表 全數為FactSet共識；逐檔=力旺(3529)重申超越市場 新3900 前值4800 ★下修18.75%為本場次唯一的共識下修 表列現價2340 隱含+66.67% 惟同日該檔另有美系外資首評加碼3330元 共識較首評高17.1%；旺矽(6223)超越市場 新8500 前值8000 上修6.25% 表列現價5270 隱含+61.29%為本批次最高 ★惟該股08/17才因財報公布後跳空跌停摜破三條均線 共識卻在隔日進表上修 時序上難以自洽 建議視為尚未完全反映最新財報的存量共識；智邦(2345)本表評等欄為空 新3500 本表未載前值 為本系統首次收錄智邦共識價 既有序列為空 表列現價2225 隱含+57.30%；技嘉(2376)超越市場 新444 本表未載前值 為本系統首次收錄技嘉共識價 表列現價348 隱含+27.59% ★共識444元較同日日系外資490元低9.4% 較08/17美系外資595元低25.4%(本系統回算) 代表共識明顯保守於個別看多機構；6472本表公司名稱欄空白 新493.5 本表未載前值 表列現價404.5 隱含+22.00%為本批次最低 ★本系統依代號研判為保瑞惟未取得第二來源佐證 列為下一場次第一優先待補；★重要方法論發現=本表現價欄對應前一交易日(08/17)收盤而非當日收盤 例如技嘉348元即為其08/17跌停收盤價 本系統所有隱含空間回算均以表列現價為基準 實際空間須以最新股價重算 建議日後固定註記此點；風險=★FactSet為分析師共識統計非任何單一機構研究報告 5檔中有3檔(智邦 技嘉 6472)本表未載前值 無法判斷是上修下修或首次納入 全部無論述 無EPS預估 無目標本益比 無評價年度 無涵蓋分析師家數與樂觀中立悲觀分布 完全無法回算驗證 共識價會平滑掉離群值 其穩定不等於可靠而是分歧被隱藏；已為5檔中的旺矽 智邦 6472各做個股摘要 力旺與技嘉併入該檔券商摘要；來源cnyes ratediff gt=all gp=rate
2026-08-18,美系外資（工商時報未具名 08/17補收錄）,外資,技嘉(2376),電子代工－主機板／顯示卡／AI伺服器,買進（重申）,595(前值480 上調23.96%),★本場次補收錄之08/17遺漏稿件 見報2026/08/17 工商時報記者張佳琪 為技嘉四個數字中最積極的一家 與同窗口487元中立形成極端對比；核心觸發=Q2淨利超出該行預期50% 超出市場普遍預期21% 主要受惠營運支出控制得宜與業外收益增加；Q2毛利率9.6%季減2.4個百分點年增0.2個百分點低於預期 主因AI伺服器業務占比高於預期 惟4.0%的營運支出比率低於預期顯示規模擴張帶來槓桿效應；★業外=約8.8億元匯兌收益進一步提振淨利；展望=管理層預計強勁neocloud需求推動 下半年營收成長將超過上半年 與該行原先預期相符 預估Q3營收較Q2成長8% Q4因AI伺服器出貨提升進一步成長 毛利率有望因產品組合改善與VGA進入旺季而復甦；獲利預測上修28%至46% EPS調升至2026/2027/2028年37.04/43.42/51.05元；公司動作=董事會已批准發行最多5000萬股GDR 今年資本支出由23至25億元上修至28至30億元 該行認為此舉重申公司對需求能見度與產能擴張速度的信心 訂單能見度可看到2027年；以鉅亨表列現價348元計算隱含空間+70.98%為四個數字中最高 較共識444元高34.0%(本系統回算)；風險=★單次上修幅度極端(獲利28%-46% 目標價23.96%) 本身即代表原模型與現況落差已久或新模型假設高度樂觀 兩者都意味預估區間不確定性偏高 ★Q2淨利超預期50%有相當部分來自約8.8億元匯兌收益屬業外非本業經常性獲利 原文未拆解本業與業外對上修的貢獻比重 ★毛利率有望復甦為預期而非實績 且與同窗口日系外資預估2027/2028年毛利率降至8.9%/8.4%的方向完全相反 兩者不可能同時成立 建議把Q3毛利率實績列為單一關鍵追蹤指標 未載目標本益比與評價年度595元無法回算 券商未具名 未載報告出具日期 GDR稀釋EPS約0.7%本則原文未討論；已做個股摘要；來源ctee 20260817700775
2026-08-18,三家美系外資（工商時報未具名 08/17補收錄）,外資,世芯-KY(3661),半導體－IC設計服務／AI ASIC,A買進（維持）／B買進（重申）／C加碼（維持）,A 6100(前值6000 +1.67%)／B 6800(維持)／C 5088(維持),★本場次補收錄之08/17遺漏稿件 見報2026/08/17 工商時報記者王逸芯；★關閉08/18早盤列為第一優先之待補項目=三家個別數字已取得；★最重要發現=早盤稿(ctee 20260818700079)以花旗環球 摩根大通 瑞銀併稱股價預期6600至6800元 但實際三家美系外資數字為6100/6800/5088 最低者5088元完全落在該區間之外 代表早盤稿的區間表述具誤導性 不能視為三家的共識帶 建議日後對併稱區間一律保持警覺；共同基本面=Q2營收2.42億美元季增83% 主因Amazon Trainium 3自6月開始貢獻加上中國ADAS車用SoC需求穩健 3奈米及2奈米相關營收占比由Q1的21%升至47% 產品組合轉向毛利率較低的量產業務加上人力擴充年度調薪及EDA工具使用增加 Q2毛利率與營益率分別降至35%與22% EPS仍達20.02元；A家(6100元)=預估Trainium 3今年貢獻約13億美元營收占全年約60% 2027年增至22億美元占比約68% 2奈米Trainium 4預計2026年Q4流片2027年Q4量產 2028年營收貢獻估達40億美元 整個產品生命週期可服務市場規模不含HBM上看170億美元 下半年量產業務占比可望拉高至80%至90% 毛利率與營益率仍可維持20%至25%與約15%優於Trainium 1時期 26/27年EPS由132.78/201.25上修至132.94/204.17元；B家(6800元)=明言Q2財報低於預期但3奈米進入量產下半年動能看俏 管理層預期Q3營收再明顯跳升Q4續呈季增 成長動能有機會延續至少未來3至4年 26/27年AI ASIC營收估16億/38億美元 2奈米已進入最終實作階段年底前完成流片2027年底量產 ASP及出貨規模均可望優於3奈米世代 另拿下中國大型車廠ADAS未來兩個世代專案 兩項CPU專案已進入量產；★C家(5088元 最保守)=指出世芯法說針對主要客戶3奈米ASIC專案並未上調2026年營收貢獻預期(估約15至20億美元) 就2奈米專案公司重申目前仍是該客戶唯一設計服務供應商 該行試算若2奈米ASIC年市場規模約300億美元 世芯取得30%至40%訂單分配 2028年相關營收可能達90至120億美元 明顯高於目前預估的40億美元 ★但該行仍維持2028年預估不變 理由是AWS Trainium 4於2028年出貨量及ASP仍待確認 且管理層未證實2奈米ASIC實際訂單分配；★三家分歧的本質=C家自己算出2028年營收上看90至120億美元(是其預估40億美元的2.25至3倍)卻選擇不調 因此6800元與5088元的33.6%差距本質是要不要把未經證實的訂單分配寫進模型的方法論分歧 而非對產業前景看法不同 建議把AWS 2奈米訂單分配何時獲證實列為單一關鍵追蹤指標；風險=★單一客戶集中度極高(Trainium系列今年占營收約60% 2027年約68%)三家原文均未做集中度情境試算 ★A家明言市場將關注Trainium 3與Trainium 4世代交替期間是否出現營收空窗 為已被點名但未被量化的風險 ★毛利率結構性下滑(35%→20%至25%)與營收規模成長同時發生 EPS對出貨量假設的敏感度提高 競爭面須因應邁威爾 高通 創意及聯發科 能否取得Google Meta等其他CSP新專案原文列為觀察重點而非既成事實 三家全部未具名 未載報告出具日期 均未揭露目標本益比與評價年度無法回算；已做個股摘要；來源ctee 20260817700660 + 20260818700079
2026-08-18,本土法人（工商時報未具名 08/17補收錄）,內資,長榮航(2618),航空運輸－客貨運,買進,48(原文未載前值),★本場次補收錄之08/17遺漏稿件 見報2026/08/17 工商時報記者莊丙農；★核心論點=Q2就是今年獲利低點；Q2實績=合併營收677.7億元年增22.5% 受航空燃油價格季增110%衝擊 稅後純益38.48億元年減42.49% EPS 0.71元 客貨運量分別年增10%及3%抵銷高價燃油衝擊 EPS仍優於法人預期40%；上半年=合併營收1282.86億元年增16.4% 稅後純益121.16億元年減僅4.01% EPS 2.24元 ★上半年獲利年減幅度遠小於Q2單季 代表Q1基期較佳Q2為單季谷底 與貨櫃三雄的獲利結構完全相反；Q3客運=暑假旅遊及探親旺季載客率維持高檔 票價季增中個位數 新開航台北至華盛頓航線；★Q3貨運為最強論點=高科技產品出貨動能續強 7月單位收益年增38% 即便後續燃油附加費將隨油價調降 但在高時效貨物需求強勁下預期年增率將保持大幅成長；成本面轉折=油價6月至今均價下滑至135美元/桶 據此預估Q3毛利率季增5.4個百分點較原預估上修1.1個百分點 上修Q3 EPS至1.1元以上；前7月載客率年增3.8個百分點 貨運量價齊揚 亦樂觀看待2027年客貨運價量持續強勁 上修2026/2027年營收4.9%/7.8% EPS上修14%/18.7%；對照=FactSet外資共識47.75元(評等日20260817 由46.25上修3.24%) 本土法人48元與外資共識幾乎一致僅差0.52%(本系統回算) 以表列現價41.9元計算隱含+14.56%；★最大風險=整套多頭邏輯的支點是油價回落 但本場次(08/18)美伊談判破局 美方明言不延長60天窗口 布蘭特原油已重回90美元以上 油價方向與本則假設相反 為見報後一日即出現的反向變數 建議把油價是否續漲列為單一關鍵追蹤指標；其他風險=★長榮航為航空運輸 與本系統近期大量收錄的貨櫃三雄長榮2603 陽明2609 萬海2615產業結構完全不同 運價燃油供需邏輯均不可互相套用 尤其不可與長榮(2603)混淆 中東戰事升溫將同時推升燃油成本與航線繞飛成本原文未做情境試算 券商未具名 未載目標價前值無法計算調整幅度 未載報告出具日期 未揭露目標本益比與評價年度48元無法回算 Q3 EPS 1.1元以上與毛利率季增5.4個百分點均為預估值非實績；已做個股摘要；來源ctee 20260817700837 + cnyes ratediff
2026-08-18,元大投顧／凱基投顧／富邦投顧（三家具名 08/17補收錄）,內資,廣達(2382),電子代工－ODM／AI伺服器,元大買進（維持）／凱基原文未載評等／富邦原文未載評等,元大395(前值385 +2.60%)／凱基500(前值430 +16.28%)／富邦440(前值472 ★-6.78%),★本場次補收錄之08/17遺漏稿件 見報2026/08/17 工商時報轉載中時新聞網邱怡萱；★本則價值在於補上本土投顧的完整光譜 尤其是本場次唯一的具名下修(富邦)；★加上外資野村626元 廣達目前檯面上五個數字為395/412.5(FactSet共識20260814)/440/500/626 最高與最低差58.5%(本系統回算)；Q2實績=EPS 7.43元優於市場原先預期 較Q1的5.5元進一步攀升 毛利率改善至約5.02% 累計上半年EPS 12.93元 2026上半年營收約1.85兆元年增86.5% 歸屬母公司業主淨利498.44億元 財報帶動股價開盤攻上339元創近一個月新高；元大(買進 385→395)=看好後續營運動能 調整幅度僅2.60%屬溫和微調訊號強度低；凱基(430→500 +16.28%)=本土三家中最積極 預估2026年EPS 27.06元 2027年31.75元 以500元回算2026年約18.5倍 2027年約15.7倍(本系統回算)原文未說明採用年度；★富邦(472→440 -6.78%)=本場次唯一具名下修 理由明確為擔憂公司寄售模式擴大後可能對營收認列及毛利率帶來影響；★最重要的判讀衝突=寄售與客戶供料模式的影響方向 野村將部分客戶自下半年起轉為客戶供料商業模式列為改善營運資金負擔的利多 富邦卻將同一件事視為營收認列與毛利率的風險 同一項商業模式改變兩家結論相反 本系統判斷兩者並不互斥 營運資金改善與營收認列規模縮小可以同時發生 差別在於各家給哪一項較高權重 建議把Q3營收認列口徑是否改變列為單一關鍵追蹤指標；★野村626元與元大395元差距58.5%主要來自評價倍數而非獲利預估 野村以2027年EPS給18倍目標本益比(歷史8至19倍區間上緣) 凱基500元對2027年約15.7倍 元大395元明顯更保守 倍數選擇即是整個差距的來源 不宜將這些數字平均；★PC本業逆風本則未討論=08/17已收錄之摩根士丹利將Q3筆電出貨下修6%至2730萬台(季減10%年減20%)並點名廣達7月出貨低於原估 三家本土投顧原文均未涵蓋NB代工端的稀釋 應與大摩該則並讀；其他風險=本則主體為分析師郭哲榮個人YT影音觀點(其估全年EPS有機會挑戰30元 以約325元股價計本益比僅約10.9倍)三家投顧數字為文末補述 資訊密度低於券商專稿 原文自附免責聲明 凱基與富邦均未載制式評等文字僅有目標價方向 三家均未載報告出具日期；已做個股摘要；來源ctee 20260817700924 + 20260817700175
2026-08-18,－(近24小時無新券商觀點),－,萬潤(6187),半導體－封裝自動化設備(自選股),無新評等,無新目標價,自選股本場次追蹤紀錄 非券商新觀點 不另建摘要；經多來源交叉查核確認2026/08/18 08:10至19:10無任何新券商報告評等或目標價見報；查核來源=★鉅亨網外資評等表ratediff(本場次快取新鮮 評等日20260818共5檔進表為力旺 旺矽 智邦 技嘉 6472 全數與萬潤無關 該表本身已證明是活的 排除快取失效誤判 為本場次判定零新增最有力的一項) ★工商時報搜尋頁search/目標價(本場次最高價值來源 快取新鮮 完整列出08/13至08/18全部含目標價的證券稿件 逐則檢視無萬潤 本場次3組新觀點中有2組由此入口取得 並靠此頁補回08/17遺漏的技嘉 世芯-KY 長榮航 廣達共4筆) 工商時報即時證券列表livenews/stock(快取至08/18 12:44 逐則檢視30則無萬潤) 工商時報上市櫃分類頁twmarket(僅到08/18早報稿 無萬潤) 經濟日報money.udn cate/5590(可抓取但快取停在08/18 06:38 窗口內零新稿) 另加WebSearch專搜萬潤6187外資目標價(僅回傳Goodinfo 鉅亨個股頁 玩股網等行情站 無2026年8月新報告)；★重要觀察=8/10公布Q2 EPS 8.50元創單季新高後 已連續十六個場次(8/11早盤至8/18盤後)無券商模型更新見報 8/12亮燈漲停收1155元後亦無對應報告 屬純籌碼題材面推升 建議維持每日一次確認的監控節奏 不必每場次列為第一優先 但維持追蹤不中斷；既有紀錄維持不變=高盛證券買進1550元(2026/07/10由1650元下修6.1%) 美銀證券初評買進1500元(2026/07/27 2026/2027/2028年EPS估26.46/41.82/53.34元) 富邦證券看多800元(2026年EPS估20.62元)；其他可見券商觀點全部早於窗口=大摩1280→1580(2026/05/31) 瑞銀1550 高盛1800 摩根大通1450；來源cnyes ratediff + ctee search 目標價 + ctee livenews stock + ctee twmarket + money udn cate 5590 + WebSearch
2026-08-19,瑞銀證券（具名）,外資,勤誠(8210),電子零組件－伺服器機殼／機櫃,正向（★首次覆蓋／初評 原文未載制式評等代碼）,1450(推測合理股價 首次覆蓋無前值),見報2026/08/19 03:00 工商時報記者簡威瑟；瑞銀定位勤誠為「AI伺服器／機櫃的骨幹」；估2025~2030營收CAGR達35%；AI機殼與機櫃營收占比由2024年47%升至2030年85%以上；★對照本系統既有永豐金證券2026/08/12買進1400元 僅高出3.57%(本系統回算) 外資初評與內資既有目標價幾乎貼齊；已建個股摘要 260819_瑞銀證券_勤誠8210.docx
2026-08-19,摩根士丹利（★具名確認 即08/18未具名之美系外資）,外資,力旺(3529),半導體－矽智財IP（eNVM／硬體安全）,正向（★首次覆蓋／初評 原文未載制式評等代碼；同源08/18紀錄為「加碼」）,3330(推測合理股價 首次覆蓋無前值 與08/18已收錄數字相同),見報2026/08/19 03:00 工商時報記者簡威瑟；★本則非新評價事件 為08/18「美系外資(未具名)加碼3330」之來源具名化；大摩定位力旺為被市場忽略的量子運算與IP概念股；先進製程升級推動NeoFuse採用 NeoPUF為硬體信任根、PQC商機；★同期FactSet外資共識(20260818)由4800下修至3900 較大摩初評高17.1%(本系統回算)；已建個股摘要 260819_摩根士丹利_力旺3529.docx
2026-08-19,－(近24小時無新券商觀點),－,萬潤(6187),半導體－封裝自動化設備(自選股),無新評等,無新目標價,自選股本場次追蹤紀錄 非券商新觀點 不另建摘要；本場次以「萬潤 6187 外資 目標價」等關鍵字掃描 未檢出窗口內新評等或新目標價
2026-08-19,美系外資（工商時報未具名）,外資,儒鴻(1476),紡織成衣－機能性布料與成衣代工,買進（維持）,460(維持不變 原文未載前值),見報2026/08/19 10:09 工商時報記者王逸芯；★同篇兩家外資最終目標價完全相同(460元)但意義完全不同 一家維持不動 另一家由560下修17.86% 不應視為兩個獨立支持訊號；★下修獲利理由=Q2毛利率受原物料成本上升及產品組合不利影響較前季下滑不如預期 2026-2028年獲利預估小幅下修2%~3%；★維持買進與460元的核心理由是評價而非獲利=現價約為未來12個月預估EPS的11.5倍 接近歷史11~34倍區間低檔 加上約6%股息殖利率提供下檔支撐；訂單能見度維持6個月 單月營收突破30億元目標可望達成(7月營收已達37億元)；新產品=健康機能產品約占營收15% 正與3家新品牌客戶共同開發其中1家已下單；成本面=隨油價走低及與客戶協商價格 原物料成本壓力可望Q3緩解 維持下半年毛利率高於30%與全年28%~32%目標；風險=★維持目標價但下修獲利在數學上意味同時上調評價倍數 原文未說明倍數如何調整460元無法回算 ★毛利率回升速度取決於營收組合屬條件式非確定式 ★油價走低為核心假設但美伊停火08/17到期後布蘭特已重回90美元以上 方向與假設相反 6%股息率屬下檔支撐非成長催化劑 券商未具名 未載報告出具日期 未載目標價前值 未揭露目標本益比與各年度EPS絕對值 本則為新聞轉述非報告原文；已做個股摘要 260819_美系外資_儒鴻1476.docx；來源ctee 20260819700927
2026-08-19,日系外資（工商時報未具名）,外資,儒鴻(1476),紡織成衣－機能性布料與成衣代工,買進（維持）,460(前值560 ★下修17.86%),見報2026/08/19 10:09 工商時報記者王逸芯 與美系外資同篇；★本場次資訊透明度最高的一筆=維持買進卻大幅下修目標價17.86% 且完整揭露下修拆解；★下修的唯一理由是成長率降級=2026-2028年EPS CAGR估8.9% 明顯低於前次2025-2027年的15% 因此將評價倍數由22倍降至18倍；★18倍已低於過去5年12~27倍區間的平均20倍 代表該行不僅下修獲利也認為儒鴻應享有低於歷史平均的評價；正面因子=新客戶拓展及新品開發支撐獲利成長 加上原物料環境改善 下半年毛利率可望回升至高於Q2的30% 可透過功能性產品升級在美國通膨與油價上漲下爭取市占率；★該行對2026-2028年EPS預估較市場共識低2%~5% 主因對營收及營業利益率採較保守假設 屬自陳保守；★該行原文明列三項下行風險=(1)毛利率改善不如預期(2)需求低於預期(3)高通膨與關稅不確定性；其他風險=★成長率由15%降至8.9%接近腰斬 若為結構性則18倍仍可能進一步壓縮 油價走高與原物料環境改善假設方向相反 券商未具名 未載報告出具日期 未揭露各年度EPS絕對值 本則為新聞轉述非報告原文；已做個股摘要 260819_日系外資_儒鴻1476.docx；來源ctee 20260819700927
2026-08-19,美系外資（工商時報未具名）,外資,鴻勁(7769),半導體－IC測試設備（成品測試／SLT）,買進（維持）,7800(維持不變 無調整),見報2026/08/19 10:07 工商時報記者林資傑；★本則為全維持型報告=評等不動 目標價不動 無任何預估調整 屬論點重申而非新評價事件 訊號強度低於有數字變動的個案；近況驗證=2026年7月自結合併營收52.45億元 月減1.05%年增近1.01倍 達Q3營收預期的37%；★訂單動能=在手訂單維持強勁 AI ASIC訂單進一步增長 加上AI GPU/CPU出貨持續 訂單能見度已延伸至年底；成長動能清單=特斯拉採用高階成品測試及SLT機台 美系汽車IDM擴建晶圓廠 Google TPU持續放量 輝達與超微CPU/GPU訂單強勁 中國大陸國產高階晶片測試需求增加；預估2026-2028年營收與獲利CAGR各達40%與42% 毛利率由2026年57%提升至2028年60% 整體ASP CAGR達7%；產能=2026上半年產能已增45% 全年年增40%目標符合預期 德勝新廠2027年Q1投產 2027與2028年產能各增50%；★ASP邏輯=大型封測設備自Q4起逐步取得更多採用 2027年出貨占比估15%~30% ASP可提升20%~25%；風險=★7800元未揭露目標本益比 評價年度與各年度EPS絕對值 僅給CAGR完全無法回算 ★整套邏輯建立在多個單一客戶專案之上原文未做集中度情境試算 ★毛利率由57%升至60%與三年連續大幅擴產同時發生 擴產期折舊與稼動率風險未討論 中國大陸需求受出口管制影響屬政策敏感變數 訂單能見度延伸至年底為定性描述未提供在手訂單金額 券商未具名 未載報告出具日期 本則為新聞轉述非報告原文；已做個股摘要 260819_美系外資_鴻勁7769.docx；來源ctee 20260819700925
2026-08-19,美系外資（工商時報未具名）,外資,大聯大(3702),電子通路－半導體零組件代理,加碼（維持）,160(原文未載前值),見報2026/08/19 09:56 工商時報記者王逸芯；Q2實績=營收季增44%年增82% 稅後淨利86億元創新高 EPS 5.12元 分別較該機構預估及市場共識高出35%與32%；★核心驅動是記憶體=記憶體營收占比由2025Q2的26% 2026Q1的45% 進一步提高至2026Q2的54%；★毛利率4.43%(Q1為4.49%)與營益率2.62%(Q1為2.68%)雙雙微幅下滑 代表本次超預期是量的貢獻而非利潤率改善；營運效率=管理層稱ROWC創新高 營運資金占用程度進一步降低 現金循環週期降至52天 庫存天數降至40天落在歷史低檔；★該行自己點出的最大保留=公司Q3營收展望僅隱含約5%季增 相較Q2的44%季增明顯放緩；★該行對放緩的解釋=記憶體價格漲幅趨緩 以及部分客戶提前在Q2拉貨 由於部分需求已提前反映 Q3進一步超出市場預期的空間可能受限；維持加碼理由=AI需求持續擴大 終端記憶體搭載量提升 LaaS業務擴張 營運效率改善；公司Q3財測(非該行預估)=營收4600~5000億元 稅後純益95.02億~107.18億元 EPS 5.45~6.15元；風險=★Q2超預期35%卻只維持評等與目標價本身即是訊號 該行認為超預期部分不具延續性 ★通路商的記憶體業務是雙面刃 漲價期有庫存增值利益 價格回落時庫存跌價損失同樣快速 原文未做價格敏感度試算 ★記憶體占比一年內由26%升至54% 集中於景氣循環最劇烈的品項 集中度風險未討論 客戶提前拉貨已被該行明確點名代表Q3至Q4存在需求真空可能 160元未載前值 未揭露目標本益比與評價年度 券商未具名 未載報告出具日期 本則為新聞轉述非報告原文；已做個股摘要 260819_美系外資_大聯大3702.docx；來源ctee 20260819700907 + 20260819700234
2026-08-19,法人（工商時報未具名 未區分內外資）,－,聯詠(3034),半導體－IC設計（驅動IC／SoC／Edge AI）,Trading Buy,601(原文未載前值),見報2026/08/19 11:54 工商時報記者王逸芯；★評等用字是Trading Buy而非Buy=這是波段操作建議而非長期持有建議 訊號性質與其他個案不同 旺來須特別留意；Q2優於預期=營收286.60億元季增23.83%略高於公司原估的274~285億元 毛利率42.42%季增3.36個百分點高於原估的39%~41% 單季EPS 10.40元；★Q2毛利率超標的三個原因=封測與記憶體KGD成本上漲後部分產品同步調高售價 高毛利SoC營收占比提高 低成本庫存挹注 三者中有兩項不具延續性；2026年新品=摺疊手機OLED TDDI 加入AI功能的影像與機器視覺產品(Edge AI) 多款高階電競螢幕 估2026年EPS 35.36元；★該法人明確預期Q3毛利率將較Q2下滑 主因材料成本上揚 低價庫存減少及產品組合轉差 Q3 EPS預估9.74元亦低於Q2的10.40元；產品線分歧=電視季減 顯示器淡季下滑 筆電因提前備貨後續出貨可能減少 手機估持平(非中國市場明顯成長 中國品牌客戶疲弱) 平板溫和成長 車用持平；風險=★該法人自估Q3毛利率下滑且EPS較Q2衰退卻仍給601元 代表601元隱含的是2027年以後的動能 原文未揭露評價年度 ★供應鏈吃緊為成本端風險 除記憶體KGD外基板 邏輯IC測試機台及ABF載板供應也吃緊 原文自陳風險可控但未量化 ★低成本庫存挹注屬一次性利益 毛利率下行是機械性的 ★同日經濟日報公司財測(Q3營收300~312億元 毛利率38.5%~41.5% 出自總經理王守仁)為公司指引 與本則法人觀點來源不同不應混為一談 機構未具名 未區分內外資 未載報告出具日期 未載前值與目標本益比 601元無法回算；已做個股摘要 260819_法人_聯詠3034.docx；來源ctee 20260819701116 + udn 9700846
2026-08-19,摩根士丹利（★具名）,外資,群創(3481),光電－面板／先進封裝（FOPLP 玻璃載板）,持有（維持）,60(維持不變),見報2026/08/19 13:23 工商時報轉載非凡新聞；★本場次唯一具名券商的空方觀點 也是本系統近期少見的明確潑冷水型報告；★核心論點=市場對先進封裝玻璃應用的熱度已逐漸回歸理性 在供應鏈尚未出現技術或良率重大突破前近幾個月市場熱度已明顯降溫 且群創FOPLP及玻璃載板相關業務短期仍難帶來顯著貢獻 因此不給予題材溢價；評價依據=群創2027年預估本淨比約1.7倍 風險報酬並不具吸引力(採P/B而非P/E 符合面板業慣例)；EPS預估2026/2027/2028年=1.57/1.67/3.07元；傳統業務分歧=電視面板需求相對穩定但部分客戶提前拉貨效應已在上半年反映 NB面臨零組件成本上升壓力；大摩認可的正面因子=非大宗顯示器收購先鋒後效益可望逐步顯現 非顯示面板需求維持穩定成長 暫緩廠房處分計畫有助專注生產設施優化；公司說法對照=董事長洪進揚稱Chip-first單月出貨已突破4000萬顆並維持兩位數成長 TGV導入時程預期不晚於2028年須視客戶驗證進度 FOPLP後續投資待董事會通過預期為一次性較大規模投資並與合作夥伴分攤；當日行情=盤中一度跌逾6%最低46.3元摜破月線 外資08/18賣超2萬9692張居外資賣超榜第四 自營商逆勢買超1萬3592張 08/19外資更以6.1萬張居減碼首位；風險=★最大判讀衝突=公司法說會訊息偏正向 大摩卻據此維持持有 兩者對同一組事實的解讀相反 差異在於時程而非方向 ★60元仍高於當日股價46.3~46.75元約28.4%(本系統回算) 出現評等看空但目標價仍有上檔空間的組合 不應把60元當成賣出價位 ★EPS 2026/2027年僅1.57/1.67元幾乎持平 2028年才跳升至3.07元 整套模型把成長全押在2028年 ★同日FactSet共識亦由70元下修至65元且評等中立 共識與具名券商同時轉弱是本場次最明確的空方組合 玻璃載板熱度降溫是市場情緒判斷非產業數據 未提供良率認證或客戶驗證的量化進度 大摩未載報告出具日期 本則為新聞轉述非報告原文；已做個股摘要 260819_摩根士丹利_群創3481.docx；來源ctee 20260819701133
2026-08-19,FactSet外資共識（鉅亨網外資評等表 評等日20260819）,外資,群創(3481),光電－面板／先進封裝,中立,65(前值70 ★下修7.14%),★本場次最值得留意的組合=同一天 具名的摩根士丹利維持持有目標價60元 FactSet共識同步由70元下修至65元並給中立評等 具名券商與機械式共識方向完全一致；★這與本系統近期常見的共識與具名券商背離(如力旺 技嘉)形成對比 群創是少數兩者同步轉弱的個案 訊號可信度相對較高；共識65元較大摩60元高8.33%(本系統回算) 代表大摩在共識中屬偏保守端而非離群值；表列現價46.75元 隱含+39.04%(本系統回算)；對照當日行情=群創08/19盤中一度跌逾6%最低46.3元摜破月線 外資連兩日大賣 評等 共識與籌碼三者方向一致；風險=★共識65元與現價46.75元仍有+39%空間 與中立評等形成張力 中立搭配正報酬空間通常代表共識樣本中同時存在看多與看空的極端值 ★FactSet為共識統計非單一機構報告 無論述 無EPS預估 無目標本益比 無涵蓋家數分布 完全無法回算驗證 ★表列現價對應前一交易日收盤 實際空間須以最新股價重算 面板業評價通常採P/B(大摩即採2027年1.7倍) 本表未揭露共識採用的評價方法 與大摩數字不必然可比；已做個股摘要 260819_FactSet外資共識_群創3481.docx；來源cnyes ratediff
2026-08-19,FactSet外資共識（鉅亨網外資評等表 評等日20260819）,外資,力旺(3529),半導體－矽智財IP（eNVM／硬體安全）,本表評等欄為空,3785(08/18表列值3842.5 兩日−1.50%),★連續兩個評等日下修=08/18由4800元下修至3842.5元(−19.95%) 08/19再降至3785元(−1.50%) 累計自4800元下修21.15%(本系統回算)；★重要資料修正=本系統於08/18盤後場次記錄的08/18共識值為3900元 本場次覆核鉅亨表列該筆已顯示為3842.5元 ★鉅亨表的歷史列存在回溯修正 本系統原記錄應以3842.5元為準 此為本系統首次實證該表歷史列可被改寫 建議日後定期覆核既有紀錄；★與具名券商的方向背離持續=摩根士丹利於08/18-08/19首度覆蓋力旺並給予正向 推測合理股價3330元 共識3785元較大摩初評高13.66%(本系統回算)；★共識由4800元一路下修至3785元 逐步向大摩的3330元靠攏 若此趨勢延續 大摩初評可能是領先指標而非落後；表列現價2260元 隱含+67.48%(本系統回算)；風險=★FactSet為分析師共識統計非任何單一機構研究報告 本表評等欄為空 無論述 無EPS預估 無目標本益比 無涵蓋分析師家數與樂觀中立悲觀分布 完全無法回算驗證 ★共識價會平滑掉離群值 其變動平緩不等於可靠而是分歧被隱藏 ★連續下修21.15%的過程中股價仍在2260元附近 隱含空間仍達67% 這種共識下修但空間仍大的組合通常代表股價早已反映悲觀情境或共識樣本組成正在變動 兩者意義完全不同本表無法區分 ★表列現價對應前一交易日收盤；已做個股摘要 260819_FactSet外資共識_力旺3529.docx；來源cnyes ratediff
2026-08-19,里昂證券（★具名 08/19早盤補收錄）,外資,台積電(2330),半導體－晶圓代工,強力看好（維持）,3700(前值3330 ★上修11.1%),★本場次最重要的一筆 也是本週單一具名機構對權值股最大幅度的上修 為早盤窗口遺漏之補收錄；見報2026/08/19 01:28 經濟日報記者魏興中(另有08/18 17:15同內容稿9699294)；★上調2026-2028年獲利預測8%~15% 維持強力看好評等 目標價由3330元調高至3700元 調幅11.1% 居內外資法人圈第三高；★上修的雙軌邏輯=(1)為AI建設提供支持(2)同時滿足其他客戶如蘋果等需求 並進一步拉開與英特爾 三星等潛在競爭對手的技術差距；★資本支出是核心論據=估台積電2027年資本支出將達800億美元 2028年900億美元 並將此視為技術差距擴大的具體投入證明；★蘋果的量化貢獻=預估今年底蘋果用於新款iPhone和iPad的A20晶片以及用於MacBook的M6晶片 將占台積電2奈米產能一半 或一年後總產能的三分之一 ★這是本系統少見的非AI客戶亦被量化的論述 論述完整度較高；★里昂今年調升軌跡=1月中強力看好2000元 → 1月底3030元 → 6月底3330元 → 現在3700元 今年來目標價調幅高達85%；同業對照=麥格理4200元為法人圈最高且是唯一4字頭(理由為Q2超乎預期並上修財測 再次確認AI需求強勁與持續轉強的產業趨勢) 花旗買進3800元居第二(看好AI晶片強勁拉貨 先進製程產能利用率維持高檔 尤其N2與N3需求的剛性支撐)；風險=★最大的風險就是調升節奏本身 今年分四次由2000元調至3700元累計85% 短時間內反覆大幅上修代表原模型與現況落差已久或新模型假設高度樂觀 兩者都意味預估區間不確定性偏高 ★資本支出800~900億美元是投入而非產出 資本支出上升同時意味折舊壓力上升 原文完全未討論對毛利率的影響 ★蘋果占2奈米產能一半屬單一客戶高度集中 原文未做集中度情境試算 ★見報當日08/19台股大跌589點 台積電收2350元跌1.26%失守月線 費半重挫4.98% 股價實際反應與此則正向看法完全背離 3700元對2350元隱含+57.4%(本系統回算) 未載目標本益比與評價年度 未載各年度EPS絕對值 未載報告出具日期；已做個股摘要 260819_里昂證券_台積電2330.docx；來源udn 9699945
2026-08-19,16家本國投顧及外資券商（併稱 個別數字未載 08/19早盤補收錄）,－,世芯-KY(3661),半導體－IC設計服務／AI ASIC,買進,4640~6800(區間),★早盤窗口遺漏之補收錄；見報2026/08/19 03:00 工商時報記者陳彩玲 刊於永豐金證券權證版；★本則的唯一新資訊是區間下緣4640元=這是本系統首次看到低於5088元的世芯目標價 較既有最保守的5088元低8.8%(本系統回算) 代表市場上存在比既有紀錄更保守的一家；★區間上緣6800元與本系統08/17已收錄的B家完全相同 可交叉驗證6800元為目前檯面上最高；本國投顧論點=受惠CSP廠持續進行ASIC晶片開發 世芯接獲北美客戶新一代加速器晶片的開發案帶動營運跳躍式成長 在新創公司積極發展AI晶片下有望獲得更多委託設計服務機會 車用自駕晶片將逐步量產有利長期營運穩健成長；★時程展望=最新7月營收創新高 動能將延續至2027年 今年雖受產能限制但營收仍具上修空間 北美CSP客戶四代產品單價將翻倍以上提升 貢獻營收預計落在2028年 法人看好成長動能延續至2029年；風險=★16家併稱區間是本系統反覆遇到的表述陷阱 08/18早盤稿曾以花旗環球/摩根大通/瑞銀併稱6600~6800元 但08/17實際三家數字為6100/6800/5088 最低者完全落在該區間外 本則的4640~6800同樣不可視為16家的共識帶 ★4640元與6800元相差46.6%(本系統回算) 區間寬度本身即代表分歧極大 取中值沒有意義 ★本則刊於權證版面並附免責聲明 屬權證推介稿而非研究報告轉述 資訊密度低於券商專稿 ★16家的個別評等 目標價 EPS預估 評價年度與報告出具日期全部未載 單一客戶集中度極高(Trainium系列今年約占營收60% 2027年約68% 出自本系統08/17紀錄)本則完全未討論；已做個股摘要 260819_16家法人併稱_世芯-KY3661.docx；來源ctee 20260819700303
2026-08-19,FactSet外資共識（鉅亨網外資評等表 評等日20260818 補收錄）,外資,智易(3596),通信網路－網通設備（CPE／閘道器）,強力買進,232.5(前值240 下修3.13%),★本筆為08/18盤後場次遺漏之補收錄 該場次僅記錄力旺 旺矽 智邦 技嘉 6472五檔 實際該評等日尚有智易與長榮兩筆 已於本場次關閉此缺口；★強力買進搭配目標價下修3.13% 屬幅度輕微的技術性調整而非觀點轉向 建議視為約235±10元區間；強力買進為FactSet共識評等分級中的最高等級 在本系統近期收錄的共識紀錄中出現頻率不高；表列現價160元 隱含+45.31%(本系統回算) 為08/18評等日該批進表個股中的中上水準(旺矽+61.29%最高 6472 +22.00%最低)；風險=★FactSet為共識統計非單一機構報告 無論述 無EPS預估 無目標本益比 無評價年度 無涵蓋分析師家數 完全無法回算驗證 ★共識價會平滑掉離群值 穩定不等於可靠而是分歧被隱藏 ★表列現價對應前一交易日收盤 實際空間須以最新股價重算 ★本系統對智易並無既有的個別券商紀錄 此為首度收錄的共識序列 無序列可供趨勢判斷；已做個股摘要 260819_FactSet外資共識_智易3596.docx；來源cnyes ratediff
2026-08-19,FactSet外資共識（鉅亨網外資評等表 評等日20260818 補收錄）,外資,長榮(2603),航運－貨櫃,本表評等欄為空,234.5(本表未載前值),★本筆為08/18盤後場次遺漏之補收錄 且為本場次最值得警覺的一筆；★共識目標價234.5元已低於表列現價240.5元 隱含−2.49%(本系統回算) 代表以外資共識口徑 長榮股價已充分反映甚至超前；★與本系統既有紀錄的落差極大=滙豐證券08/17具名重申買進並將目標價由255元上修至270元 共識234.5元較滙豐低13.15%(本系統回算)；★三方觀點並列=滙豐買進270元(08/17具名) 法人中立無目標價(08/16-08/17未具名) FactSet共識234.5元且已低於現價(08/18) 三者中兩者偏保守；既有基本面背景(出自本系統08/17紀錄 非本表內容)=Q2營收1051.61億元季增21.56% 歸屬母公司稅後純益160.34億元年增46.33% 7月營收480.79億元年增43.07% 滙豐預估Q3平均運價季增11%；風險=★共識低於現價通常代表兩種情況之一 股價已透支基本面 或共識樣本尚未反映最新財報 本表無法區分 且未載前值使得無法判斷是下修還是首次納入 ★航運股評價高度依賴運價假設 滙豐的Q3運價季增11%是多頭邏輯的單一支點 共識偏保守可能正反映其他機構不採此假設 ★紅海復航為雙面刃 馬士基已將復航納入考量 一旦其他航商跟進將瞬間釋放大量運力 各方紀錄均未做情境試算 ★FactSet為共識統計非單一機構報告 完全無法回算驗證；已做個股摘要 260819_FactSet外資共識_長榮2603.docx；來源cnyes ratediff
2026-08-19,－(法人／研究機構 無評等或無目標價),－,強茂(2481)／環球晶(6488)／光通訊族群／祥碩(5269),市場－產業與個股背景,無評等或無目標價,無,本場次背景紀錄 四則合併 均無可操作的評等與目標價組合 不另建摘要；(1)強茂2481=經濟日報8/19 13:11記者盧宏奇 法人未具名 ★原文稱調升獲利預估值及目標價 但完全未載新舊目標價數字與評等 為本場次最大的資訊缺口 列為下一場次待補；7月營收14.4億元續締歷史新猷 訂單出貨比持續提升 Q3營收估季增約一成 POWER MOSFET獲CSP客戶採用量快速提升 上半年AI營收占比約11% 全年AI相關功率元件營收估翻倍成長 ★2027年AI相關產線成長幅度由原估50%上修至70%~80% 缺貨動能來自AI伺服器需求推升及第三代半導體轉進 成熟製程晶圓產能縮減；(2)環球晶6488=經濟日報8/19 12:10記者周克威 法人未具名 估今年EPS 19.8元 BVPS 207.4元 12吋矽晶圓產能利用率已接近滿載 先進製程用矽晶圓持續短缺 日廠表態目前價格水準仍不足以支持新一輪投資計畫 漲幅5~10%並不足以充分反映生產成本增加 ★2022-2023年簽訂的LTA最遲2028年到期 法人預期廠商將在不簽新LTA下對增量需求調整價格 美國新產能主要支應英特爾 美光等美國客戶長期需求 無評等無目標價；(3)光通訊族群=經濟日報8/19 11:45記者崔馨方 法人未具名 點名磊晶聯亞3081 全新2455 IET-KY 4971 晶圓代工環宇-KY 4991 穩懋3105 封測聯鈞3450 後段切割華星光4979 光環3234 濾波統新6426 後段組裝台表科6278 大眾控3701 OCS受惠智邦2345；Lumentum與Coherent Q2營收毛利率EPS均優於預期 Lumentum Q3營收指引中值季增24%年增134% Non-GAAP營益率可望提升2.9至3.9個百分點達39.5%~40.5% ★EML供需缺口仍達約30% OCS市場規模上修至40億美元 產業三項變化=基板尺寸朝4吋6吋演進 長約/預付款/合資取代現貨採購 雷射自製比重成競爭力關鍵 ★全數無個股評等與目標價；(4)祥碩5269=工商時報8/19 13:35記者王逸芯 股價逆勢漲逾8%最高1480元 Q2 EPS 27.22元季增9.54%年增81.23%創單季新高 上半年52.07元 7月營收7.83億元月減9.69%年減37.99%受PC需求偏弱影響 公司稱下半年本業營收恐不如上半年及去年同期 但受惠高毛利SATA Controller出貨與轉投資收益 全年獲利仍有機會優於去年 今年拿下第二家ASIC客戶下半年起貢獻營收 啟動新一輪五年轉型計畫 長期營收規模以10億美元為目標 ★全文無任何券商評等與目標價 屬公司說法；風險=四則全數不構成可操作訊號；來源udn 9701022 + udn 9700849 + udn 9700783 + ctee 20260819701274
2026-08-19,－(近24小時無新券商觀點),－,萬潤(6187),半導體－封裝自動化設備(自選股),無新評等,無新目標價,自選股本場次追蹤紀錄 非券商新觀點 不另建摘要；經多來源交叉查核確認2026/08/19 08:10至19:10無任何新券商報告評等或目標價見報；查核來源=★工商時報即時證券列表livenews/stock(本場次快取新鮮 更新至14:37 逐則檢視30則無萬潤 本場次6筆窗口內新觀點中有5筆由此入口取得) 工商時報上市櫃分類頁twmarket(完整列出08/19證券稿件 無萬潤) 經濟日報money.udn cate/5590與各story頁的最新與最熱側欄(逐則檢視無萬潤) ★鉅亨網外資評等表ratediff(本場次快取新鮮 評等日20260819僅2檔進表為力旺與群創 均與萬潤無關 該表本身已證明是活的 排除快取失效誤判) 另加WebSearch專搜萬潤6187外資目標價(僅回傳鉅亨個股頁 HiStock 愛玩股 Win投資等行情站與100元舊稿 無2026年8月新報告)；★重要觀察=8/10公布Q2 EPS 8.50元創單季新高後 已連續十八個場次(8/11早盤至8/19盤後)無券商模型更新見報 8/12亮燈漲停收1155元後亦無對應報告 屬純籌碼題材面推升 建議維持每日一次確認的監控節奏 不必每場次列為第一優先 但維持追蹤不中斷；既有紀錄維持不變=高盛證券買進1550元(2026/07/10由1650元下修6.1%) 美銀證券初評買進1500元(2026/07/27 2026/2027/2028年EPS估26.46/41.82/53.34元) 富邦證券看多800元(2026年EPS估20.62元)；其他可見券商觀點全部早於窗口=大摩1280→1580(2026/05/31) 瑞銀1550 高盛1800 摩根大通1450；行情註記(非券商觀點)=WebSearch回傳之行情站顯示萬潤本益比23.63 外資持股比例27.04%；來源ctee livenews stock + ctee twmarket + money udn cate 5590 + cnyes ratediff + WebSearch
2026-08-20,本土大型券商（工商時報／中時新聞網未具名）,內資,仁寶(2324),電子代工－ODM／PC代工／AI伺服器,買進（★由「持有」調升）,55(前值35 ★上調57%),見報2026/08/19 21:09 工商時報轉載中時新聞網記者吳美觀；★本場次最重要的一筆 也是本系統近期少見的評等與目標價同步跳升個案；★核心論點是轉型而非當期獲利=該券商認為仁寶正逐步由傳統PC代工廠轉型為AI伺服器成長股；觸發事件=Google新一代TPU供應鏈話題升溫 該券商指出仁寶極具潛力爭取美系CSP的ASIC L11組裝訂單 初期出貨比重預估約10%；Q2實績=營收2383億元季增18%年增32% EPS 0.72元優於預期；7月合併營收810.06億元月減15.49%(季底出貨高峰結束)年增38.26%創歷年同期新高 累計前7月5206.04億元年增18.82%；★伺服器營收預估為整套論述核心=2026年約900億元年增108% 2027年跳升至2888億元年增高達221%；獲利=同步上修2027年獲利預估59% EPS由2026年1.93元提高至2027年3.66元年成長89.1%；資本支出今年提高至180億元 美國及台灣新廠預計年底完工；★以55元對2027年EPS 3.66元約15.0倍(本系統回算 原文未載評價年度與目標本益比)；★對照FactSet外資共識=08/17表列40元 08/14表列35.75元符合市場(前值31元) 本次本土券商55元較08/17共識高37.5%(本系統回算) 內資明顯樂觀於外資共識；風險=★最大風險是論述支點尚未成立 原文明言潛在訂單可能在未來數周進一步確認 代表ASIC L11訂單目前只是極具潛力爭取而非已取得 建議把美系CSP的ASIC L11訂單是否確認列為單一關鍵追蹤指標 ★毛利率方向與目標價方向相反 Q2毛利率降至4.6% 該券商自估Q3仍有進一步下滑壓力可能降至4.4% 主因記憶體等零組件價格上漲壓縮PC與NB獲利空間 這是上調目標價同時下調近期毛利率的組合 ★2027年伺服器營收由900億跳至2888億(+221%)屬極高成長假設 原文未提供訂單能見度 客戶名單或分季路徑 也未做情境試算 ★評價倍數風險 15.0倍對毛利率僅4.4~4.6%的代工廠偏高 55元無法回算 ★記憶體漲價對仁寶是純成本端逆風 與同期記憶體通路商大聯大受惠方向相反 原文未做零組件價格敏感度分析 券商未具名 未載報告出具日期 本則為中時新聞網轉述非報告原文 原文附免責聲明；已做個股摘要 260820_本土大型券商_仁寶2324.docx；來源ctee 20260819701917 + cnyes ratediff
2026-08-20,美銀證券（★具名 分析師劉宇喬）,外資,台積電(2330),半導體－晶圓代工,買進（維持）,3100(★維持不變 無調整),見報2026/08/19 21:36 經濟日報記者張瀞文 + 2026/08/20 03:00 工商時報記者簡威瑟(同源)；★本則為全維持型報告=評等不動 目標價不動 屬論點重申而非新評價事件 訊號強度低於有數字變動的個案；★核心不是目標價而是資本支出=美銀與里昂在兩日內接力表態 共同把2027年資本支出的市場共識往上推 2027年850億美元的新共識初具雛形；硬證據=台積電董事會已核准290億美元資本支出用於先進前段與後段製程需求 使2026年前三季預算年增率達99%；★預算結構透露擴產階段=整體預算持續傾向前段擴產 先進後段封裝與特殊製程略微提升 而用於廠房與無塵室建置的預算比重已下滑 代表台積電正處於機台進駐而非蓋廠階段；需求端由下而上推估=依GPU ASIC x86／ARM伺服器CPU 網路交換器及既有行動裝置SoC晶圓需求估算 2026年資本支出可望達成指引中間值620億美元；★2027年三層數字(本則資訊完整度最高之處)=美銀自身預估780億美元 市場共識750億美元 情境上緣800~850億美元 達成上緣的條件明確為資本撥款執行率維持年增40~45%；★海外擴產不再是純稀釋=亞利桑那廠2026年Q2營收450億元季增17%年增145%占總營收約4% 扣除政府補助後淨利率由2025年的-90%回升至38%(仍低於公司平均約50%) 若海外產能利用率與定價執行良好 毛利率稀釋壓力可望緩和；毛利率觀點=HPC需求穩健 憑技術領先毛利率可望維持接近70%；★以08/19收盤2350元計隱含+31.91%(本系統回算)；同業對照=里昂3700元(強力看好 08/19由3330上修11.1%) 麥格理4200元(法人圈最高) 花旗3800元 摩根大通3100元(2026/07/08優於大盤)；★三家對2027年資本支出估計反而高度一致(美銀800~850億 里昂800億且不排除850億) 代表目標價差距來自本益比或評價方法而非對台積電營運前景的分歧 不宜將這些數字平均；風險=★折舊與毛利率的內在張力 美銀自估2026~2028年折舊費用CAGR可能達20% 同時稱毛利率可望維持接近70% 兩者同時成立的前提是營收成長率高於折舊成長率 原文未提供敏感度試算 也未拆解折舊對各年度EPS的影響 ★資本支出是投入不是產出 800~850億美元代表現金流出與未來折舊 把資本支出上修直接解讀為獲利利多需要額外假設 ★亞利桑那廠38%淨利率仍低於公司平均約50% 海外占比只要繼續上升結構性稀釋就仍在 原文未提供海外營收占比分年路徑 ★目標價未動本身即是訊號 美銀在上修資本支出情境的同時維持3100元不變 代表該行認為資本支出上修尚不足以改變評價 與里昂同期上修11.1%至3700元形成對比 兩者相差19.4%(本系統回算) 3100元未揭露目標本益比 評價年度與各年度EPS絕對值無法回算 未載報告出具日期 本則為新聞轉述非報告原文 ★股價與觀點背離 08/19台積電收2350元跌1.26%失守月線 費半重挫4.98% ADR大跌4.1% ★產業變數 三星已對部分先進製程新訂單漲價最高15%(路透08/19) 英特爾傳將於Razor Lake採用台積N2X 兩者方向相反原文均未納入模型討論；已做個股摘要 260820_美銀證券_台積電2330.docx；來源udn 9702131 + ctee 20260820700078
2026-08-20,－(近24小時無新券商觀點),－,萬潤(6187),半導體－封裝自動化設備(自選股),無新評等,無新目標價,自選股本場次追蹤紀錄 非券商新觀點 不另建摘要；經多來源交叉查核確認2026/08/19 19:10至2026/08/20 08:10無任何新券商報告評等或目標價見報；★惟本場次出現一則值得記錄的產業級提及=工商時報08/20 03:00輝達矽光交換器量產 台廠CPO測試鏈商機燃(記者張瑞益 李娟萍) 法人(未具名 未區分內外資)點名萬潤為CPO設備供應鏈受惠股 指其近年積極布局矽光子及CPO先進封裝設備 原已深耕半導體封裝自動化 若CPO進入大規模量產 高精度光纖與PIC對位 耦合及組裝設備需求增加 矽光設備有望成為新的成長動能 同稿另點名旺矽 穎崴 中華精測 論述背景為輝達Spectrum-X Ethernet Photonics矽光交換器進入量產 單顆Spectrum-6交換晶片頻寬達102.4Tb/s 整合32顆矽光引擎 支援512條200G高速通道 CPO測試鏈由模組級擴展至晶圓／晶片-光引擎-CPO封裝-整機完整流程；★這是自8/10公布Q2 EPS 8.50元後 連續二十個場次無券商模型更新期間 第一次出現帶有具體產業邏輯的法人論述 但仍無評等 無目標價 無營收貢獻估計 不構成可操作訊號 建議列為題材面觀察而非評價事件；查核來源=工商時報搜尋頁search/目標價(本場次快取新鮮 側欄即時新聞更新至08/20 07:54 逐則檢視無萬潤評等稿) 工商時報8／20盤前稿(07:32出刊 逐則檢視利多10則利空5則無萬潤評等) 工商時報即時證券列表livenews/stock(快取停在08/19 14:13 無窗口內新稿) 上市櫃分類頁twmarket(快取停在08/19早報稿) 經濟日報money.udn story頁側欄(更新至08/20 08:00 逐則檢視無萬潤) 鉅亨網外資評等表ratediff gt=qfii(最新評等日仍為20260818 未更新 該表本場次無新資料) WebSearch專搜萬潤6187外資目標價(僅回傳CMoney nStock Goodinfo Yahoo Win投資 愛玩股 PChome等行情站與富邦800元舊稿 無2026年8月新報告)；既有紀錄維持不變=高盛證券買進1550元(2026/07/10由1650元下修6.1%) 美銀證券初評買進1500元(2026/07/27 2026/2027/2028年EPS估26.46/41.82/53.34元) 富邦證券看多800元(2026年EPS估20.62元)；其他可見券商觀點全部早於窗口=大摩1280→1580(2026/05/31) 瑞銀1550 高盛1800 摩根大通1450；來源ctee search 目標價 + ctee 20260820700436 + ctee 20260820700080 + ctee livenews stock + ctee twmarket + money udn story側欄 + cnyes ratediff + WebSearch
2026-08-20,美系外資（工商時報未具名）,外資,華碩(2357),電腦及週邊設備－PC品牌／AI伺服器,中立（維持）,1109(前值1082 ★上調2.50%),見報2026/08/20 10:48 工商時報記者張佳琪；★本場次核心矛盾=上調數字卻不上調評等 2026年淨利預估一口氣上調30% 目標價僅上調2.50% 評等仍維持中立 代表反映的是已實現的Q2與7月超預期 而非對未來評價的重新認定；Q2實績=營收年增37%季增24%高於預期 毛利率16.5%亦優於預期(管理層歸因供應鏈管理與AI伺服器出貨量成長帶動生產效率) 淨利比先前預期高出許多；7月營收高於預期 反映AI伺服器需求與PC產品組合升級；★本則資訊完整度最高處=給到月份層級的轉折點 因7月基期低 8-9月營收逐月成長 ★但10-11月營收會下滑 原因是記憶體成本上漲抑制PC終端需求 以及AI伺服器產品線的轉型；季度展望=Q3 Q4營收仍兩位數年成長；預估調整=2026-2028年淨利上調30%/2%/4% 營收上調12%/8%/8% EPS上調為73.24/70.88/82.98元；★毛利率雙向調整=上調2026年 下修2027-2028年(機架式AI伺服器出貨成長構成壓力)；公司動作=發債籌資25億美元支持AI伺服器產能擴張；同業對照(本系統08/17紀錄)=花旗環球與凱基投顧同步升至1100元 本次1109元僅高0.82%(本系統回算) 三家幾乎貼齊；風險=★EPS路徑本身即最大風險訊號 該行自估2027年EPS 70.88元★低於2026年的73.24元 2028年才回升至82.98元 模型內含2027年獲利衰退假設卻仍給1109元 原文未載評價年度 此矛盾無法從新聞轉述釐清 ★中立搭配上調目標價本身即保留態度 ★記憶體漲價對華碩是純成本端逆風 與大聯大(08/19收錄)方向完全相反 ★10-11月營收下滑由該行自己點名 卻同時預估Q4兩位數年成長 需12月大幅回補 原文未提供Q4分月拆解 25億美元發債屬現金流出與未來利息折舊負擔 未討論對EPS影響 券商未具名 未載報告出具日期 未揭露目標本益比與評價年度 1109元無法回算 本則為新聞轉述非報告原文；已做個股摘要 260820_美系外資_華碩2357.docx；來源ctee 20260820700953
2026-08-20,亞系外資（工商時報未具名）,外資,南俊國際(6584),電子零組件－伺服器滑軌／機構件,買進（維持）,1022(維持不變 無調整),見報2026/08/20 12:51 工商時報記者莊丙農；★本則為本系統少見的下修預估卻不動目標價組合=明確把2026年傳統伺服器營收預估由24億元下修至20億元(-16.7% 本系統回算) 評等與目標價卻完全不動 代表該行認為傳統伺服器流失可由AI伺服器完全補回 1022元的支撐點原本就不在傳統業務上；Q2實績=稅後淨利2.19億元 EPS 3.10元 ★營收略低於預期 毛利率較Q1提升0.2個百分點至41.8% 營益率升至29.7% 但受高ASP傳統伺服器滑軌營收貢獻低於預期影響 毛利率仍略低於原先預期；★獲利優於預期的來源是業外而非本業=單季業外收益約2100萬元 主要來自匯兌收益及政府補助 判讀時須打折 本業實際低於預期；★傳統伺服器惡化具體且劇烈=Q2單月出貨量已降至3萬套以下 遠低於Q1每月超過8萬套(衰退逾62% 本系統回算)；AI伺服器為主要支撐=GPU及ASIC相關專案均已進入量產 AI滑軌出貨自Q3起挹注營收 帶動產品組合與毛利率改善；時程=自有Vera Rubin出貨進度維持原規畫 ★Q3末開始出貨給主要CSP客戶；★關鍵量化假設=維持新一代ASIC於2026下半年及2027年供應市占率20%~30%的預估 為1022元能否守住的單一支點；成本結構=越南生產基地帶來結構性成本改善 若傳統伺服器回溫毛利率可能優於目前預估；★同業對照(本系統既有紀錄非本則內容)=川湖2059於08/16獲法人上修至15500元 法人估其GPU與ASIC機櫃滑軌市占率超過八至九成 ★川湖80-90%與南俊20-30%在同一市場上大致互補 建議併讀 任一方市占數字被推翻另一方模型同步要修；風險=★訊號性質本身即風險 評等不動目標價不動且核心預估被下修 屬論點重申非新評價事件 ★傳統伺服器由每月8萬套以上掉到3萬套以下 該行只下修4億元 未說明2027年傳統業務假設 ★整套多方論述押在ASIC市占率20-30%單一假設 未提供依據 客戶名單或已取得訂單金額 未做下修情境試算 ★Q2獲利優於預期來自匯兌與政府補助 皆不具延續性 Vera Rubin於Q3末出貨代表Q3實際認列有限 貢獻主要落在Q4 時程風險集中單一季度 越南成本改善屬定性描述未量化 券商未具名 未載報告出具日期 未揭露目標本益比 評價年度與EPS絕對值 1022元完全無法回算 ★本系統對南俊國際並無既有券商紀錄 此為首度收錄 無序列可供趨勢判斷 維持1022元的前值來自原文自述無法交叉驗證；已做個股摘要 260820_亞系外資_南俊國際6584.docx；來源ctee 20260820701172
2026-08-20,瑞銀證券（★具名 分析師陳玟瑾）,外資,台股策略焦點股10檔／貿聯-KY(3665) 研華(2395) 上銀(2049) 信邦(3023) 旭隼(6409) 亞德客-KY(1590) 巨大(9921) 美利達(9914) 儒鴻(1476) 聚陽(1477),跨產業－策略報告,「買」（原文用語 未載制式評等代碼）,★全文未列任何目標價,見報2026/08/20 17:25 經濟日報記者魏興中；★定位要先講清楚=這是跨產業策略報告的焦點股清單 不是十份個股研究報告 有具名券商 有具名分析師 有買的評等用語 ★但完全沒有目標價 沒有評價倍數 沒有EPS預估 無法作為單檔評價依據 只能視為配置方向表態；★本清單最值得注意的是它避開了什麼=10檔中沒有任何一檔AI伺服器代工 ASIC設計服務或半導體權值股 在近期外資報告幾乎清一色集中台積電 世芯-KY 廣達 技嘉等AI主線的背景下 瑞銀把火力全放在自動化 自行車與紡織 方向與市場主流明顯不同；★清單方向與當日盤面高度吻合=08/20類股表現為油電燃氣+3.62% 水泥+2.67% 航運+2.48% 紡織纖維與建材營造均逾+2% 而電腦週邊設備-1.67%為當日最弱 外資買超前十大同樣以航運 鋼鐵 傳產 金融為主無一為AI伺服器族群 ★資金確實正在做這個方向的輪動 本則可視為外資對此輪動的公開背書；三大主軸=AI自動化 自行車復甦 紡織外銷；原文所載個別數字=研華Q3邊緣AI專案占比約24%年增率達108% 大幅高於Q1的年增61% 非AI專案亦實現34%年成長 亞德客-KY今年營運展望上修至超過20% 貿聯-KY為2026-2028年AI資料中心升級線路周期的長期受益者 儒鴻Q2淨利年增達158% 預估下半年營收年增率將自上半年的3%強勁加速至13% 訂單能見度維持約六個月 聚陽Q2淨利年增32% 全年出貨量呈低個位數成長 上銀 信邦 旭隼 巨大 美利達五檔原文未載個別數字；★與本系統既有紀錄的直接衝突=儒鴻已於08/19被美系與日系外資同時給460元(美系維持 日系由560元下修17.86%) 瑞銀強調下半年營收年增率將由3%加速至13% 方向與美系外資評價吸引力浮現一致 但與日系外資成長率由15%降級至8.9% 評價倍數由22倍降至18倍的判斷明顯衝突 ★同一檔股票兩天內出現三家外資兩種截然不同的成長率敘事 建議把儒鴻下半年月營收年增率是否真達13%列為單一關鍵驗證指標；風險=★最根本限制是沒有目標價就沒有風險報酬比 買在缺乏目標價與現價對照下無法判斷上檔空間 不應當成可操作進場依據 ★清單型報告固有陷阱=10檔併稱但論述深度極不平均 五檔完全無個別論述 不應假設信心程度相同 ★策略報告與個股研究報告的評等體系不必然相同 喊買為記者轉述用語 未說明是否等同瑞銀個股報告的買進評等 未載報告出具日期 目標本益比 評價年度與EPS絕對值 全清單無一項可回算 ★自動化與紡織族群共同外部變數是關稅與美國通膨 08/19日系外資已把高通膨與關稅列為儒鴻明確下行風險 本則完全未討論 ★本輪傳產與航運強勢部分來自資金自AI族群撤出的輪動效應而非基本面重估 若08/26輝達財報優於預期使資金回流AI主線 本清單相對強勢可能快速消退 本則為新聞轉述非報告原文；★體例說明=本則為跨產業策略清單且無任何個股目標價 若逐檔建立摘要將產生10份低資訊量文件 故合併為單一文件並歸入 個股\_策略清單 資料夾 不併入各檔個股資料夾 此為本場次自主體例決定；已做合併摘要 260820_瑞銀證券_台股策略焦點股10檔.docx；來源udn 9704074
2026-08-20,摩根大通（★具名）／高盛（★具名）,外資,SK海力士（韓股 非台股／台股連動=南亞科(2408) 華邦電(2344)）,半導體－記憶體（海外標的）,摩根大通 增持（維持）／高盛 買入（維持）,摩根大通275萬韓元／高盛350萬韓元（兩家原文均未載前值）,見報2026/08/20 12:23 工商時報記者方明；★本則為海外標的 兩家券商評的是韓股SK海力士 並未對任何台股個股給評等或目標價 故列為背景紀錄 不建個股摘要；事件=SK海力士祭出40兆韓元回購 股價20日盤中一度飆升逾12% 帶動台股記憶體族群南亞科 華邦電同步走強；摩根大通論點=股東回報政策由不超過50%自由現金流改為★不低於50% 天花板變地板 代表管理層對現金流創造能力更具信心 未來股東回報只會增加不會縮減 出售投資持股 併購現金流 員工獎勵股票回購等非經營性項目不納入FCF計算 提高資本配置透明度 回購比市場預期(原估9月底前後)更早落地 選在8月19日收盤後提前宣布 ★估到2027年底至少還有18兆韓元額外股東回報空間 相當於目前市值逾16%；高盛論點=市場可能低估其現金流生成能力 ★預估2025-2027年累計自由現金流可達25.2兆韓元 認為40兆韓元回購可能只是更大規模計畫的開胃菜 ★預估2027年股東回報率可能達8% 未來仍有約7兆韓元額外回購空間；共同判斷=最艱難階段可能已過 股東回報政策明確化 股價重新評價條件正在形成；★台股連動實證=本場次外資買超前十大即含南亞科26277張 華邦電23136張 當日南亞科+7.48% 華邦電+5.06% 記憶體為當日最強勢族群之一；風險=★兩家券商的目標價是韓元計價的韓股標的 不可直接推導至台股記憶體個股的評價 ★股東回購屬資本配置行為非獲利能力改善 兩家論述全部圍繞FCF與回報率 完全未涉及記憶體價格或供需 ★兩家原文均未載目標價前值 無法判斷是上調 下修或維持 記憶體漲價對台股是兩面刃 對南亞科華邦電是售價利多 對華碩 仁寶等PC與NB廠是純成本逆風(本系統08/20已同時收錄兩個方向) 本則為新聞轉述非報告原文；來源ctee 20260820701027
2026-08-20,－(法人／研究機構 無評等或無目標價),－,旺矽(6223)／長榮(2603)陽明(2609)萬海(2615)／世芯-KY(3661)／微星(2377)／聯發科(2454),市場－產業與個股背景,無評等或無目標價,無,本場次背景紀錄 五則合併 均無可操作的評等與目標價組合 不另建摘要；(1)★旺矽6223=經濟日報8/20 13:31記者盧宏奇 法人與投顧法人未具名 ★標題稱下半年續旺 法人調升獲利預估值及目標價 但全文未出現任何目標價數字 也未載評等 ★與08/19強茂完全同一模式 屬經濟日報該系列稿的結構性缺陷 不可在下游硬填數字 列為下一場次第一優先待補；原文論點=第2 3季營收有機會分別季增低中個位數百分比 中高個位數百分比 探針卡產能維持全年滿載可期 Non-AI ASIC探針卡客戶將於第4季小量量產 第4季Insertion 3開始出貨工程驗證機台給晶圓代工 封測 IC設計等國際客戶 2027年上半年Insertion 3測試設備有望進入量產 Insertion 2預估2026年第3季底第4季初將有較明確驗證結果 2027年營收成長幅度將優於2026年 毛利率維持向上；行情註記=旺矽當日+7.52%為CPO概念股強勢代表；(2)★貨櫃三雄=經濟日報8/20 13:17記者盧宏奇 大型本國投顧未具名 ★標題稱歐系航商唱旺後市 法人調升貨櫃三雄目標價 全文同樣無任何數字與評等 ★同一記者同一天內兩篇同樣缺數字 屬系統性問題；原文論點=考量運價高檔將挹注本季獲利倍數季增 美國進入庫存回補周期 長期平均運價提升 貿易結構性失衡將對運力的需求較名目貿易量增幅更高 Maersk宣布擴大訂造新船並下修年底長約比重目標 美國存貨銷售比處於低水位 補庫存將支持未來12個月長程運輸需求成長 ★但同時警示目前美國線訂艙貨量已較7月下降 且季節性拉貨亦將於9月起減緩 預期運價持續上行空間有限 ★這是本場次唯一同時給出多空兩面的產業論述；對照本系統既有紀錄=滙豐證券08/17具名長榮買進270元(由255元上修) FactSet共識08/18長榮234.5元已低於表列現價240.5元 ★具名券商 共識與本國投顧三方對長榮的方向仍未收斂；行情註記=外資本場次買超陽明54758張居首 萬海17722張 陽明連5買本週4天敲12.4萬張 收60.3元累計漲17.31% 萬海五日大漲29.7% 長榮突破季線後波段上漲20.5% 美東貨櫃航線現貨運價突破1萬美元大關年增234%達每FEU 10249美元；(3)世芯-KY 3661=工商時報8/20 11:28記者王逸芯 法人未具名 無評等無目標價 ★法人估2026年稅後EPS可達132.59元(對照本系統08/17紀錄 某美系外資估132.94元 兩者僅差0.26% 交叉驗證一致) Q2營收76.40億元季增82.48% 毛利率降至34.85%較Q1的50.18%下滑15.33個百分點(量產占比拉高所致) 北美CSP客戶N3加速器晶片今年5月正式量產 ★N2已進入開發預計2026年底Tape-Out 營收貢獻可延續至2028年 車用ADAS自2026年開始放量有機會躍升為第二大營收來源 結構觀點=COT合作模式短中期有利 受惠CSP自行主導架構設計但先進製程實體設計仍需外援的過渡階段 客戶切換成本高 風險=客戶集中度偏高 案件規模龐大使訂單或量產時程變化影響放大 EDA工具智慧化降低設計門檻恐提升CSP自研能力 當日股價開3690元最高3815元漲逾5%；(4)微星2377=工商時報8/20 12:36記者張佳琪 法人未具名 無評等無目標價 除息4.2元 除息參考價142.3元 現金殖利率約2.87% 早盤一度填息七成後貼息 ★外資8月以來連續加碼但除息前夕反手連賣4個交易日共2.2萬張 明顯棄息賣壓 Q2營收499.13億元年減18.6% 毛利率近16%季增1個百分點 稅後淨利29.99億元季減12.2%年增123% EPS 3.55元 上半年營收1061.7億元年減7.56% 稅後淨利64.15億元年增165% EPS 7.59元(去年同期2.86元) 展望=下半年有NVIDIA RTX Spark問市 伺服器出貨增加加旺季效應 主機板展望較保守；(5)聯發科2454=工商時報轉載非凡新聞8/20 12:30 ★唯一具名機構為Wedbush Securities 但僅有觀點 無評等 無目標價 SemiAnalysis指超微正與Google合作開發第10代TPU其中一項專案 可能採CPU與TPU整合的混合式設計 Google可能看中超微的CPU核心及矽智財 消息尚未獲Google 超微證實 Wedbush認為若屬實可能成為半導體產業的重要轉折 供應鏈=Google與博通已簽長約至2031年 聯發科持續取得多項獨家專案 預期至少到2028-2029年仍可享TPU出貨挹注 部分業界人士認為超微加入對博通 聯發科短期影響相對有限 ★聯發科當日重挫逾4%最低3675元收3700元跌3.77% 累計連5跌 失守月線；風險=五則全數不構成可操作訊號；來源udn 9703462 + udn 9703432 + udn 9704084 + ctee 20260820701051 + 20260820701133 + 20260820701037
2026-08-20,－(近24小時無新券商觀點),－,萬潤(6187),半導體－封裝自動化設備(自選股),無新評等,無新目標價,自選股本場次追蹤紀錄 非券商新觀點 不另建摘要；經多來源交叉查核確認2026/08/20 08:10至19:10無任何新券商報告評等或目標價見報；★自8/10公布Q2 EPS 8.50元創單季新高後 已連續二十一個場次(8/11早盤至8/20盤後)無券商模型更新見報；查核來源=★工商時報即時證券列表livenews/stock(本場次快取極為新鮮 更新至08/20 16:17 首則16:02 逐則檢視30則無萬潤評等稿 本場次全部6筆紀錄中有6筆由此入口取得) 工商時報搜尋頁search/目標價(可直接fetch 惟搜尋結果列表最新僅到08/19仁寶 側欄即時新聞更新至08/20 07:54 無萬潤) 鉅亨網外資評等表(最新評等日仍為20260819 進表僅力旺與群創2檔 無萬潤) WebSearch專搜5組關鍵字(萬潤6187外資目標價 萬潤6187券商評等 萬潤6187 2026年8月法人投顧報告 萬潤目標價調升投資評等買進先進封裝2026 萬潤6187外資目標價8月19日8月20日上調下調) 僅回傳Goodinfo CMoney 玩股網 HiStock PChome 鉅亨個股頁 Yahoo股市 愛玩股 Win投資 FinLab nStock等行情站 以及2026/07/27 FTNN舊稿(該舊稿內容=美系外資買進1500元 歐系外資瑞銀首評1550元 當日漲停1035元)；★題材面觀察(非評價事件)=08/20早盤場次已記錄法人點名萬潤為CPO設備供應鏈受惠股 本場次盤面CPO概念股全面走強(立碁+8.7% 眾達-KY+7.93% 華星光+7.75% 旺矽+7.52% 環宇-KY+6.89% 訊芯-KY+5.56%) 族群動能與該論述方向一致 ★惟萬潤本身仍無券商評等 無目標價 無營收貢獻估計 不構成可操作訊號 建議維持每日一次確認的監控節奏；行情註記(未經逐頁驗證 僅搜尋引擎摘要 標記待確認)=08/19收盤1305元漲3.57% 7月營收10.55億元月增4.17%年增73.44%創單月新高；既有紀錄維持不變=高盛證券買進1550元(2026/07/10由1650元下修6.1%) 美銀證券初評買進1500元(2026/07/27) 瑞銀證券首評1550元(2026/07/27) 富邦證券看多800元(2026年EPS估20.62元)；其他可見券商觀點全部早於窗口=大摩1280→1580(2026/05/31) 高盛1800 摩根大通1450；來源ctee livenews stock + ctee search 目標價 + cnyes board ratediff + WebSearch
2026-08-21,野村證券（★具名）,外資,台光電(2383),電子零組件－銅箔基板（CCL）／PCB材料,原文未載制式評等代碼（論述明確偏多）,8015(原文稱「升至」 ★未載前值 調幅無法計算),見報2026/08/21 03:00 工商時報記者簡威瑟；★本場次唯一的新評價事件；★上修的直接觸發點是漲價=野村考量AI PCB／CCL供需失衡 並預期台光電將於第四季啟動漲價 據此調高2026~2028年獲利預期 這是本則唯一明確的獲利上修理由；★EPS預估2026/2027/2028年=129.53/250.51/345.28元 原文稱幾乎年年多賺十個股本左右；供給面=AI PCB／CCL供應已因既有專案而吃緊 隨新的AI平台與周邊板卡下半年開始放量 供應緊張將更明顯；★新增的結構性變數是長約(LTA)=台光電不會主動提簽LTA 但AI客戶希望以合約鎖定高階材料需求量 價格仍依市場供需而定 台光電會考慮簽訂 一旦簽訂對未來二年需求能見度更佳 可提前安排原物料採購與產能配置 ★受合約保障的客戶在供應分配上可能被優先滿足 野村因此認為若部分AI客戶採用LTA可望促使其他AI客戶跟進；競爭優勢=相比同業產能規模龐大 加上2027 2028年持續擴產計畫 最有能力受惠產業向上趨勢；★同業對照(原文轉述非本場次新出)=高盛證券10200元為市場最高 較野村8015元高27.3%(本系統回算)；風險=★最大缺口是評價無法回算 8015元未揭露目標本益比與評價年度 以8015元對三個年度EPS分別約61.9倍/32.0倍/23.2倍(本系統回算) 差距近三倍完全無法判斷採用哪一年 ★未載前值使「升至」意義打折 無法判斷是微調或大幅上修 ★EPS路徑極陡 2026→2027年+93.4% 2027→2028年+37.8% 獲利倍增全押2027年 原文未提供分季路徑 客戶名單或訂單能見度佐證 ★漲價是條件式假設非已發生 未載已談定漲幅或客戶接受度 ★LTA是雙面刃 鎖量但價格仍依市場供需 多頭時無法完全享受現貨漲價利益 且目前只是「會考慮」尚未有任何合約成立 建議把是否有AI客戶與台光電簽訂LTA列為單一關鍵追蹤指標 ★高盛10200元較野村高27.3% 兩家同為看多但差距逾四分之一 代表市場對CCL漲價幅度與持續性假設分歧仍大 不宜取中值 券商雖具名但未揭露分析師姓名與報告出具日期 未載營收預估絕對值 毛利率預估與擴產資本支出金額 上游銅箔與玻纖布成本上漲對毛利率的影響完全未討論 本則為新聞轉述非報告原文；已做個股摘要 260821_野村證券_台光電2383.docx；來源ctee 20260821700099
2026-08-21,美銀證券（★具名 08/19未具名美系外資之具名化）,外資,鴻勁(7769),半導體－IC測試設備（成品測試FT／系統級測試SLT）,買進（重申）,★本篇未載目標價數字（本系統既有紀錄7800元）,見報2026/08/21 03:00 工商時報記者簡威瑟；★本則非新評價事件=本篇與本系統08/19已收錄之「美系外資(工商時報未具名)鴻勁買進7800元」內容高度重疊(同為7月營收52億元達美銀預估Q3營收37% 毛利率由今年57%提升至2028年60% 同一組客戶清單) 研判為該筆的來源具名化 即08/19的美系外資＝美銀證券 ★兩者為同一份報告 不應視為兩個獨立支持訊號；近況驗證=7月營收52億元已達美銀預估第三季營收的37% 進度優於預期；訂單=受惠AI／HPC晶片測試需求 在手訂單仍然強勁 除AI GPU／CPU出貨持續外 ★AI ASIC需求進一步增強 訂單能見度已延伸至年底；成長催化劑五項=特斯拉的高階最終測試(FT)與系統級測試(SLT)分選機 美國汽車IDM客戶擴廠 Google TPU出貨穩定放量 輝達與超微CPU／GPU強勁訂單 中國大陸市場對本土高階晶片測試需求增加；預估=2026年營收年增77% 2027年年增43%；毛利率=由今年57%提升至2028年60% 歸因於產品規格升級與產品組合改善而非稼動率；同業對照=花旗環球證券先前已喊出萬金期望 原文未載確切數字與出具日期；風險=★訊號性質即風險 重申買進且未載目標價數字 屬論點重申 本場次對鴻勁的新增資訊實質上只有券商名稱由未具名變為美銀證券一項 ★整套邏輯建立在多個單一客戶專案之上 原文未做客戶集中度情境試算 任一專案遞延即衝擊營收年增77%的假設 ★中國大陸本土高階晶片測試需求屬政策敏感變數 受出口管制與地緣政治直接影響 原文完全未討論 ★毛利率57%→60%與連續大幅擴產同時發生(本系統08/19紀錄 2026上半年產能已增45% 全年年增40% 德勝新廠2027年Q1投產 2027與2028年產能各增50%) 擴產期折舊與稼動率風險未討論 ★僅有成長率無絕對值 無各年度EPS 無目標本益比 無評價年度 本篇連目標價都未載 完全無法回算 ★訂單能見度延伸至年底為定性描述未提供在手訂單金額 花旗環球萬金期望未載確切數字不宜當成第二個具體目標價 美銀雖具名但未揭露分析師姓名與報告出具日期 本則為新聞轉述非報告原文；已做個股摘要 260821_美銀證券_鴻勁7769.docx；來源ctee 20260821700099 + 交叉比對ctee 20260819700925
2026-08-21,－(近24小時無新券商觀點),－,萬潤(6187),半導體－封裝自動化設備(自選股),無新評等,無新目標價,自選股本場次追蹤紀錄 非券商新觀點 不另建摘要；經多來源交叉查核確認2026/08/20 19:10至2026/08/21 08:10無任何新券商報告評等或目標價見報；★自8/10公布Q2 EPS 8.50元創單季新高後 已連續二十二個場次(8/11早盤至8/21早盤)無券商模型更新見報；查核來源=★工商時報日報總覽頁ctee.com.tw/newspaper(本場次最高價值來源 已更新至08/21 03:00出刊 A1至A15逐版逐則檢視 無萬潤評等稿) 工商時報即時證券列表livenews/stock(快取停在08/20 16:02 窗口內無新稿) 上市櫃分類頁twmarket(停在08/20) 聯合新聞網股市頻道udn.com/news/cate/2/6645(最新文章更新至08/20 20:28 逐則檢視無萬潤) 鉅亨網外資評等表cnyes board ratediff(最新評等日仍為20260819 連續兩個場次未更新) WebSearch專搜萬潤6187外資目標價(僅回傳行情站與舊稿)；★題材面無新增=08/20早盤場次已記錄法人點名萬潤為輝達CPO交換器量產的設備供應鏈受惠股 本場次08/21日報該稿仍在熱門日報新聞第2名但為08/20原稿非新稿 萬潤本身仍無評等 無目標價 無營收貢獻估計 不構成可操作訊號 建議維持每日一次確認的監控節奏；既有紀錄維持不變=高盛證券買進1550元(2026/07/10由1650元下修6.1%) 美銀證券初評買進1500元(2026/07/27) 瑞銀證券首評1550元(2026/07/27) 富邦證券看多800元(2026年EPS估20.62元)；其他可見券商觀點全部早於窗口=大摩1280→1580(2026/05/31) 高盛1800 摩根大通1450；來源ctee newspaper + ctee livenews stock + ctee twmarket + udn cate 2 6645 + cnyes board ratediff + WebSearch
2026-08-21,FactSet外資共識（鉅亨網外資評等表 board/ratediff.aspx）（評等日20260821）,外資,健鼎(3044),電子零組件－PCB印刷電路板,強力買進,680(前653.5 上修4.06%),★本場次最值得留意的一筆；同日經濟日報記者盧宏奇08/21 13:49刊出〈下半年動能佳 法人調高健鼎獲利預估值及目標價〉 標題明寫調高目標價 內文531字卻完全無任何目標價 評等或EPS數字(該系列稿結構性缺陷 本系統已多次記錄) 而FactSet共識同一評等日由653.5上修至680 ★兩者方向一致可互相佐證 但絕不可視為同一份報告(盧宏奇稿為未具名本國投顧屬內資 FactSet為外資共識 口徑完全不同)；★本表內部不自洽=20260820該股表列新目標價655元且未載前值 20260821表列前值卻是653.5元 兩日差1.5元 ★代表本表前值欄與前一評等日的新目標價欄並非同一組數字 建議日後不要把前值當成前一評等日表列值使用 ★此發現同時解釋了08/19場次誤判歷史列被回溯修正的成因；表列現價485.5元 680元隱含+40.06% 655元隱含+34.91%(本系統回算)；基本面背景(出自盧宏奇稿非本表內容)=Q2毛利率季增3.5個百分點至30.0%優於預期 伺服器/網通/記憶體模組合計占比由61.9%提升至65.3% 7月營收98.2億元月增22.7%年增56.5% 上半年已分批調漲報價下半年可望維持30%以上毛利率 湖北三廠與越南一廠分別於2026H2~2027H1與2026Q4開出以高單價伺服器為主 目標2026年底月產值90億元以上2027年挑戰月均100億元；風險=★庫存被該稿自己點名為逆風 截至Q2底庫存淨額約170億元 周轉天數81日遠高於以往59~60日 主因客戶端長短料與部分產品延後拉貨 共識上修與庫存天數惡化同時發生本表無法解釋 ★兩個來源都缺數字 盧宏奇稿無目標價 FactSet無論述 合起來仍湊不出可回算的評價模型 風險=★FactSet為分析師共識統計非單一機構報告 無論述 無EPS預估 無目標本益比 無評價年度 無涵蓋家數分布 完全無法回算驗證 ★共識價會平滑掉離群值 平穩不等於可靠而是分歧被隱藏 ★表列現價對應前一交易日收盤 實際空間須以最新股價重算；已做個股摘要 260821_FactSet外資共識_健鼎3044.docx；來源cnyes board ratediff + money udn 9705809
2026-08-21,FactSet外資共識（鉅亨網外資評等表 board/ratediff.aspx）（評等日20260821）,外資,億豐(8464),建材傢俱－窗簾(★鉅亨表名稱欄空白 代號對照為億豐控股 標記待確認),本表評等欄為空,456(本表未載前值),★本場次唯一的非電子非金融個股 也是近期少見的傳產標的進表；★鉅亨表公司名稱欄為空白僅有代號8464 本系統依代號對照為億豐控股(窗簾) ★未經第二來源驗證 標記待確認 該表先前亦曾出現6472名稱空白的相同情況 屬已知缺陷；評等欄為空且未載前值 既無法判斷上調或下修 也無法判斷共識的方向性態度 資訊層級為本批17筆中最低；表列現價374.5元 隱含+21.76%(本系統回算) 在本批中屬中段；風險=★本系統對億豐8464並無任何既有券商紀錄 此為首度收錄 無序列可供趨勢判斷 ★名稱欄空白+評等欄空白+無前值三項同時缺失 本筆可操作性極低 建議僅作為該檔已進入外資共識覆蓋範圍的存在性紀錄 風險=★FactSet為分析師共識統計非單一機構報告 無論述 無EPS預估 無目標本益比 無評價年度 無涵蓋家數分布 完全無法回算驗證 ★共識價會平滑掉離群值 平穩不等於可靠而是分歧被隱藏 ★表列現價對應前一交易日收盤 實際空間須以最新股價重算；已做個股摘要 260821_FactSet外資共識_億豐8464.docx；來源cnyes board ratediff
2026-08-21,FactSet外資共識（鉅亨網外資評等表 board/ratediff.aspx）（評等日20260820）,外資,健策(3653),電子零組件－散熱模組(均熱片/VC),強力買進,6100(前5550 ★上修9.91%),★本批17筆中上修幅度最大的一筆 且評等為FactSet分級最高等級強力買進；★但隱含空間僅+8.93%(表列現價5600元 本系統回算) 是本批中最小的正值之一 ★強力買進搭配不到一成上檔空間 代表共識認為股價已大致反映其看法 屬認同但不追價的組合；行情對照=健策於08/19大漲6.02%收5460元貢獻大盤14.79點為當日逆勢族群代表(本系統08/19盤後紀錄) 表列現價5600元與目標價6100元的距離正是這波急漲壓縮出來的；散熱族群為凱基投顧08/21策略報告點名的受惠領域之一(散熱 電源供應器 銅箔基板 ABF載板 高速交換器 光通訊 IC設計服務 先進封裝)；風險=★上修9.91%但空間只剩8.93% 是這批數據裡最典型的共識追著股價跑型態 共識目標價在股價大漲後才調升 領先性存疑 ★本系統對健策並無既有的個別券商紀錄 此為首度收錄共識序列 風險=★FactSet為分析師共識統計非單一機構報告 無論述 無EPS預估 無目標本益比 無評價年度 無涵蓋家數分布 完全無法回算驗證 ★共識價會平滑掉離群值 平穩不等於可靠而是分歧被隱藏 ★表列現價對應前一交易日收盤 實際空間須以最新股價重算；已做個股摘要 260821_FactSet外資共識_健策3653.docx；來源cnyes board ratediff
2026-08-21,FactSet外資共識（鉅亨網外資評等表 board/ratediff.aspx）（評等日20260820）,外資,貿聯-KY(3665),電子零組件－連接器/線束(AI資料中心線路),本表評等欄為空,3172.5(本表未載前值),★交叉比對價值最高的一筆；瑞銀證券(具名 分析師陳玟瑾)於08/20 17:25的台股策略焦點股10檔清單中把貿聯-KY列為首位 論述為2026-2028年AI資料中心升級線路周期的長期受益者 ★但全文未列任何目標價 FactSet共識於同一天(評等日20260820)給出3172.5元；★本筆等於替08/20瑞銀清單補上一個外部參考價位 ★但必須講清楚=3172.5元是FactSet共識不是瑞銀的目標價 兩者不可混用 瑞銀的目標價至今仍未見報；表列現價2250元 隱含+41.00%(本系統回算) 為本批中偏高者；公司近況(08/21 17:13工商時報張漢綺 非本表內容)=Q2 EPS 15.28元 2026上半年EPS 26.94元 毛利率30.73% 另以8.5億美元收購Interplex Datacom ★收購案對2027年以後EPS的稀釋或增益 本表與瑞銀清單均未討論；風險=★把共識價當成瑞銀目標價是本筆最容易犯的錯誤 瑞銀策略報告的買為記者轉述用語 未說明是否等同瑞銀個股報告的買進評等 ★8.5億美元收購是本場次新出現的重大變數 共識評等日為08/20 收購消息見報於08/21 17:13 共識是否已納入無法確認 ★評等欄為空且未載前值 無法判斷方向 風險=★FactSet為分析師共識統計非單一機構報告 無論述 無EPS預估 無目標本益比 無評價年度 無涵蓋家數分布 完全無法回算驗證 ★共識價會平滑掉離群值 平穩不等於可靠而是分歧被隱藏 ★表列現價對應前一交易日收盤 實際空間須以最新股價重算；已做個股摘要 260821_FactSet外資共識_貿聯-KY3665.docx；來源cnyes board ratediff + ctee 20260821701685
2026-08-21,FactSet外資共識（鉅亨網外資評等表 board/ratediff.aspx）（評等日20260820）,外資,中租-KY(5871),金融－租賃與分期,本表評等欄為空,126.47(本表未載前值),★本批唯二的金融股之一(另一為中信金) 也是本場次資金輪動方向的側面印證；08/21金融指數大漲2.53% 外資買超前十大中金融股占五席(凱基金36636張 台新新光金21016張 第一金20474張 富邦金19630張 兆豐金19236張) 資金明顯自AI主線流向金融與傳產；表列現價111.5元 隱含+13.43%(本系統回算) 為本批偏低者 屬穩健型而非題材型的空間結構；★目標價126.47元帶到小數點後兩位 是典型多家分析師取平均後的機械式數字 並非任何一家的實際掛牌價位；風險=★租賃業評價核心變數是資產品質與逾放比 本表完全未涉及 中租-KY的東協與中國曝險是市場長期爭論點 共識價無法反映其中的分歧 ★本系統對中租-KY並無既有券商紀錄 此為首度收錄 無序列可供趨勢判斷 風險=★FactSet為分析師共識統計非單一機構報告 無論述 無EPS預估 無目標本益比 無評價年度 無涵蓋家數分布 完全無法回算驗證 ★共識價會平滑掉離群值 平穩不等於可靠而是分歧被隱藏 ★表列現價對應前一交易日收盤 實際空間須以最新股價重算；已做個股摘要 260821_FactSet外資共識_中租-KY5871.docx；來源cnyes board ratediff
2026-08-21,FactSet外資共識（鉅亨網外資評等表 board/ratediff.aspx）（評等日20260820）,外資,聯茂(6213),電子零組件－銅箔基板CCL/PCB材料,強力買進,570(前515 ★上修10.68%),★上修幅度10.68%為本批第二大 且評等為最高等級強力買進；★與同業台光電(2383)併讀最有價值=野村證券於08/21 03:00見報的報告把台光電推測合理股價升至8015元 核心理由是AI PCB/CCL供需失衡並預期第四季啟動漲價 FactSet對聯茂的上修發生在08/20 方向與野村對整個CCL次產業的判斷一致 ★這是本系統首次看到共識與具名券商在CCL這個次產業上同步轉多；★但當日盤面完全相反=08/21台光電重挫5.1% 欣興-4.82% 載板三雄跌約5% 電子零組件類股-2.65%為當日最弱類股之一 共識與具名券商同步看多 股價卻同步走弱；表列現價510元 隱含+11.76%(本系統回算)；風險=★漲價是條件式假設而非已發生 野村論述是預期第四季啟動漲價 未載已談定漲幅或客戶接受度 聯茂能否同步跟漲兩個來源都沒討論 ★上游銅箔與玻纖布成本上漲對毛利率的影響兩個來源均未觸及 ★共識上修方向與當日股價方向背離 須留意評等日08/20與08/21盤面之間是否有本系統未覆蓋的新訊息 ★本系統對聯茂並無既有的個別券商紀錄 此為首度收錄 風險=★FactSet為分析師共識統計非單一機構報告 無論述 無EPS預估 無目標本益比 無評價年度 無涵蓋家數分布 完全無法回算驗證 ★共識價會平滑掉離群值 平穩不等於可靠而是分歧被隱藏 ★表列現價對應前一交易日收盤 實際空間須以最新股價重算；已做個股摘要 260821_FactSet外資共識_聯茂6213.docx；來源cnyes board ratediff + ctee 20260821700099
2026-08-21,FactSet外資共識（鉅亨網外資評等表 board/ratediff.aspx）（評等日20260820）,外資,旭隼(6409),電機機械－不斷電系統UPS/儲能變流器,本表評等欄為空,1035(本表未載前值 ★已低於表列現價1040),★本批唯一隱含空間為負的一筆 也是本場次最需要警覺的紀錄 共識目標價1035元已低於表列現價1040元 隱含-0.48%(本系統回算)；★與瑞銀證券的直接張力=瑞銀(具名 分析師陳玟瑾)於08/20 17:25的策略焦點股清單把旭隼列為AI自動化主軸的十檔之一並喊買 ★同一天FactSet共識給出的價位卻已低於現價 兩者對同一檔股票同一個日期方向完全相反；★這正是08/20場次已標註的風險=瑞銀清單沒有目標價就沒有風險報酬比 本筆為那句話提供了實證 把清單當進場依據可能買在共識價之上；行情對照=旭隼於08/21跌破千元(與金像電同列跌破千元名單) 若以跌破後價位重算隱含空間會轉正 ★但幅度須以最新收盤價重算 本表無法提供；★三檔瑞銀清單股的共識空間差距極大=貿聯+41.00% 上銀+20.05% 旭隼-0.48% ★同一份清單同一個買 共識給出的風險報酬比完全不同 證實08/20判斷=清單型報告論述深度極不平均 不應假設各檔信心程度相同；風險=★共識低於現價通常代表股價已透支基本面 或共識樣本尚未反映最新財報 本表無法區分 且未載前值使得連是下修還是首次納入都判斷不了 ★瑞銀清單與FactSet共識的衝突無法在本系統現有資料內裁決 建議把瑞銀對旭隼的個股目標價是否見報列為待補 在補上之前不宜對旭隼下判斷 ★UPS/儲能族群需求高度綁定資料中心資本支出 與AI主線同源 但08/21資金正由AI主線流出 族群評價面臨資金面逆風 風險=★FactSet為分析師共識統計非單一機構報告 無論述 無EPS預估 無目標本益比 無評價年度 無涵蓋家數分布 完全無法回算驗證 ★共識價會平滑掉離群值 平穩不等於可靠而是分歧被隱藏 ★表列現價對應前一交易日收盤 實際空間須以最新股價重算；已做個股摘要 260821_FactSet外資共識_旭隼6409.docx；來源cnyes board ratediff + udn 9704074
2026-08-21,FactSet外資共識（鉅亨網外資評等表 board/ratediff.aspx）（評等日20260820）,外資,文曄(3036),電子通路－IC通路商,強力買進,320(前310 上修3.23%),★本批17筆中隱含空間最大的一筆 +55.72%(表列現價205.5元 本系統回算) 且評等為最高等級強力買進；★但上修幅度僅3.23%屬技術性微調 ★大空間+小調幅的組合代表這個+55.72%的缺口不是本次造成的 而是股價與共識已長期背離 共識沒有向下靠攏股價 股價也沒有向上靠攏共識；★同業對照=大聯大(3702)已於本系統08/19場次收錄為維持型訊號 記憶體漲價對IC通路商是售價與庫存利益的順風 與華碩 仁寶等PC/NB廠的成本逆風方向完全相反(本系統08/20已同時收錄兩個方向) 文曄與大聯大同屬通路雙雄 建議併讀；行情背景=08/21記憶體族群續強(創見漲停 廣穎 群聯 威剛漲逾4%) 華邦電以14921張進入外資買超前十大；風險=★+55.72%的空間與+3.23%的調幅並存 是本批最需要打折看待的組合 空間大不等於機會大 也可能代表共識樣本長期未更新或包含極端樂觀的離群值 ★IC通路商獲利高度依賴庫存評價與利差 記憶體漲價既是機會也是庫存跌價風險的來源 本表完全未涉及 ★本系統對文曄並無既有的個別券商紀錄 此為首度收錄 風險=★FactSet為分析師共識統計非單一機構報告 無論述 無EPS預估 無目標本益比 無評價年度 無涵蓋家數分布 完全無法回算驗證 ★共識價會平滑掉離群值 平穩不等於可靠而是分歧被隱藏 ★表列現價對應前一交易日收盤 實際空間須以最新股價重算；已做個股摘要 260821_FactSet外資共識_文曄3036.docx；來源cnyes board ratediff
2026-08-21,FactSet外資共識（鉅亨網外資評等表 board/ratediff.aspx）（評等日20260820）,外資,譜瑞-KY(4966),半導體－IC設計(高速傳輸介面IC),中立,660(前639 上修3.29%),★本批唯一給出中立評等的一筆 也是唯一評等欄有值卻不是強力買進的個股；★中立搭配目標價上修3.29% 是本系統反覆遇到的保留型組合=數字往上調 態度不變 通常代表共識反映的是已實現的財報數字 而非對未來評價的重新認定；表列現價567元 隱含+16.40%(本系統回算) ★中立評等卻仍有16.40%的正報酬空間 這種張力通常代表共識樣本中同時存在看多與看空的極端值 被平均之後外觀溫和；產業背景=高速傳輸介面IC與08/20起發酵的光通訊/CPO題材同源 08/21鼎元(2426)以800G/1.6T/CPO需求收+9.89% 汎銓(6830)漲停 族群動能仍在 但譜瑞本身未被點名；風險=★中立是本批最保守的評等 不宜因為+16.40%的空間就淡化這個訊號 ★譜瑞-KY客戶集中度與筆電/PC需求連動性高 而記憶體漲價正在抑制PC終端需求(美系外資08/20對華碩的報告已明確點名10-11月營收會下滑) 本表完全未討論這條下行路徑 ★本系統對譜瑞-KY並無既有的個別券商紀錄 此為首度收錄 風險=★FactSet為分析師共識統計非單一機構報告 無論述 無EPS預估 無目標本益比 無評價年度 無涵蓋家數分布 完全無法回算驗證 ★共識價會平滑掉離群值 平穩不等於可靠而是分歧被隱藏 ★表列現價對應前一交易日收盤 實際空間須以最新股價重算；已做個股摘要 260821_FactSet外資共識_譜瑞-KY4966.docx；來源cnyes board ratediff
2026-08-21,FactSet外資共識（鉅亨網外資評等表 board/ratediff.aspx）（評等日20260820）,外資,旺矽(6223),半導體－探針卡/晶圓測試設備,本表評等欄為空,8250(08/18表列8500超越市場 ★兩個評等日之間下修2.94%),★本筆直接回應08/20場次列為第一優先的待補項目 但答案與預期相反；★經濟日報記者盧宏奇於08/20 13:31刊出〈下半年續旺 法人調升旺矽獲利預估值及目標價〉標題明寫調升 內文無任何數字 本系統列為第一優先待補 ★本場次取得的FactSet共識序列是8000(08/18前)→8500(08/18)→8250(08/20) 兩個評等日之間下修2.94%(本系統回算)；★也就是說 共識在08/20這一天是往下走的 與該稿標題的調升方向相反 ★這不代表該稿造假 盧宏奇稿的法人為未具名本國投顧屬內資 FactSet為外資共識 兩者本來就可以背離 ★但本系統不能再假設該系列稿的標題方向會被共識背書；★旺矽的本國投顧目標價待補項目仍未結案 本場次補上的是外資共識序列 不是該稿所指的數字；表列現價5650元 隱含+46.02%(本系統回算) 為本批第三高；題材背景=旺矽於08/20大漲7.52%為CPO概念股強勢代表 法人(未具名)於08/20同時點名旺矽 萬潤 穎崴 中華精測為輝達矽光交換器量產的CPO測試鏈受惠股；風險=★標題與數據方向相反是本場次最重要的方法論警示 日後遇到盧宏奇法人調升目標價系列稿應直接標記為資訊缺口 ★不可用FactSet共識代填 也不可假設方向一致 ★8250元對現價5650元仍有+46.02%空間而共識剛剛小幅下修 空間大且共識轉弱的組合通常代表股價早已反映悲觀情境 或共識樣本組成正在變動 本表無法區分 ★探針卡族群成長全押AI測試需求 08/21資金正由AI主線流出 短期評價面臨資金面逆風 風險=★FactSet為分析師共識統計非單一機構報告 無論述 無EPS預估 無目標本益比 無評價年度 無涵蓋家數分布 完全無法回算驗證 ★共識價會平滑掉離群值 平穩不等於可靠而是分歧被隱藏 ★表列現價對應前一交易日收盤 實際空間須以最新股價重算；已做個股摘要 260821_FactSet外資共識_旺矽6223.docx；來源cnyes board ratediff + udn 9703462
2026-08-21,FactSet外資共識（鉅亨網外資評等表 board/ratediff.aspx）（評等日20260820）,外資,上銀(2049),電機機械－傳動元件/自動化(線性滑軌 滾珠螺桿),本表評等欄為空,440(本表未載前值),★與貿聯-KY 旭隼同為08/20瑞銀策略焦點股10檔之一 本筆同樣替瑞銀清單補上了外部參考價位；瑞銀清單把上銀歸在AI自動化主軸 ★但原文對上銀完全沒有個別論述與數字(清單10檔中有5檔無個別數字 上銀是其中之一) FactSet共識440元是目前檯面上唯一可查的價位參考；表列現價366.5元 隱含+20.05%(本系統回算)；★三檔瑞銀清單股的共識空間差距極大=貿聯+41.00% 上銀+20.05% 旭隼-0.48% 同一份清單同一個買 共識給出的風險報酬比完全不同；行情對照=08/21電機機械類股-2.07%為當日第二弱類股 與清單方向短期背離；風險=★評等欄為空且未載前值 無法判斷方向 資訊層級低於同批的健策 聯茂 文曄等有評等有前值者 ★自動化族群共同外部變數是關稅與美國通膨 08/19日系外資已把高通膨與關稅列為儒鴻的明確下行風險 瑞銀清單與本表均未討論 ★本系統對上銀並無既有的個別券商紀錄 此為首度收錄 風險=★FactSet為分析師共識統計非單一機構報告 無論述 無EPS預估 無目標本益比 無評價年度 無涵蓋家數分布 完全無法回算驗證 ★共識價會平滑掉離群值 平穩不等於可靠而是分歧被隱藏 ★表列現價對應前一交易日收盤 實際空間須以最新股價重算；已做個股摘要 260821_FactSet外資共識_上銀2049.docx；來源cnyes board ratediff + udn 9704074
2026-08-21,FactSet外資共識（鉅亨網外資評等表 board/ratediff.aspx）（評等日20260820）,外資,鴻海(2317),電子代工－EMS/AI伺服器,強力買進,355(前344.58 上修3.02%),★本批唯一的權值股 也是隱含空間第二大的一筆 +44.02%(表列現價246.5元 本系統回算)；評等為最高等級強力買進 上修幅度3.02%屬技術性微調 ★前值344.58元帶到小數點後兩位 是典型多家分析師取平均的機械式數字；★行情與共識背離=08/21鴻海收245元或245.5元(兩篇來源不一致 標記待確認)小跌1元-0.41% 是當日少數逆勢收黑的權值股 同日台積電+1.47%收2410元 聯發科+2.47%收3790元均收紅；★資金結構的旁證=08/21外資買超前十大為陽明 凱基金 台新新光金 第一金 富邦金 兆豐金 萬海 遠東新 華邦電 中鋼 ★十檔中無一為AI伺服器族群 已是連續第二個交易日出現同樣結構(08/20亦然) 共識對鴻海上修 但資金正在離開這條主線；風險=★+44.02%的空間搭配+3.02%的調幅 與文曄同屬大空間小調幅型態 這個缺口是長期累積的 不是本次上修造成的 ★鴻海的AI伺服器業務毛利率結構與同業(廣達 緯創 英業達 仁寶 和碩)競爭態勢 本表完全未涉及 資深分析師杜金龍08/21 17:42評論指出電子五哥本周普遍走弱(仁寶-10% 緯創-9% 和碩-5.94% 英業達-4.64% 廣達-3.16%) ★屬技術面輪動觀點 無評等無目標價 僅供背景 ★權值股的共識覆蓋家數通常最多 平滑效果也最強 355元的代表性反而低於本批中覆蓋家數少的中小型股 風險=★FactSet為分析師共識統計非單一機構報告 無論述 無EPS預估 無目標本益比 無評價年度 無涵蓋家數分布 完全無法回算驗證 ★共識價會平滑掉離群值 平穩不等於可靠而是分歧被隱藏 ★表列現價對應前一交易日收盤 實際空間須以最新股價重算；已做個股摘要 260821_FactSet外資共識_鴻海2317.docx；來源cnyes board ratediff + ctee 20260821701582
2026-08-21,FactSet外資共識（鉅亨網外資評等表 board/ratediff.aspx）（評等日20260819 ★08/19盤後場次遺漏之補收錄）,外資,儒鴻(1476),紡織纖維－機能布/成衣代工,本表評等欄為空,425(本表未載前值),★本筆為08/19盤後場次遺漏之補收錄 且是本場次分歧最大的個股；★四方觀點並列=(1)美系外資08/19維持460元 (2)日系外資08/19由560元下修17.86%至460元 成長率由15%降級至8.9% 評價倍數由22倍降至18倍 (3)FactSet共識08/19給425元 ★較兩家外資的460元低7.61%(本系統回算) (4)瑞銀證券08/20具名喊買並強調下半年營收年增率將由上半年的3%加速至13% ★但無目標價；★四天之內四個來源四種敘事 而且共識是四者中最保守的 ★當共識低於所有可查的具名券商目標價時 通常代表共識樣本中存在本系統未收錄的更保守機構；表列現價317元 隱含+34.07%(本系統回算)；既有基本面(本系統既有紀錄非本表內容)=儒鴻Q2淨利年增158% 瑞銀稱訂單能見度維持約六個月；風險=★本系統08/20場次已把儒鴻下半年月營收年增率是否真達13%列為單一關鍵驗證指標 本筆不改變這個判斷 只是再增加一個更保守的數據點 ★瑞銀的13%與日系外資的8.9%相差近半 而共識425元隱含的是偏保守情境 在月營收數據出來之前這三種敘事無法裁決 ★關稅與美國通膨為紡織外銷族群的共同下行風險(08/19日系外資已明確點名) 本表未討論 ★評等欄為空且未載前值 無法判斷是下修或首次納入 風險=★FactSet為分析師共識統計非單一機構報告 無論述 無EPS預估 無目標本益比 無評價年度 無涵蓋家數分布 完全無法回算驗證 ★共識價會平滑掉離群值 平穩不等於可靠而是分歧被隱藏 ★表列現價對應前一交易日收盤 實際空間須以最新股價重算；已做個股摘要 260821_FactSet外資共識_儒鴻1476.docx；來源cnyes board ratediff
2026-08-21,FactSet外資共識（鉅亨網外資評等表 board/ratediff.aspx）（評等日20260819 ★08/19盤後場次遺漏之補收錄）,外資,欣興(3037),電子零組件－ABF載板/PCB,強力買進,1280(前1242.5 上修3.02%),★本筆與南電(8046)同為08/19遺漏之補收錄 兩檔同屬ABF載板 同一評等日進表 建議併讀；評等為最高等級強力買進 上修3.02%屬技術性微調 表列現價1140元 隱含+12.28%(本系統回算)；★行情與共識完全背離=08/21欣興重挫4.82% 載板三雄(欣興 景碩 南電)同步跌約5% 電子零組件類股-2.65%為當日最弱類股之一；★這個背離值得記錄的原因是它與CCL端相反=同一天台光電(野村08/21升至8015元)與聯茂(FactSet 08/20上修至570元)都是共識與具名券商同步看多 而載板端股價殺得同樣兇(欣興-4.82% vs 台光電-5.1%) ★整條PCB/載板/CCL供應鏈在08/21是被一起賣的 與個別公司的共識評等無關 屬族群性資金撤離；凱基投顧08/21策略報告仍把ABF載板列為受惠領域之一；風險=★共識上修與股價重挫同時發生且是整個族群一起跌 代表這是資金面而非基本面事件 共識價無法反映資金輪動 ★ABF載板的產能開出時程與稼動率是評價核心 本表完全未涉及 ★本系統對欣興並無既有的個別券商紀錄 此為首度收錄共識序列 風險=★FactSet為分析師共識統計非單一機構報告 無論述 無EPS預估 無目標本益比 無評價年度 無涵蓋家數分布 完全無法回算驗證 ★共識價會平滑掉離群值 平穩不等於可靠而是分歧被隱藏 ★表列現價對應前一交易日收盤 實際空間須以最新股價重算；已做個股摘要 260821_FactSet外資共識_欣興3037.docx；來源cnyes board ratediff
2026-08-21,FactSet外資共識（鉅亨網外資評等表 board/ratediff.aspx）（評等日20260819 ★08/19盤後場次遺漏之補收錄）,外資,中信金(2891),金融保險－金控,強力買進,65(前63 上修3.17%),★本批隱含空間最小的一筆 +2.52%(表列現價63.4元 本系統回算) 也是本場次最乾淨的一個實證案例；★共識目標價65元 而08/21中信金收盤正好65元(+2.52%) ★共識價在兩個交易日內被完全走完 上檔空間歸零；★這說明了共識價的性質=65元是評等日20260819的多家分析師平均 08/21股價達標並不代表共識錯誤 而代表這個數字已經失效 需要新的評等日才有意義 ★建議把共識價已被股價走完視為需要重新查核而非續抱的訊號；評等為最高等級強力買進 上修3.17%屬技術性微調；資金背景=08/21金融指數+2.53% 富邦金+4.69% 國泰金+2.87% 台新新光金+3.62% 外資買超前十大中金融股占五席 ★金融股是本場次資金輪動的最大受益族群；風險=★目標價已被股價達成 本筆自08/21收盤起即失去參考價值 不可據以判斷還有上檔空間 ★金控評價核心是利差 信用成本與資本適足率 共識統計完全無法反映 Fed 7月會議紀要顯示多數官員認為若通膨未降溫可能有緊縮必要 利率路徑對金融股是雙面刃 本表未討論 ★本系統對中信金並無既有的個別券商紀錄 此為首度收錄 風險=★FactSet為分析師共識統計非單一機構報告 無論述 無EPS預估 無目標本益比 無評價年度 無涵蓋家數分布 完全無法回算驗證 ★共識價會平滑掉離群值 平穩不等於可靠而是分歧被隱藏 ★表列現價對應前一交易日收盤 實際空間須以最新股價重算；已做個股摘要 260821_FactSet外資共識_中信金2891.docx；來源cnyes board ratediff
2026-08-21,FactSet外資共識（鉅亨網外資評等表 board/ratediff.aspx）（評等日20260819 ★08/19盤後場次遺漏之補收錄）,外資,南電(8046),電子零組件－ABF載板,本表評等欄為空,1550(本表未載前值),★與欣興(3037)同為08/19遺漏之補收錄 同屬ABF載板 建議併讀；表列現價1195元 隱含+29.71%(本系統回算) 高於欣興的+12.28% ★同一族群同一評等日 兩檔的共識空間相差17個百分點以上 代表共識對載板雙雄的評價基準並不一致 取族群平均沒有意義；★行情對照=08/21載板三雄(欣興 景碩 南電)同步跌約5%；★籌碼面補充(非本表內容)=南電於08/21出現在投信8月錢進川湖 南電等15檔的Q3作帳題材名單中(工商時報08/21 03:00楊淨淳) ★該稿為基金持股統計 具名者為施羅德台灣樂活中小基金經理人柯鴻旼 屬買方而非賣方評等 無目標價；風險=★評等欄為空且未載前值 無法判斷方向 ★作帳行情屬籌碼題材 與共識目標價是兩個獨立訊號 不應互相佐證 ★ABF載板供需與AI晶片封裝需求高度綁定 08/21資金正由AI主線流出 短期評價面臨資金面逆風 ★本系統對南電並無既有的個別券商紀錄 此為首度收錄 風險=★FactSet為分析師共識統計非單一機構報告 無論述 無EPS預估 無目標本益比 無評價年度 無涵蓋家數分布 完全無法回算驗證 ★共識價會平滑掉離群值 平穩不等於可靠而是分歧被隱藏 ★表列現價對應前一交易日收盤 實際空間須以最新股價重算；已做個股摘要 260821_FactSet外資共識_南電8046.docx；來源cnyes board ratediff + ctee 20260821700097
2026-08-21,瑞銀證券（★具名 ★單一二級來源 待確認 ★補收錄）,外資,萬潤(6187),半導體－封裝自動化設備(自選股),原文未載制式評等代碼（論述明確偏多）,1700(前1550 ★上修9.68%),★本筆為本系統追蹤漏洞的修補 也是本場次唯一的具名券商紀錄；★報告日2026/08/18 見報2026/08/20 本系統原漏收 ★既有紀錄長期寫著自08/10公布Q2 EPS 8.50元後已連續二十二個場次無券商模型更新見報 ★該結論本場次予以撤回 實際上08/18就有瑞銀的模型更新；★漏掉的原因研判=本系統萬潤查核入口固定為工商時報 經濟日報 鉅亨網外資評等表與WebSearch 而這則報導出現在二級媒體(報新聞Mega News) 未被上述四個入口覆蓋 ★方法論修正=WebSearch對找當日新聞無效(連續第十二個場次確認) 但對補既有紀錄的漏洞仍有價值 兩者用途不同；報告論點=上修觸發點為Q2財報超出預期(Q2營收23.55億元季增67%年增55% 毛利率54.8% EPS 8.50元) 上修2026年EPS 8% 2027年EPS 6% ★具體數字=2026年營收估93.85億元EPS 29.56元 2027年營收估149.54億元EPS 46.52元 ★評價方法揭露完整(本則資訊完整度最高處)=目標本益比由25倍提高至27倍 採2027-2028年平均EPS ★報告自載歷史平均本益比19.1倍 +1標準差26.5倍 代表27倍已略高於+1SD；★反向訊號=同一份報告估Q3營收季增29% ★但Q4營收季減15% 毛利率由54.8%降至53.0%；風險=★最大的問題是來源層級 單一二級媒體轉述 未能於主流財經媒體交叉驗證 數字正確性無法擔保 建議在採用1700元前先以報告原文或主流媒體覆核 ★報告自身即內含Q4轉弱假設 上修目標價與下修Q4展望同時成立 代表1700元的支撐點在2027-2028年不在近一季 ★目標本益比27倍高於報告自載的+1SD(26.5倍) 給高於歷史一個標準差的倍數本身即是評價風險 報告未做倍數敏感度試算 ★行情背離=萬潤08/21開1275元最低1150元收1165元 單日大跌7.91% 成交3437張 成交額41.06億元 本系統查核08/21全日並未找到對應的券商調降或明確利空見報 ★不宜把當日大跌解讀為對瑞銀報告的反應 兩者無可證實的因果關係 ★既有紀錄可信度亦須重檢=本系統紀錄的高盛2026/07/10由1650元下修至1550元在本場次公開來源查核中無法驗證 反而查到高盛2026/04/23上調至1800元的經濟日報稿(money udn 5607/9458256) ★該筆標記待查 ★本則為新聞轉述非報告原文 未載分析師姓名 未載2028年EPS絕對值 未載營收成長的分季路徑與客戶名單；已做個股摘要 260821_瑞銀證券_萬潤6187.docx；來源contentplatform 497878(二級來源) + cnyes twstock 6187
2026-08-21,－(近24小時無新券商觀點),－,萬潤(6187),半導體－封裝自動化設備(自選股),無新評等,無新目標價,自選股本場次追蹤紀錄 非窗口內券商新觀點；★經多來源交叉查核確認2026/08/21 08:10至19:10無任何新券商報告評等或目標價見報；★但本場次的查核同時發現窗口外的重大遺漏(瑞銀08/18 1550→1700元) 已另列一筆並建個股摘要；查核來源=★工商時報即時證券列表livenews/stock(本場次快取極為新鮮 更新至18:10 首則18:10 逐則檢視30則無萬潤評等稿) 鉅亨網外資評等表board/ratediff.aspx(評等日20260820共11檔進表 20260821共2檔進表 均無萬潤) 經濟日報證券即時列表money.udn/rank/newest/1001/5590(快取更新至18:34 逐則檢視無萬潤) 5組WebSearch專搜(萬潤6187外資目標價 萬潤6187券商評等買進 萬潤6187 2026年8月法人投顧報告 萬潤科技6187目標價調升先進封裝CPO 萬潤6187 8月21日外資)；★題材面無新增=08/20早盤場次已記錄法人點名萬潤為輝達CPO交換器量產的設備供應鏈受惠股 本場次無後續；行情(鉅亨網個股頁 08/21)=收1165元跌100元(-7.91%) 開1275 高1285 低1150 量3437張 成交額41.06億元 本益比59.45 市值1148.86億元 近四季EPS 19.60 當季EPS 3.37 毛利率51.78% 每股淨值30.43 52週高1490低307.50；基本面=7月營收10.55億元月增4.17%年增73.44% 1-7月累計48.21億元年增42.72% Q2營收23.55億元季增67%年增55% 毛利率54.8% EPS 8.50元；既有紀錄更新後=★瑞銀證券1700元(2026/08/18 待確認) 瑞銀證券1550元(2026/07/27首評) 高盛證券買進1550元(2026/07/10 ★待查) 美銀證券初評買進1500元(2026/07/27 2026/2027/2028年EPS估26.46/41.82/53.34元) 高盛證券1800元(2026/04/23) 富邦證券看多800元(2026年EPS估20.62元) 大摩1280→1580(2026/05/31) 摩根大通1450；來源ctee livenews stock + cnyes board ratediff + money udn rank newest 5590 + cnyes twstock 6187 + WebSearch
2026-08-21,－(法人／研究機構 無評等或無目標價),－,凱基投顧台股盈餘預估／健鼎(3044)／勤凱(4760)／電子硬體供應鏈9檔／亞德客-KY(1590)／和泰車(2207),市場－產業與個股背景,無評等或無目標價,無,本場次背景紀錄 六則合併 均無可操作的評等與目標價組合 不另建摘要；(1)★凱基投顧(具名 08/21 12:33工商時報陳彩玲 另有中央社同源稿20260821700938與經濟日報9705390 9705583)=上修台股未來兩年盈餘預估 ★2026年整體盈餘成長率由42%上修至50% 2027年由24%提高至26% ★AI族群2026年由53%調升至60% ★非AI族群由17%大幅上修至30% 顯示獲利成長已不再侷限於AI供應鏈；Q2上市公司稅後純益1.8兆元季增27%年增110%創歷史新高 遠優於市場原估的47%；★大型CSP未認列訂單由2025下半年約7000億美元快速增加至目前約1.7兆美元 反映AI需求成長速度仍高於供給能力；2027年獲利絕對金額的上修幅度甚至高於2026年；選股方向=散熱 電源供應器 銅箔基板 ABF載板 高速交換器 光通訊 IC設計服務 先進封裝；★操作建議=台股自7月重挫8800點後已快速反彈逾7000點 目前已進入大量套牢籌碼區 上檔壓力相對較重 追價風險明顯提高 建議以拉回布局為主；★屬指數層級 無個股評等與目標價；(2)★健鼎3044=經濟日報08/21 13:49盧宏奇 大型本國投顧未具名 ★標題稱法人調高獲利預估值及目標價 內文531字完全無任何目標價 評等或EPS數字 ★與08/20旺矽 08/19強茂為同一系列同一模式 已連續三日三篇 詳細內容已併入本場次健鼎FactSet紀錄；(3)勤凱4760=經濟日報08/21 08:27周克威 大型法人機構未具名 ★估2026年EPS 11.8元 2027年EPS 13.4元(有數字但無前值 無評等 無目標價) Q1營收年增52%EPS 2.55元 Q2營收季增13.3%EPS 2.71元創新高 7月營收2.6億元月增8.4%年增78.4%連續創新高 ★7月起國際銀價回落至每公斤約1800美元使上半年觀望客戶買盤轉積極 預估下半年銀漿出貨量較上半年增約20%銅漿增約30% 估Q3營收8億元季增13.5%年增67%毛利率20%單季EPS 3.4元 新領域=合金膏(PCB軟板高速傳輸) CoWoS玻璃基板TGV填孔 高階ABF載板層間對接 TIM1半燒結散熱膏(針對高瓦數AI晶片 正於國內大廠測試) 目標明年非被動元件營收占比提升至約10%；(4)電子硬體供應鏈9檔=經濟日報08/21 12:42盧宏奇 大型本國投顧未具名 ★點名川湖2059 AES-KY 6781 勤誠8210 智邦2345 緯穎6669 奇鋐3017 金像電2368 台光電2383 邁科6831 定位為AWS ASIC供應鏈 ★有代號無目標價無評等；論點=Q2財報普遍超標 ★唯一變數來自零組件供應吃緊 VR AI伺服器將於未來2~3個月放量 液冷散熱 均熱板 電源供應器 PCB/銅箔基板率先受惠 次產業中以系統廠商(ODM及VGA/主機板品牌廠)獲利優於預期幅度最大 主因營益率優於預期及業外收益挹注 零組件廠Q2獲利多較預期高出一成以上 部分受惠iPhone新品上市；(5)亞德客-KY 1590=工商時報08/21 11:22沈美幸 本土法人未具名 ★近期出具報告估今年營收超越430億元 賺接近6個資本額 ★無評等無目標價 公司自身將營收年增預估由10-15%上修至20%以上 ★與08/20瑞銀策略清單同一檔可併讀；(6)和泰車2207=工商時報08/21 10:46葉時安 法人未具名 ★估2026全年EPS挑戰4個股本以上(即40元以上) 無券商名無評等無目標價 公司說法=車市下修至43萬輛(發言人翁銘倫)；★另有兩則具名但非賣方評等=萬寶投顧執行長賴建承(08/21 10:42中時新聞網 純技術面均線乖離選股 點名立隆電 國巨 華新科 聯電 旺宏 頎邦 力成 同欣電 群創 高技 尖點 臻鼎-KY 德宏 強茂 聯電與旺宏季線負乖離16% 無評等無目標價) 資深分析師杜金龍(08/21 17:42中時新聞網 電子五哥本周普遍走弱 仁寶-10% 緯創-9% 和碩-5.94% 英業達-4.64% 廣達-3.16% 指廣達2027年EPS預估被提高至約27.37元 短線看好英業達 無評等無目標價)；風險=六則全數不構成可操作訊號；來源ctee 20260821700961 + 20260821700938 + 20260821700826 + 20260821700910 + 20260821700755 + 20260821701582 + money udn 9705809 + 9705047 + 9705676
2026-08-22,FactSet外資共識（鉅亨網外資評等表 archive/board/ratediff.aspx gt=qfii）（評等日20260821）,外資,群聯(8299),半導體-NAND控制IC/記憶體模組,本表評等欄為空,2750(本表未載前值 ★與既有共識2998元落差約8%且方向相反 待確認),隱含空間+32.53%(現價2075)；本場次目標價最高一檔
2026-08-22,FactSet外資共識（鉅亨網外資評等表 archive/board/ratediff.aspx gt=qfii）（評等日20260821）,外資,中鋼(2002),鋼鐵,本表評等欄為空,22(本表未載前值),隱含空間+13.11%(現價19.45)；本場次唯一非電子權值股
2026-08-22,FactSet外資共識（鉅亨網外資評等表 archive/board/ratediff.aspx gt=qfii）（評等日20260821）,外資,微星(2377),電腦及週邊設備,中立（維持）,155(前150 上修3.33%),★本場次唯一評等+新舊目標價三欄齊全者；評等未動僅數字微調 屬模型滾動更新；隱含空間僅+9.54%(現價141.5)
2026-08-22,FactSet外資共識（鉅亨網外資評等表 archive/board/ratediff.aspx gt=qfii）（評等日20260821）,外資,貿聯-KY(3665),電子零組件-連接器/線束,本表評等欄為空,3125(08/20表列3172.5 ★兩評等日之間下修1.50% 本系統回算 待確認),本場次唯一方向向下者；隱含空間+37.36%(現價2275)
2026-08-22,FactSet外資共識（鉅亨網外資評等表 archive/board/ratediff.aspx gt=qfii）（評等日20260821）,外資,保瑞(6472),生技醫療-CDMO,本表評等欄為空,505(08/18表列493.5 ★上修2.33% 本系統回算),連兩次入表且方向一致向上；隱含空間+10.99%(現價455)；★本表未帶出中文名 依代號推定 待確認
2026-08-22,FactSet外資共識（鉅亨網外資評等表 archive/board/ratediff.aspx gt=qfii）（評等日20260820 ★08/21場次遺漏之補收錄）,外資,健鼎(3044),電子零組件-PCB,本表評等欄為空,655(本表未載前值),★坐實本表舊目標價欄≠前一日新目標價欄(655 vs 08/21表列前值653.5 差1.5元)；以655計08/21之680為單日上修3.82%；隱含空間+42.70%(現價459) 本場次最大
2026-08-22,－(近24小時無新券商觀點),－,萬潤(6187),半導體設備,無新評等,無新目標價,自選股追蹤；既有最新為2026-08-21瑞銀證券推測合理股價1700元(★單一二級來源 待確認)
2026-08-22,－(近24小時無新券商觀點),－,全市場/大盤,市場－盤後場次總結,無新評等,無新目標價,★本場次(08/22 08:16至19:10 週六休市)無任何新增券商評等或目標價 為連續紀錄以來首次整場零券商觀點；兩個原因需分開理解=(1)真實面 08/22台股休市 鉅亨網外資評等表最新評等日仍停20260821 該評等日全部7檔(群聯8299 中鋼2002 微星2377 健鼎3044 貿聯-KY3665 保瑞6472 億豐8464)已於08/21盤後與08/22早盤兩場次收錄完畢 本場次逐列比對確認零新增 休市日共識表不進新資料屬正常非覆蓋失敗 (2)覆蓋面 工商時報livenews/stock快取最新一則停08/21 18:10(頁面重要指數區塊標示2026.08.21 18:17更新) 經濟日報cate/5590停08/21 08:29 MoneyDJ法人研究報告ZDC停2026/01/15長期失效 鉅亨網news/cat/tw_report為前端動態渲染僅得骨架 ★四個主流入口今日均未推進到08/22；★本場次方法論發現=改由工商時報文章頁側欄與相關新聞路徑成功取得5篇08/22見報稿並全文讀畢 證實此路徑可繞過列表頁快取落後 建議列為日後備援入口；WebSearch連續第十三個場次確認對當日新聞無效；已產日報總覽 260822_報告總覽_盤後.docx 無個股摘要(無評等或目標價可寫)；來源cnyes twstock board ratediff + ctee livenews stock + money udn cate 5590 + moneydj ZDC
2026-08-22,－(法人／研究機構 無評等或無目標價),－,第一金投顧／富邦投顧／康和證券／凱基投顧／杜金龍(五則合併),市場－大盤與個股背景,無評等或無目標價,無,本場次背景紀錄 五則合併 均無可操作的評等與目標價組合 不另建摘要；(1)★第一金投顧董事長黃詣庭(具名 08/22 03:00工商時報鄭郁平)=下周聚焦輝達財報與傑克森霍爾央行年會二大事件 若雙雙偏多加權指數有望再攻46000點 7月已歷經去槓桿與高本益比個股籌碼清洗 浮額壓力舒緩；(2)★富邦投顧董事長陳奕光(具名 同稿)=三大支撐 台積電7月營收4680億元創新高後續可望攻4800億元9月上看4900億元 上市櫃Q3獲利估2.06兆元 Q4估2.15兆元 ★示警輝達財報前若股價先行拉高須提防利多出盡賣壓；(3)★康和證券投資總監廖繼弘(具名專欄 20260822700060)=月均量由1.04兆元降至9600億元以下 攻堅動能減退 45000至48000點為較大套牢區 月均量須回升至1.2兆元才有條件挑戰高點 否則在44000至46000點高檔震盪 費半自10445低點反彈22% 美10年期公債殖利率升至4.74% 操作建議選股不選市汰弱留強；(4)★凱基投顧(具名 20260822700027陳昱光)=慧洋-KY(2637)前七月稅前盈餘39.32億元年增6.08倍 稅前每股盈餘5.27元 荷姆茲海峽日均船舶通行量仍不到美伊開戰前十分之一 船舶周轉速度下降 散裝運價維持高檔 ★無評等無目標價；(5)資深分析師杜金龍(非券商賣方 20260822700014陳彥綺 09:26)=大盤有價無量8、9月箱型整理 自39384點反彈逾7000點已達0.618回升標準 V轉需單日量補至1.2兆元 ★他本人已在指數反彈至46000點附近陸續停利提高現金水位 季線將扣抵47000至48000點高檔區恐由平轉下彎 個股點評=鴻海2317重挫可分批撿(轉述未具名法人估2028年EPS 26元) 緯創3231反彈約46%為五哥最強(市場估EPS 26元 未具名) 廣達2382一度突破401元短線整理 仁寶2324與英業達2356反彈僅18至19%具補漲空間 和碩4938爆發力有限；★另兩則為買方非賣方評等 僅供對照=野村優質基金經理人陳茹婷(布局應由短期基本面轉向2027至2028年結構性成長 ASIC與CPO能見度最高 CCL與ABF供需偏緊) 玉山高成長基金經理人廖炳焜(看好先進製程/封測 成熟製程 光通訊/CPO CCL/ABF 電源 IP六大方向 另看好低軌衛星 交換器 矽晶圓 砷化鎵及磷化銦2027年獲利年增)；★工商時報20260822700125之15檔名單(欣興 南亞科 長榮 陽明 健策 台光電 萬海 創意 威剛 聯茂 川湖 台勝科 富世達 宜鼎 聯鈞)為營收成長加法人買超之機械篩選 非任何券商推薦名單 不得視為評等；風險=五則全數不構成可操作訊號；來源ctee 20260822700027 + 20260822700125 + 20260822700039 + 20260822700060 + 20260822700120 + 20260822700014
2026-08-22,－(近24小時無新券商觀點),－,萬潤(6187),半導體－封裝自動化設備(自選股),無新評等,無新目標價,自選股本場次追蹤紀錄；★經多來源交叉查核確認2026/08/22 08:16至19:10無任何新券商報告評等或目標價見報(週六休市)；查核來源=鉅亨網外資評等表board/ratediff.aspx(評等日20260821共7檔進表 無萬潤 20260822無新評等日) 工商時報livenews/stock(快取停08/21 18:10 逐則檢視30則無萬潤) 經濟日報cate/5590(快取停08/21 08:29) WebSearch專搜萬潤6187外資目標價券商評等；既有最新紀錄不變=★瑞銀證券1700元(2026/08/18報告 08/20見報 ★單一二級來源 待確認 為最高優先查證項目) 瑞銀證券1550元(2026/07/27首評) 高盛證券買進1550元(2026/07/10 ★待查 公開來源無法驗證) 美銀證券初評買進1500元(2026/07/27) 高盛證券1800元(2026/04/23) 富邦證券看多800元 大摩1280→1580(2026/05/31) 摩根大通1450；基本面不變=7月營收10.55億元月增4.17%年增73.44% 1-7月累計48.21億元年增42.72% Q2營收23.55億元季增67%年增55% 毛利率54.8% EPS 8.50元(經濟日報08/20稿另載7月每股賺3.52元)；來源cnyes board ratediff + ctee livenews stock + WebSearch
2026-08-22,資料勘誤(非券商觀點),－,08/22早盤場次市場數據列,－,勘誤,－,★本場次比對時發現 processed.csv中2026-08-22早盤場次的市場數據列記載「台股08/21收45308點跌548點」與一級來源不符 應予更正；正確值=08/21加權指數收45224.29點 漲290.55點(+0.65%) 佐證為工商時報重要指數區塊(2026.08.21 18:17更新)與本系統08/21盤後場次自身紀錄(同為45224.29 +290.55)；★早盤該列把上漲290點記成下跌548點 方向完全相反；影響評估=該筆為市場數據列 未被任何個股評等或目標價引用 不影響既有券商觀點紀錄的正確性 但會誤導對當日資金流向的判讀 建議旺來直接更正該列；★另注意成交量口徑=08/21盤後場次記7192.8億元 本場次由工商時報08/22稿(20260822700039)查到7549億元(稱為一個月最低) ★這已是連續第四個場次出現成交量口徑差異 強烈建議固定單一來源；★同場次順帶覆核世芯-KY(3661) 廣達(2382) 華碩(2357)三檔的08/17至08/18具名外資稿原文 確認既有紀錄無誤 世芯花旗環球/摩根大通/瑞銀6600~6800元(瑞銀分析師蘇厚合 Q3營收估季增304%至309億元 Q4再季增23%至380億元 2026-2028年EPS估159.82/221.11/276.82元) 廣達野村626元(分析師李佳伶 目標本益比18倍 位於歷史8~19倍區間上緣 2026-2028年EPS估28.11/34.8/40.42元) 華碩花旗環球與凱基投顧同步1100元(2026-2028年EPS估78.03/85/93.21元) 三檔均已在庫不重複收錄；★收件匣本場次檢查無新PDF；★資料夾衛生提醒=研究報告\日報\仍留有260820_報告總覽_早盤.docx.unpack資料夾與無副檔名檔案ziEBWSro(08/18 19:15產生 45557 bytes 與260818_報告總覽_盤後.docx大小相同但MD5不同 推測為加浮水印前的中間產物) 本系統不自行刪除 建議旺來確認後手動清除；來源ctee 20260822700039 + ctee livenews stock + ctee 20260818700079 + 20260817700175
2026-08-23,－(近24小時無新券商觀點),－,全市場/大盤,市場－早盤場次總結,無新評等,無新目標價,★本場次(窗口2026/08/21 19:10至08/23 08:10 含週六休市與週日盤前)無任何新增券商評等或目標價 為連續第二個整場零券商觀點的場次；原因分開理解=(1)真實面 08/22週六與08/23週日均休市 鉅亨網外資評等表最新評等日仍停20260821 該評等日全部7檔(群聯8299 中鋼2002 微星2377 健鼎3044 貿聯-KY3665 保瑞6472 億豐8464)已於08/21盤後與08/22早盤兩場次收錄完畢 本場次逐列比對確認零新增 休市日共識表不進新資料屬正常非覆蓋失敗 (2)覆蓋面 工商時報08/23日報A1至A8全版逐則檢視 週日出刊無證券版 全報無任何含券商名稱加評等加目標價三要素的稿件 工商時報即時證券列表最新停08/22 16:52 未進入窗口後段 經濟日報首頁更新至08/23 01:54(新鮮) 證券類最新為飆股的故事長榮01:47 全為個股故事與國際財經稿 無券商評等；★本場次最重要發現(方法論修正)=鉅亨外資評等表兩個入口資料不一致 預設入口www.cnyes.com/twstock/board/ratediff.aspx的20260821僅2檔(健鼎680 億豐456) 且表列現價停在約08/19-08/20收盤(健鼎485.5 中信金63.4 長榮246 旭隼1040) ★而archive入口www.cnyes.com/archive/twstock/board/ratediff.aspx?gt=qfii&gp=rate的20260821完整7檔 表列現價已更新至08/21收盤(健鼎459 中信金65 長榮251.5 旭隼995) ★兩表20260820歷史列完全一致(同11檔)未見回溯改寫 ★結論=預設入口為落後快取 archive?gt=qfii&gp=rate為標準入口 自本場次起列為第一順位 ★附帶效果=08/22早盤場次由archive入口取得的6筆紀錄已由第二次獨立抓取完整覆核 數值全部一致 該場次紀錄確認無誤；★隱含空間因現價更新而變動(共識目標價本身完全未動 純機械式重算 不可解讀為券商新看法 本系統回算)=旭隼6409目標1035對995為+4.02%(原對1040為-0.48% ★由負轉正 惟仍為最小者) 中信金2891目標65對65為0.00%(★目標價已被股價完全走完 該筆自08/21收盤起失去參考價值) 健鼎3044目標680對459為+48.15%(原+40.06%) 健策3653目標6100對5395為+13.07%(原+8.93%) 欣興3037目標1280對1085為+17.97%(原+12.28%) 上銀2049目標440對349為+26.07%(原+20.05%) 旺矽6223目標8250對5465為+50.96%(原+46.02%) 長榮2603共識234.5對251.5為-6.76%(★共識價已明顯低於股價 負乖離擴大)；已產日報總覽 260823_報告總覽_早盤.docx 無個股摘要(無評等或目標價可寫)；★本週事件=08/26輝達財報 Jackson Hole全球央行年會Fed主席華許演說 美國PCE 08/31收盤MSCI季調生效 08/25台經院7月廠商景氣動向 08/27國發會7月景氣燈號(6月綜合判斷分數41分連7紅)；WebSearch對當日新聞連續第十四個場次確認幾乎無效；★收件匣=本場次檢查 研究報告\收件匣\ 無新PDF；★資料夾衛生提醒(連續第五個場次)=研究報告\日報\仍留有260820_報告總覽_早盤.docx.unpack資料夾與無副檔名檔案ziEBWSro(45557 bytes 08/18 19:15產生) 本系統不自行刪除 建議旺來確認後手動清除；來源cnyes archive board ratediff gt=qfii gp=rate + cnyes twstock board ratediff + ctee newspaper + ctee 20260823700020 + ctee livenews stock + ctee 首頁 + money udn index
2026-08-23,－(近24小時無新券商觀點),－,萬潤(6187),半導體－封裝自動化設備(自選股),無新評等,無新目標價,自選股本場次追蹤紀錄；★經多來源交叉查核確認2026/08/21 19:10至2026/08/23 08:10無任何新券商報告評等或目標價見報(週六休市 週日盤前)；查核來源=鉅亨網外資評等表兩個入口(archive?gt=qfii&gp=rate與預設入口 20260821共7檔進表無萬潤 無20260822與20260823評等日) 工商時報日報總覽頁(08/23全報A1至A8逐則檢視無萬潤) 工商時報即時證券列表livenews/stock(最新停08/22 16:52) 經濟日報首頁與證券類(更新至08/23 01:54 無萬潤) WebSearch專搜萬潤6187外資目標價券商評等(僅回傳Goodinfo HiStock 愛玩股 Win投資 PChome Yahoo等行情站與舊稿)；★題材面無新增；既有紀錄維持不變=★瑞銀證券1700元(2026/08/18報告 08/20見報 ★單一二級來源 待確認 仍為最高優先查證項目) 瑞銀證券1550元(2026/07/27首評) 高盛證券買進1550元(2026/07/10 ★待查 公開來源無法驗證) 美銀證券初評買進1500元(2026/07/27) 高盛證券1800元(2026/04/23) 富邦證券看多800元 大摩1280→1580(2026/05/31) 摩根大通1450；基本面不變=7月營收10.55億元月增4.17%年增73.44% 1-7月累計48.21億元年增42.72% Q2營收23.55億元季增67%年增55% 毛利率54.8% EPS 8.50元；來源cnyes archive board ratediff + ctee newspaper + ctee livenews stock + money udn index + WebSearch
2026-08-23,－(法人／研究機構 無評等或無目標價),－,16檔法人青睞名單／台新投顧黃文清／兆豐國際投顧黃國偉／安聯蕭惠中,市場－大盤與個股背景,無評等或無目標價,無,本場次背景紀錄 均無可操作的評等與目標價組合 不另建摘要；(1)★工商時報08/23 03:00 A1記者楊淨淳〈16檔營運讚 扮撐盤要角〉=名單來自CMoney機械式篩選(Q2獲利年增加季增 7月營收年增加月增 8月以來及近五個交易日皆未遭外資或投信賣超) 按三大法人近五日買超金額排序為長榮 陽明 健策 萬海 聯茂 光寶科 東元 慧洋-KY 騰輝電子-KY 宏致等 ★此為量化篩選結果 非任何券商推薦名單 無評等 無目標價 不得視為評等訊號 ★與08/22工商時報15檔季底作帳股名單同屬機械篩選類 兩份名單重疊者含長榮 欣興等;(2)★台新投顧總經理黃文清與兆豐國際投顧研究部副總經理黃國偉(均具名)=本周觀察重點為Jackson Hole央行年會Fed主席政策態度 若官員發言轉強硬短線波動加劇 政策明朗前資金偏謹慎 盤整過後回歸基本面 逢低拉回為分批進場時機;(3)★黃國偉另指=AI概念股經前波劇烈修正後走勢轉分歧 市場不再盲目追逐高估值本夢比題材 資金轉向具實質獲利 評價偏低且長期打底的價值型股票 航運兼具高殖利率與低評價的價值股屬性 獲利亮眼受資金青睞 ★此論述與08/20起連續三個交易日外資買超前十大無一AI伺服器族群的籌碼結構互相印證;(4)安聯台灣大壩基金經理人蕭惠中(★買方非賣方)=AI產業長期趨勢向上 企業獲利預估不斷上修 市場資金動能充沛 台股中長期多頭架構完整 建議觀察AI 半導體 能源與防禦性產業在不同景氣情境下的相對表現;★風險=四則全數不構成可操作訊號 無任何目標價與評等;來源ctee 20260823700020 + ctee newspaper
2026-08-23,花旗證券（★具名 ★補收錄）,外資,聯發科(2454),半導體－IC設計(AI ASIC／行動晶片),買進（維持）,6800(維持 ★原文未載前值),★本場次唯一新增券商觀點 也是近一週唯一一筆主流媒體×具名外資×評等×目標價四要素齊全的紀錄；★本筆為補收錄=原稿經濟日報記者高瑜君2026/08/21 22:48上線 落在08/22早盤場次窗口(08/21 19:10至08/22 08:10)之內 但08/22早盤 08/22盤後 08/23早盤三個場次均未覆蓋到 原因是當時money.udn列表入口快取落後而ctee與鉅亨兩個主力入口皆未刊出此稿 本場次改由money.udn文章頁側欄與聯發科標籤頁取件才發現；★觸發事件是利空證偽而非新利多=Google近期擴大客製化晶片生態系 先後與超微(AMD) 邁威爾(Marvell)在AI ASIC領域展開合作 市場聯想是否搶食聯發科商機 花旗回應是Google此舉證明該公司正致力擴大自身客製化晶片生態系統 而非取代現有供應商；論點=AI ASIC業務2026年下半年開始展現 特別是雲端AI基礎設施及邊緣端代理型AI需求持續成長 再次確立AI ASIC為聯發科最重要長期成長動力之一 看好2027年會有更大成長空間 非AI部分儘管整體智慧手機需求不強 仍預期受惠新興市場5G換機潮；★關鍵數字=花旗預估聯發科AI ASIC營收貢獻2026/2027/2028年分別達20億/180億/400億美元 ★兩年累計成長20倍(2027年為2026年的9.0倍 2028年為2027年的2.2倍 本系統回算) 原文完全未提供客戶名單 專案代號 訂單能見度或分季路徑佐證 也未說明400億美元佔2028年整體營收比重；股價對照=08/21收3790元漲90元(+2.43%)盤中最高3810元 屬跌深反彈 6800元隱含+79.42%(本系統回算 與原文稱近八成一致)；風險(原文明列四項)=AI ASIC業務成長不如預期 智慧手機市場競爭加劇 需求因總體經濟因素而疲弱 晶圓代工廠進一步調漲價格；★本系統補充風險=(1)評價完全無法回算 未載目標本益比 未載評價年度 未載2026-2028年EPS預估 也未載目標價前值 6800元在本則新聞裡是結論而非推導結果 (2)★維持是本則的訊號強度上限 沒有調升目標價也沒有調升評等 本次動作是在利空聯想出現後重申既有看法 當成新的加碼理由會高估訊號強度 (3)★近八成上檔空間本身即是風險訊號 單一券商目標價較現價高出79%且長期未收斂 通常代表股價與該券商模型已長期背離 而非市場尚未反應 (4)★利空聯想並未消失只是被重新詮釋 超微搶進Google第十代TPU傳聞(08/20見報)已使聯發科失守月線連5跌 08/20單日-3.77% 花旗論述是生態系擴大 但原文並未回答生態系擴大後聯發科在Google TPU專案中的份額是否會被稀釋 這是多空真正的分歧點 本則沒有處理 (5)第四項風險晶圓代工漲價對聯發科是直接毛利率壓力 原文未做敏感度試算 (6)未揭露分析師姓名與報告出具日期 本則為新聞轉述非報告原文；★待查證=花旗6800元的目標本益比與評價年度 以及AI ASIC兩年20倍斜率的客戶端佐證(建議列為單一關鍵追蹤指標)；已做個股摘要 260823_花旗證券_聯發科2454.docx；來源money udn 9706581 + 交叉背景money udn 9703294 + 9704635
2026-08-23,－(近24小時無新券商觀點),－,萬潤(6187),半導體－封裝自動化設備(自選股),無新評等,無新目標價,自選股本場次追蹤紀錄；★經多來源交叉查核確認2026/08/23 08:10至19:10無任何新券商報告評等或目標價見報(週日休市)；查核來源=鉅亨網外資評等表兩個入口(archive?gt=qfii&gp=rate與預設twstock/board/ratediff.aspx 20260821共7檔進表無萬潤 無20260822與20260823評等日) 工商時報首頁(最新即時停08/23 07:05 在窗口起點之前)與livenews/stock(停08/22 16:52) 經濟日報money.udn文章頁側欄(更新至08/23 15:35與18:31 逐則檢視08/23全部證券稿無萬潤) WebSearch專搜萬潤6187外資目標價券商評等2026年8月(僅回傳Goodinfo PChome Win投資 FinLab等行情站與舊稿)；★題材面無新增；既有紀錄維持不變=★瑞銀證券1700元(2026/08/18報告 08/20見報 ★單一二級來源 待確認 仍為最高優先查證項目) 瑞銀證券1550元(2026/07/27首評) 高盛證券買進1550元(2026/07/10 ★待查 公開來源無法驗證) 美銀證券初評買進1500元(2026/07/27) 高盛證券1800元(2026/04/23) 富邦證券看多800元 大摩1280→1580(2026/05/31) 摩根大通1450；基本面不變=7月營收10.55億元月增4.17%年增73.44% 1-7月累計48.21億元年增42.72% Q2營收23.55億元季增67%年增55% 毛利率54.8% EPS 8.50元；來源cnyes archive board ratediff + cnyes twstock board ratediff + ctee 首頁 + ctee livenews stock + money udn 側欄 + WebSearch
2026-08-23,－(法人／供應鏈 無券商名 無評等 無目標價),－,藥華藥(6446)保瑞(6472)美時(1795)東洋(4105)／全新(2455)聯亞(3081)IET-KY(4971)／大盤,市場－產業與個股背景,無評等或無目標價,無,本場次背景紀錄 三則合併 均無可操作的評等與目標價組合 不另建摘要；(1)★學名藥關稅=經濟日報08/23 14:51記者周克威 美國對進口至美國的學名藥自8月1日起享有兩年零關稅緩衝期 寬限期2028年8月屆滿將直接開徵100%關稅 2029年8月激增至200% ★衝擊主要落在印度與中國大陸(美國目前近半數學名藥依賴印度進口 陸原料藥廠供應阿莫西林 肝素等活性藥物成分) 台廠輸美學名藥規模極低 中期反而是切入美方可信賴醫藥供應鏈的結構性紅利；個別=保瑞已提前透過併購取得美國明尼蘇達州Maple Grove生產基地 能避開進口關稅壁壘並直接吃下美方CDMO轉單需求 美時具備既有美國廠房優勢 藥華藥旗下罕見血病新藥Besremi已獲美國官方確認的孤兒藥零關稅豁免完全不受衝擊 東洋輸美核心產品Lipo-AB抗微脂體兩性黴素營運與外銷不變；★僅稱法人機構表示 未具名券商 無評等 無目標價 無EPS預估；(2)★EML/磷化銦=經濟日報08/23 15:35記者陳昱翔 EML晶片因上游磷化銦(InP)磊晶與基板供不應求 目前市場缺口已高達三成 零組件價格已正式轉為賣方市場 近期很可能調漲且漲幅達雙位數；技術背景=EML是AI資料中心高速光通訊模組最核心的發光元件 主流800G光收發模組非單靠一顆800G雷射而是由8顆100G或4顆200G EML並聯組成 一台AI伺服器機櫃或一座AI資料中心所需晶片數量是傳統伺服器的數十倍 磷化銦磊晶生長製程中厚度與參數稍有偏差EML效能即無法達標 高階EML產量相對有限；★漲價序列=磷化銦基板自2025年Q4起漲以來已數度調漲 由基板製成的磊晶已二度調漲 2026年Q4很可能第三度調漲；擴產=IET美國新廠二期已於2025年7月動工估今年度完工 聯亞近期陸續擴充磊晶產能預估產量未來數月持續提升 全新持續添購新機台；趨勢=光銅並進逐漸轉為光進銅退 磷化銦市場日益火熱 台廠上下游均有布局；★出自供應鏈消息與業界人士 非券商研究報告 無評等 無目標價 無具體漲幅數字；(3)大盤=經濟日報08/23 法人看本周台股44000至46000點區間超過可積極做多 安聯投信稱台股高檔震盪輪動墊高 ★屬指數層級評論與買方(投信)觀點 非賣方評等 無個股目標價；風險=三則全數不構成可操作訊號；來源money udn 9708962 + 9709017 + 9709054 + 9708828
2026-08-24,美銀證券（★具名）,外資,欣興(3037),電子零組件－ABF載板/PCB,買進（重申）,1400(★原文未載前值 待確認),★本場次三筆美銀ABF紀錄之一 具名外資×主流媒體×評等×目標價四要素齊全；產業論點=伺服器CPU在ABF載板需求占比將衝破2成 美銀估2026/2027/2028年分別達17%/21%/21% 供給缺口同期達7%/14%/19% 缺口擴大到2028年 考量供應商可能漲價提升毛利率將帶動EPS強勁成長；欣興個別=★最積極擴充ABF產能者 預計2027與2028年產能成長逾3成 美銀認為高階ABF供需持續吃緊下積極擴產有助更快提升市占 ★下半年高價值專案(毛利率超過50%)預計占欣興ABF營收比重過半 並更著重向客戶銷售產品的價值(含高階產品前期研發投入)；隱含空間+29.03%(表列現價1085元為08/21收盤 本系統回算)；★與既有紀錄對照=美銀1400元高於FactSet共識1280元(評等日20260819)9.38% 與麥格理07/16的1400元持平 ★但低於07/30日系與美系外資A的1500元 美系外資B加碼1465元 永豐投顧08/06的1575元 亦低於摩根大通08/12的1500元(待確認) ★換言之美銀本次調升後的數字仍未突破本系統既有紀錄區間上緣 重申買進的訊號強度高於數字本身；風險=★原文完全未載前值 調升幅度無法計算 ★未載目標本益比 未載評價年度 未載2026-2028年EPS預估絕對值 1400元在本則新聞裡是結論而非可回算的推導結果 ★供給缺口7%/14%/19%為美銀模型輸出 未揭露產能與需求兩端假設來源 未做敏感度試算 ★供應商可能漲價為條件式假設非已發生 未載已談定漲幅或客戶接受度 ★行情背離=三雄自7月下旬低點強彈(欣興曾衝上1200元新高)後 因台股量縮追價動能減弱 08/21同步下跌約半根停板 當日電子零組件類股-2.65%為最弱類股之一 調升目標價與族群性資金撤離同時發生 ★欣興專屬=積極擴產是雙面刃 2027-2028年產能成長逾3成建立在供給缺口持續的前提上 若CPU需求不如美銀模型 最積極擴產者受傷也最重 原文未討論此下行情境 ★公司面另載今年資本支出上調至537億元以上約8成鎖定ABF 高資本支出對自由現金流與折舊費用的影響美銀原文未觸及 ★本則為新聞轉述非報告原文 未載分析師姓名與報告出具日期；已做個股摘要 260824_美銀證券_欣興3037.docx；來源ctee 20260824700175 + ctee 20260824700170 + cnyes archive board ratediff
2026-08-24,美銀證券（★具名）,外資,南電(8046),電子零組件－ABF載板,買進（重申）,1700(★原文未載前值 待確認),★本批隱含空間第二大者 +49.78%(表列現價1135元為08/21收盤 本系統回算)；產業論點同欣興(CPU占ABF需求17%/21%/21% 供給缺口7%/14%/19% 缺口擴大到2028年 漲價提升毛利率帶動EPS強勁成長)；南電個別=★美銀預期南電憑藉與客戶穩固關係及競爭者有限 在高階網路交換器領域可望維持逾50%市占 ★另因同業產能移轉或逐步退出BT載板 南電市占率將進一步提升 ★成長來源同時包含守住高階與吃下同業退出份額兩條路徑；★本場次最重要的分歧=美銀1700元 vs 高盛08/13重申買進並列入強推清單的2500元 兩家一線外資相差47.06%(本系統回算) ★且高盛序列自07/13的2310元一路上調到08/13的2500元 方向與美銀本次的相對保守形成張力 ★美銀1700元僅高於FactSet共識1550元9.68% 在既有紀錄中屬中段偏下(既有另有大和資本07/15的2444元 本土法人08/09的1800元 花旗08/10與本土券商08/09的1600元) ★美銀是看多陣營裡最保守的一家；★建議把高盛2500元與美銀1700元的差距是來自產能假設還是評價倍數列為本檔單一關鍵追蹤問題 兩則新聞都沒有回答；風險=★原文未載前值 未載目標本益比 未載評價年度 未載EPS預估 無法回算驗證 ★供給缺口為美銀模型輸出未揭露假設來源 ★漲價為條件式假設非已發生 ★行情背離=南電曾逼近歷史高峰 但08/21與三雄同步下跌約半根停板 電子零組件類股當日最弱 ★南電專屬=逾50%市占與同業退出BT載板都是美銀的預期而非已確認事實 原文未點名任何退出的同業 也未提供市占的統計來源與基期 ★高階網路交換器需求與AI資料中心資本支出同源 若CSP資本支出節奏放緩 南電的守成論點與擴張論點會同時失效 ★本則為新聞轉述非報告原文 未載分析師姓名與報告出具日期；已做個股摘要 260824_美銀證券_南電8046.docx；來源ctee 20260824700175 + cnyes archive board ratediff
2026-08-24,美銀證券（★具名）,外資,景碩(3189),電子零組件－ABF/BT載板,買進（重申）,1250(★原文未載前值 待確認),★本場次資訊含量最高的一檔 也是ABF三雄中唯一創本系統紀錄新高者；產業論點同欣興南電；景碩個別=★美銀看好受惠AI CPU/GPU與ASIC專案營收貢獻提升 ★AI CPU營收占比將由今年5%大幅提高至2027年的15%(三檔中唯一給出明確占比路徑者) ★美銀特別點出景碩光模組業務具潛在上行空間 客戶為Lumentum與AAOI ★其技術優勢可因應由800G規格升級至1.6T/3.2T需求 預期光模組相關產品2027年將占景碩BT營收20% ★這使景碩同時掛在ABF/AI CPU與光模組(與CPO光通訊同源)兩條主線上 為本系統紀錄中首度出現對景碩的光模組評價論述；★與既有紀錄對照=美銀1250元為本系統對景碩所有紀錄中最高價位 較前高(高盛08/04買進重申1125元)高出11.11%(本系統回算) 其餘既有=大和資本08/10的1068元 永豐投顧08/06的1020元 富邦投顧08/06買進維持1000元 麥格理07/16優於大盤945元 FactSet 07/23彙整940元 高盛07/13買進1120元；★關鍵觀察=ABF三雄中欣興與南電的美銀目標價都低於本系統既有最高紀錄 唯獨景碩創新高 ★代表美銀本次真正重新評價的是景碩 另外兩檔比較接近隨產業觀點同步調整；★資料缺口=景碩2026/08/21收盤價本場次所有來源均未提供 隱含空間無法回算 標記待確認 列為下一場次待補；風險=★原文未載前值 未載目標本益比 未載評價年度 未載EPS預估 無法回算驗證 ★景碩專屬=AI CPU營收占比由5%到15%是兩年三倍的斜率 原文未提供客戶名單 專案代號或訂單能見度佐證 ★光模組客戶Lumentum與AAOI為美系光通訊廠 其自身訂單波動與庫存週期會直接傳導至景碩 原文未討論客戶集中度風險 ★2027年占BT營收20%是占比不是絕對金額 若BT本業同期萎縮 占比上升不等於獲利上升 原文未提供BT營收絕對值預估 ★缺基準股價使本筆無法計算風險報酬比 在補上08/21收盤價之前不宜據以判斷上檔空間 ★08/21三雄同步下跌約半根停板 ★本則為新聞轉述非報告原文 未載分析師姓名與報告出具日期；已做個股摘要 260824_美銀證券_景碩3189.docx；來源ctee 20260824700175
2026-08-24,摩根大通（★具名）,外資,長榮(2603),航運－貨櫃海運,★原文未載評等文字（論述明確偏多 上調2027年獲利）,332(上調 ★原文未載前值),★本場次隱含空間第三大者 +32.01%(基準股價251.5元為08/21收盤 本系統回算) 且一舉關閉貨櫃三雄待補缺口中的長榮部分(自08/20起懸置)；★核心論點=市場嚴重低估有效運力的緊縮程度 看好長榮獲利能力 上調2027年獲利 ★摩根大通指出市場過度擔憂未來的交船壓力 雖然2027-2028年新船交付預計將增長10%運力 但繞道 塞港 巴拿馬運河水位下降等正以遠快於新船交付的速度吸收運力 實質供需比預期更加緊繃；營運面=長榮具有高於產業平均的船隊擴張步調 目前訂造新船約60艘 預估2030年運力達285萬TEU ★約9成運力配備脫硫塔 接下來的新船訂單全數為甲醇雙燃料船與LNG船(LNG船比低硫油碳排放少20%) 有助擴大節能環保與用油成本降低效益 ★在新加坡 鹿特丹和巴拿馬等主要關鍵港口持續碼頭投資 ★空櫃調度策略=因亞洲至北美的需求與運價遠高於北美至亞洲 長榮採直接載回空櫃投入亞洲出口航線加速調度 確保高運價的亞洲出口端櫃源無虞 ★結論=即使面臨有效運力緊縮及營運環境日益複雜 仍有望維持領先同業的利潤率；★同篇並列三家=滙豐證券買進270元(★本系統08/17已收錄 前值255 本場次為重述非新評價事件 不重複計列) 凱基投顧調升至255元(★內資 本場次新增 惟原文完全無論述僅有數字)；行情=長榮股價連7日上漲 波段漲幅17.25% 08/21盤中最高254元 即將挑戰歷史高價265元；基本面=Q2財報亮眼 原先市場擔心Q2拉貨潮影響Q3旺季動能 但據海運業者觀察自7/24美國實施新關稅政策以來市場貨量並未明顯下滑 傳統消費旺季需求加持配合實質有效運能大幅下降形成強烈運價支撐；風險=★摩根大通原文未載評等文字 未載332元前值 目標本益比 評價年度與2027年EPS預估絕對值 上調2027年獲利有方向無數字 332元完全無法回算驗證 ★核心論點的不對稱性=2027-2028年新船交付+10%運力是已排定的已知數 而繞道 塞港 巴拿馬運河水位是可逆的變數 若中東航線恢復正常蘇伊士復航 被吸收的運力會一次性釋放 這是本論點最大的單點風險 原文未做敏感度試算 ★三家目標價分布極散(332/270/255元 最高與最低相差30.20% 本系統回算) 且滙豐與凱基的隱含空間分別只剩+7.36%與+1.39% 以現價進場多數具名券商認為上檔已所剩無幾 ★凱基255元實質上已被08/21盤中最高254元走完 ★FactSet共識234.5元已低於08/21收盤251.5元 負乖離-6.76%且持續擴大 共識與具名券商方向完全相反 本系統無法在現有資料內裁決 建議以具名券商序列為主 共識僅作保守情境參考 ★運價為長榮獲利單一最大變數 三家均未提供運價假設區間 SCFI/CCFI實際走勢應列為本檔單一關鍵驗證指標 ★本則為新聞轉述非報告原文 三家均未載分析師姓名與報告出具日期；已做個股摘要 260824_摩根大通_長榮2603.docx(合併三家 以摩根大通為主署名)；來源ctee 20260824700083 + cnyes archive board ratediff
2026-08-24,凱基投顧（★具名）,內資,長榮(2603),航運－貨櫃海運,★原文未載評等文字,255(調升 ★原文未載前值),★本場次唯一內資具名個股目標價 ★但原文完全無任何論述 僅有數字 資訊層級為本場次最低；隱含空間僅+1.39%(基準股價251.5元為08/21收盤 本系統回算) ★且該目標價實質上已被08/21盤中最高254元走完 自08/21起即近乎失去參考價值；與同篇並列=摩根大通332元(★本場次新評價事件) 滙豐證券買進270元(★08/17已收錄 前值255 本次為重述)；★注意=凱基本次的255元 與滙豐08/17的前值255元數字相同 ★兩者是否有引用關係無法從原文判斷 標記待確認；★與FactSet共識對照=共識234.5元(評等日20260818)已低於股價 三家具名券商全部高於共識 共識明顯落後；風險=★無評等文字 無前值 無論述 無EPS預估 無目標本益比 完全無法回算驗證 ★+1.39%的隱含空間意味凱基認為長榮已大致反映合理價值 把調升解讀為看多會嚴重高估訊號強度 ★調升目標價但空間歸零 是本系統反覆遇到的共識追著股價跑型態的內資版本 領先性存疑 ★本則為新聞轉述非報告原文 未載分析師姓名與報告出具日期；已併入個股摘要 260824_摩根大通_長榮2603.docx 不另建檔；來源ctee 20260824700083
2026-08-24,法人（工商時報未具名 ★券商名稱待確認 ★補收錄）,－,強茂(2481),半導體－功率元件(二極體/MOSFET),強力買進（維持）,205(上調 ★原文未載前值),★本場次隱含空間最大者 +54.14%(基準股價133元為08/21收盤 原文明載 本系統回算) ★並關閉自08/19起懸置五日的強茂目標價待補缺口；★收錄性質=補收錄 原稿見報2026/08/23 11:45(工商時報記者方明) 落在08/23盤後場次窗口(08:10-19:10)之內 該場次未覆蓋到 本場次由工商時報熱門新聞區補回；★評價方法揭露(本場次唯一)=給予2027年25倍本益比 ★但原文未載2027年EPS絕對值 以205除以25反推隱含2027年EPS約8.2元(本系統回算 非原文所載 標記待確認)；★反向切入點=強茂股價自7月初232.5元高點一路下跌至08/21的133元 短線跌幅超過4成 但法人認為Q2毛利率已率先改善 成長動能仍在初升段；★公司上半年對客戶調漲的產品價格預計自Q3開始全面反映 隨漲價效益發酵預估Q3營收有望續創新高 毛利率明顯改善 單季EPS有機會回升至1.5元以上 Q4可望延續高檔表現；漲價循環背景=功率半導體漲價潮自2025年Q4起醞釀 英飛凌率先調價 2026上半年STM ON等一線大廠接續跟進 中國大陸廠商4月起陸續數度調漲 主要反映晶圓與封裝成本上升 ★市場近期更傳出台廠醞釀第三波調價 部分非合約產品10月起可能再漲10%至15%；供給端=據富昌電子7月功率元件交期報告 多數產品交期已逼近52週上限 部分功率元件仍採6吋及8吋晶圓製造而成熟製程產能近年逐步縮減使供給彈性下降 加上安世半導體Nexperia 揚杰科技等供應鏈事件引發轉單需求 部分缺口至今未完全補足；★需求端結構性變化=安森美ON Semiconductor在法說會中大幅上修AI資料中心相關Power IC市場規模預估 由原先約120億美元提高至500億美元 ★單一AI機櫃內Power相關IC價值也由目前約1.5萬美元對應120KW功耗 上修至2030年約11.5萬美元對應600KW至1MW ★隨VR系列平台導入更多SiC GaN等第三代半導體 供電路徑更複雜 但傳統矽基二極體與MOSFET使用量也同步倍增 形成新舊產品共同受惠；選股邏輯=法人分析真正受惠程度較高者是具備實際產能且已切入AI應用的業者 因客戶最急迫的問題是缺料 在供應不足下對漲價接受度相對提高 強茂正是法人點名的主要受惠者之一；風險=★最大問題是來源層級 券商名稱完全未揭露 無法判斷是外資 本國券商或投顧 也無法建立該機構對強茂的目標價序列 建議在採用205元前先取得券商名稱 ★已知倍數卻未知每股盈餘 205元仍無法回算 ★25倍本益比對一家功率元件廠是否偏高 原文未提供強茂歷史本益比區間或同業倍數對照 ★單季EPS有機會回升至1.5元以上用的是條件式語氣 且未載2026全年EPS預估 Q3到2027年之間的獲利路徑是斷的 ★第三波調價傳出與可能再漲10%至15%屬市場傳聞而非已確認事件 是本論點中確定性最低的一環 ★股價自高點跌逾4成本身即是重大警訊 法人論點是基本面沒壞股價超跌 但原文並未解釋這4成跌幅對應的是什麼 若市場已提前反映某項本則未涵蓋的利空 強力買進的訊號會嚴重失真 ★成熟製程產能縮減既是供給緊俏的來源 也意味強茂若要擴產將面臨設備與代工產能取得困難 原文未討論其實際擴產能力；★本系統對強茂原僅有一筆2026/08/19背景紀錄(無評等無目標價) 本筆為首度取得可操作的評等加目標價組合；已做個股摘要 260824_法人未具名_強茂2481.docx(新建個股資料夾 強茂2481)；來源ctee 20260823700342 + ctee 20260819701030 + ctee 20260818700205
2026-08-24,中國信託證券（★具名）,內資,華邦電(2344),半導體－記憶體(NOR Flash/SLC NAND/DRAM/矽電容),買進,★原文未載目標價,★本場次唯一有評等無目標價的具名紀錄 訊號強度僅止於方向；★關鍵數字=預估華邦電2026年EPS將達24.85元(★原文未載前值 無從判斷是上修 下修或首次給出 亦未載2027年預估)；論點=★AI發展改變產業追求性價比與記憶體單價的傳統 轉而重視效能 算力及大容量 記憶體市場供需出現結構性改變 ★時序進入第三季 DRAM與Flash價格仍維持上漲趨勢 雖然價格上漲趨勢較緩 但毛利率仍持續向上(★本則最關鍵的一句=漲幅收斂但毛利率未收斂) ★除AI伺服器需求外 交換器及Edge AI應用亦帶動NOR Flash與SLC NAND需求持續成長 華邦電憑藉NOR Flash全球市占率第一及SLC NAND擴產可望持續受惠 ★新獲利來源=目前矽電容產能接近滿載 受惠AI先進封裝需求快速成長 預期未來將成為新的獲利來源 ★法人分析過去3至4個月產業雖歷經多項利空干擾 但DRAM及NAND報價持續走揚 顯示供需結構未見轉弱；★與既有紀錄對照=本檔是本系統紀錄最密集 分歧也最大的個股之一 目標價區間204至360元 跨度達76.47%(本系統回算) 主要既有=摩根大通08/03優於大盤360元 官股龍頭金控旗下投顧08/08買進重申350元 摩根士丹利08/10正向288元 本土大咖法人07/22強力買進維持285元 FactSet共識08/17的238元與08/11的236元 本土老牌投顧08/09增加持股204元 ★本筆有評等無目標價 無法納入區間比較 只能作為方向性訊號 ★若以FactSet共識238元對2026年EPS 24.85元反推 隱含本益比約9.58倍(本系統回算) 記憶體股在循環高點享有低本益比屬正常現象 但也意味市場並不認為24.85元的獲利具有持續性；風險=★有評等無目標價是本筆的訊號強度上限 沒有目標價就沒有風險報酬比 買進二字無法轉換成可操作的進出場依據 ★出處為工商時報權證專版 原文附有制式聲明權證投資必有風險 本專區資訊僅供參考 並不構成邀約 招攬或其他任何建議與推薦 ★權證專版的個股觀點與正式賣方研究報告性質不同 資訊層級應打折看待 ★價格上漲趨勢較緩但毛利率仍持續向上是本則核心假設 兩者同時成立需要成本端同步或更快下降 原文未提供成本結構說明 ★記憶體報價的雙面性=記憶體漲價對IC通路商與記憶體廠是順風 但對華碩 仁寶等PC/NB廠是成本逆風 且08/24工商時報另載輝達AI伺服器明年可能漲逾15%係因記憶體成本攀升 漲價已開始向下游傳導 終端需求的價格彈性是本則未處理的下行路徑 ★矽電容作為新獲利來源目前僅有產能接近滿載一句 無營收占比 無毛利率 無客戶 尚不構成可量化的評價支撐 ★政策變數=美方傳出有意放行蘋果採購長鑫存儲CXMT與長江存儲YMTC的記憶體晶片 若成真將改變全球記憶體供給格局 本則未觸及 ★華邦電2026/08/21收盤價本場次來源未提供 標記待確認；已做個股摘要 260824_中國信託證券_華邦電2344.docx；來源ctee 20260824700232 + ctee 20260824700113 + cnyes archive board ratediff
2026-08-24,－(近24小時無新券商觀點),－,萬潤(6187),半導體－封裝自動化設備(自選股),無新評等,無新目標價,自選股本場次追蹤紀錄；★經多來源交叉查核確認2026/08/23 19:10至2026/08/24 08:10無任何新券商報告評等或目標價見報；查核來源=工商時報首頁(更新至08/24 06:20 極為新鮮) 工商時報日報總覽頁newspaper(08/24全報A1至A12與B1至B3逐版逐則檢視 無萬潤) 工商時報即時證券列表livenews/stock(已推進至08/24 03:00 逐則檢視30則無萬潤) 鉅亨網外資評等表兩個入口(archive?gt=qfii&gp=diff與預設twstock/board/ratediff.aspx 最新評等日仍停20260821 該日7檔中無萬潤 無20260822至20260824評等日) 經濟日報money.udn文章頁側欄(已推進至08/24 07:15 逐則檢視無萬潤) WebSearch專搜萬潤6187外資目標價券商評等2026年8月(僅回傳Goodinfo PChome Win投資 FinLab等行情站與舊稿)；★題材面無新增 08/24工商時報B3版另有穎崴(6515)擴大高階測試座與MEMS探針卡布局一稿 屬同族群背景 未點名萬潤；既有紀錄維持不變=★瑞銀證券1700元(2026/08/18報告 08/20見報 ★單一二級來源 待確認 仍為最高優先查證項目) 瑞銀證券1550元(2026/07/27首評) 高盛證券買進1550元(2026/07/10 ★待查 公開來源無法驗證) 美銀證券初評買進1500元(2026/07/27) 高盛證券1800元(2026/04/23) 富邦證券看多800元 大摩1280→1580(2026/05/31) 摩根大通1450；基本面不變=7月營收10.55億元月增4.17%年增73.44% 1-7月累計48.21億元年增42.72% Q2營收23.55億元季增67%年增55% 毛利率54.8% EPS 8.50元；來源ctee 首頁 + ctee newspaper + ctee livenews stock + cnyes archive board ratediff + cnyes twstock board ratediff + money udn 側欄 + WebSearch
2026-08-24,－(法人／研究機構 無評等或無目標價),－,奇鋐(3017)／輝達(美股)／台股9月行情四大名師／15檔輝達概念股／15檔技術面強勢股,市場－產業與個股背景,無評等或無目標價,無,本場次背景紀錄 五則合併 均無可操作的評等與目標價組合 不另建摘要；(1)奇鋐3017(工商時報08/24 03:00記者陳昱光 權證專版 法人未具名)=為CSP及企業客戶GPU與ASIC AI伺服器的氣冷/液冷散熱龍頭 ★預估2027年液冷產品營收比重將超過50% ASIC營收可望顯著成長並超越GPU營收 公司在AI伺服器機櫃switch tray具市場主導地位 下半年營收將較上半年成長 Q3各月營收可望逐步上揚 毛利率將季增 ★市場維持Q3營收季增高個位數成長預估 Q4營收將進一步季增18% 動能為AWS Trainium3平台放量 Vera Rubin液冷產品於Q3末進入量產 Google新一代TPU液冷專案與AMD MI455 Helios液冷需求 加上新iPhone上市其均熱板帶動 ★無評等無目標價；(2)★輝達(美股 工商時報08/24 03:00)=廣發證券海外電子通信主管蒲得宇(具名)指出Vera Rubin有望形成強勁的產品週期 將目標價上調至345美元 瑞銀證券看好輝達上季營收擊敗市場預期且未來將出現更明顯跳升 給予買進投資評等 ★標的為美股非台股個股 本系統不列入台股券商觀點 僅供背景；(3)台股9月行情(工商時報08/24 03:00)=綜合富邦投顧董事長陳奕光 第一金投顧董事長黃詣庭 台新投顧總經理黃文清 兆豐國際投顧研究部副總黃國偉四位具名 預期9月底前有機會挑戰46000點至50000點 ★陳奕光指若台股突破黃金切割率0.809位置46530點將可望順勢挑戰更高 ★08/21台指期夜盤小跌64點收45074點 市場觀望氣氛濃厚 ★屬指數層級 無個股評等與目標價；(4)15檔輝達概念股(工商時報08/24 03:00)=輝達預定08/26美股盤後公布2027會計年度Q2財報 市場預估本季營收約910億至920億美元 EPS約2.06至2.07美元 ★名單為法人8月以來買超的機械式篩選 仁寶大敲13萬張 ★非任何券商推薦名單 無評等無目標價 不得視為評等訊號；(5)15檔技術面強勢股(工商時報08/24 03:00)=康和證券投資總監廖繼弘(具名)建議短線選股鎖定股價穩站季線之上 周KD持續上揚且日KD高檔鈍化者 陽明等15檔反彈力道優於大盤 ★法人認為台股進入45至46K高檔套牢區 成交量縮 指數震盪 權值股缺乏強勢表現 短線不宜過度著重指數行情 應回到選股為優先 利用44000至46000點區間震盪高出低進 ★純技術面 無評等無目標價；★另欣興3037公司面(工商時報08/24 03:00 B1版)=今年大舉上調資本支出至537億元以上 約8成新增投資鎖定ABF載板 ★屬公司面資訊非券商評等 已併入本場次美銀欣興紀錄之風險欄；風險=五則全數不構成可操作訊號；來源ctee 20260824700235 + 20260824700057 + 20260824700043 + 20260824700178 + 20260824700181 + 20260824700170
2026-08-24,美系外資A（★原文未具名）,外資,聯電(2303),半導體－晶圓代工(成熟製程),加碼（維持）,138(★原文未載前值),★本場次唯一在窗口內(08/24 11:22)見報的工商時報券商觀點 兩家美系外資同日對聯電表態 ★兩家皆未具名；論點=聯電因應客戶需求將2026年資本支出預期自15億美元調升至20億美元 分階段擴產新加坡Fab 12i四期(P4)無塵室產能 同步於台灣南科Fab 12A展開新廠外殼工程作為未來P7 P8基地 該外資認為提高資本支出有助市場降低成熟製程需求疲弱的疑慮；隱含空間+11.74%(基準價123.5元為08/24收盤 本系統回算)；公司面佐證=法說預估Q3晶圓出貨量季增7~9% 美元ASP持穩 季產能小增至132.5萬片12吋約當晶圓 稼動率估升至逾90% 毛利率升至34~36%(mid-30%) 執行長王石稱8吋產品組合顯著復甦 Q3 8吋稼動率大幅提升至約85% 今年售價趨勢優於先前預期 看好2027年調升空間更明顯 AI相關業務2026年營收貢獻估近3億美元 目標未來3年突破10億美元；財務=2026H1營收1297.71億元年增11.28% 稅後淨利584.31億元年增2.5倍 EPS 4.68元雙創同期新高 毛利率30.93% 營益率20.21% 7月營收238.44億元月增3.11%年增18.98%創近45月高；★籌碼土洋對作=三大法人上周賣超1.06萬張 其中外資買超5.57萬張 投信賣超6.19萬張 自營商賣超4338張 08/24外資連三買累計逾4.5萬張；風險=★券商未具名無法建立目標價序列 ★未載前次評等日 目標本益比 評價年度與EPS預估 138元完全無法回算 ★08/24開高鎖漲停128元收123.5元(+6.01%) 138元剩餘空間僅+11.74% ★上調公告與股價噴出同日發生 領先性存疑 ★成熟製程結構性疑慮並未消失只是被資本支出重新詮釋 擴產是雙面刃 若需求不如預期資本支出由15億升至20億美元將壓縮自由現金流並墊高折舊 原文未做敏感度試算 ★可轉債稀釋=聯電二(23032)4萬張面額40億元 轉換價130.7元溢價率104.98% 8/26開標9/3掛牌 轉換價高於125元低於138元 兩家券商皆未討論EPS稀釋 ★本則為新聞轉述非報告原文 未載分析師姓名與報告出具日期；已做個股摘要 260824_美系外資_聯電2303.docx(合併兩家)；來源ctee 20260824700724 + ctee 20260824701173
2026-08-24,美系外資B（★原文未具名）,外資,聯電(2303),半導體－晶圓代工(成熟製程),買進（維持）,125(前值88 ★調升42.05%),★本場次調升幅度最大的目標價 也是本系統近期罕見的大幅模型修正；論點=鑑於稼動率及毛利率改善趨勢較佳 ★將2026~2028年獲利預期一口氣調升59% 44% 52% 目標價自88元升至125元(+42.05% 本系統回算) 維持買進；隱含空間僅+1.21%(基準價123.5元為08/24收盤 本系統回算)；★與美系外資A的138元相差10.4% 原文未說明分歧來源；風險=★獲利上調幅度59/44/52%極為罕見但原文未揭露任何模型假設 沒有ASP假設 沒有稼動率假設 沒有成熟製程產能利用率路徑 ★如此大幅度一次性修正通常代表原模型基期過低而非基本面有等幅改善 把上調幅度直接當成上檔空間會嚴重高估訊號強度 ★125元的隱含空間僅剩+1.21% 且08/24盤中漲停128元已將該目標價完全走完 ★典型共識追著股價跑型態 ★土洋對作重大警訊 外資買超5.57萬張同時投信賣超6.19萬張 方向完全相反 原文未處理此分歧 ★可轉債轉換價130.7元已高於本目標價125元 ★未載券商名稱 前值評等日 目標本益比 評價年度與EPS預估絕對值 ★本則為新聞轉述非報告原文；已併入個股摘要 260824_美系外資_聯電2303.docx 不另建檔；來源ctee 20260824700724 + ctee 20260824701173
2026-08-24,麥格理證券（★具名 ★補收錄）,外資,旺矽(6223),半導體－探針卡／測試介面(VPC/MEMS),★原文未載評等,9500(前值7950 ★調升18.87%),★本場次最重要的單一事件 一舉關閉自2026/08/20起懸置的旺矽目標價待補缺口 ★五家外資同時點同向表態 四家調升一家重申 零下修 為本系統近期少見的多家同步上調；★收錄性質=補收錄 原稿經濟日報記者張瀞文2026/08/23 21:50即時稿與08/24 01:05報紙稿 落在08/24早盤場次窗口(08/23 19:10至08/24 08:10)之內 該場次未覆蓋到 本場次由money.udn側欄補回；觸發事件=Q2財報大幅優於預期 營收季增33%(公司原估僅20%) ★營業利益率34.4%創歷史新高 EPS 15.55元較市場共識高12% 毛利率因產品組合季減1個百分點至58.4% 公司預估Q3毛利率約59% Q4溫和改善；論點=反映垂直探針卡VPC與微機電探針MEMS產能擴張 平均售價提升 毛利率穩固三大利多 ★同步將2027年淨利預估調高24% 2028年調高21%；★結構性論點(本批唯一有產業機制描述者)=AI晶片周期正在縮短但測試時間卻延長 客戶每個專案增加更多測試機台 每台都需探針卡 ★探針卡數目正從3萬提升至至少4萬 且測試轉向利潤更高的MEMS ★量增乘以產品組合上移的雙重驅動；風險=★兩篇原文皆完全未提供任何股價數字 沒有基準收盤價就無法計算隱含空間與風險報酬比 列為下場次第一優先補件 ★五家全部未載投資評等文字 ★兩篇原文完全沒有任何風險段落 本系統罕見 記者未平衡處理 ★未提供年度EPS絕對值或目標本益比 麥格理只給2027/2028淨利上調幅度 沒有基期就無從還原絕對值 9500元無法回算 ★探針卡數目3萬提升至至少4萬 原文未說明是全市場 單一客戶還是旺矽自身出貨數字 也無時間軸與客戶佐證 此為本批最應追問的單一關鍵數字 ★擴產同時意味資本支出與折舊上升 原文未提供資本支出金額 產能建置時程與良率爬坡假設 ★探針卡需求與AI晶片投片量同源 若CSP資本支出放緩或AI晶片專案數收斂 每專案更多測試機台的論點會與專案總數下降互相抵銷 ★兩篇為同一記者同一事件的即時稿與報紙稿 來源分散度實質僅1篇 五筆觀點全依賴單一記者轉述 非報告原文 未載分析師姓名與報告出具日期；已做個股摘要 260824_麥格理等五家_旺矽6223.docx(合併五家)；來源money udn 9709444 + 9709286 + 9686683
2026-08-24,美銀證券（★具名 ★補收錄）,外資,旺矽(6223),半導體－探針卡／測試介面(VPC/MEMS),★原文未載評等,8500(前值8250 調升3.03%),★旺矽五家外資之一 論述深度居次(僅次於麥格理)；論點=旺矽2027年營收將年增67% 高於今年的年增55% 且★2027年起毛利率60%以上可望成為常態；風險=★原文未載評等 未載目標本益比 未載EPS絕對值 未提供基準股價 8500元無法回算 ★兩篇原文零風險揭露 ★美銀的2027年起毛利率60%以上成為常態 與公司自估Q3約59% Q4溫和改善之間存在落差 ★Q2毛利率實際是季減1個百分點至58.4% 毛利率當前方向是往下而非往上 美銀的常態化假設需要2027年產品組合大幅上移才能成立 原文未提供該組合路徑 ★調升幅度僅3.03%(本系統回算)為本批最小 訊號強度低於麥格理 ★本則為新聞轉述非報告原文；已併入個股摘要 260824_麥格理等五家_旺矽6223.docx 不另建檔；來源money udn 9709444 + 9709286
2026-08-24,高盛證券（★具名 ★補收錄）,外資,旺矽(6223),半導體－探針卡／測試介面(VPC/MEMS),★原文未載評等,8500(前值8000 調升6.25%),★旺矽五家外資之一；論點=★原文論述僅有營收成長動能多元一句 ★為本批論述最薄者之一；風險=★原文未載評等 未載目標本益比 未載EPS預估 未提供基準股價 8500元完全無法回算 ★論述僅一句 資訊層級明顯低於麥格理與美銀 不宜與後兩者等量齊觀 ★兩篇原文零風險揭露 ★本則為新聞轉述非報告原文 未載分析師姓名與報告出具日期；已併入個股摘要 260824_麥格理等五家_旺矽6223.docx 不另建檔；來源money udn 9709444 + 9709286
2026-08-24,摩根士丹利（★具名 ★補收錄）,外資,旺矽(6223),半導體－探針卡／測試介面(VPC/MEMS),★原文未載評等,8000(重申 無變動),★旺矽五家外資中唯一未調升者 也是五家中的最低價；論點=★原文未載任何論述；★關鍵觀察=在其餘四家全數上調(或已在高位)的情況下 大摩選擇重申而非調升 ★此為本批唯一的相對保守訊號 值得與麥格理9500元的差距(18.75% 本系統回算)並讀；風險=★零論述 零評等 零風險揭露 資訊層級為本批最低 ★未提供基準股價 隱含空間無法回算 ★五家目標價區間8000至10000元 跨度25.0%(本系統回算) 大摩8000元與Aletheia 10000元同時存在 代表市場對旺矽評價分歧仍在 多家同步上調不等於共識收斂 ★本則為新聞轉述非報告原文；已併入個股摘要 260824_麥格理等五家_旺矽6223.docx 不另建檔；來源money udn 9709444 + 9709286
2026-08-24,Aletheia（★原文未標類別 ★補收錄）,外資,旺矽(6223),半導體－探針卡／測試介面(VPC/MEMS),★原文未載評等,10000(★未說明是否本次新調整),★旺矽法人圈最高價 也是本系統首度收錄該機構；★資訊層級為本批最低=原文僅在僅次於Aletheia的10000元此一比較語境中出現 ★未說明該數字是否為本次新調整 亦無任何論述 ★也未標示外資或內資類別 本系統暫列外資 標記待確認；風險=★除數字外零資訊 ★不宜單獨作為進出場依據 ★未提供基準股價 隱含空間無法回算 ★建議下一場次查證該機構全名 屬性與報告日期 ★本則為新聞轉述非報告原文；已併入個股摘要 260824_麥格理等五家_旺矽6223.docx 不另建檔；來源money udn 9709444 + 9709286
2026-08-24,瑞銀證券（★具名 分析師陳玟瑾）,外資,亞德客-KY(1590),工業自動化－氣動元件,買進,1877(★原文未載前值),★瑞銀2026/08/24自動化展參訪報告點名四台廠之一(亞德客-KY 1877 上銀484 研華744 信邦340 評等一律買進) ★四檔同出一份報告 來源分散度僅1篇涵蓋4筆；報告總論=分析師陳玟瑾走訪台北國際自動化展 結論是廠商在手訂單能見度佳 已排至2027年初 需求最強的五個領域為半導體設備 AI伺服器製造 先進封裝 工業自動化與國防；個別論點=受惠工廠自動化上升周期 ★這是四檔中論述最短的一檔 原文未提供任何營收 獲利或產能數字；★關鍵風險=亞德客是本批中唯一純週期標的 其他三檔各自掛在CPO AI Agent 人形機器人等結構性題材上 亞德客的多方論點完全依賴工廠自動化的景氣位置 ★若自動化資本支出週期反轉 本檔缺乏題材緩衝；共同風險=★四檔皆未載前值 未載目標本益比 未載評價年度 未載EPS預估絕對值 目標價全部無法回算 ★原文自載三項風險且三項都指向核心成長論點尚未進入實質營收貢獻階段(CPO設備占產品組合比重仍低 人形機器人專案多數仍在原型機與送樣階段 研華AI Agent導入仍屬早期須看未來一到二年) ★在手訂單能見度已排至2027年初是共同前提 但原文未提供任何一檔的在手訂單金額 訂單出貨比或客戶結構 能見度佳是質化描述而非可驗證數字 ★報告來自展場參訪而非法說或財報 展場訊息偏向廠商自述 樂觀偏誤高於財報數據 ★未提供基準收盤價 隱含空間無法回算 ★本則為新聞轉述非報告原文；已做個股摘要 260824_瑞銀證券_亞德客-KY1590.docx；來源money udn 9711094
2026-08-24,瑞銀證券（★具名 分析師陳玟瑾）,外資,上銀(2049),傳動元件／機器人,買進,484(★原文未載前值),★瑞銀自動化四台廠之一；個別論點=亮點在CPO設備零組件與半導體後段設備 ★具體項目為FAU(Fiber Array Unit)封裝與CPO測試機台 ★原文明載近期已開始出貨；★關鍵觀察=上銀是四檔中唯一已有實際出貨事實可佐證者 ★但原文同時自載CPO設備占產品組合比重仍低 ★已出貨與有意義的營收貢獻之間仍有距離 原文未提供占比數字；共同風險=★四檔皆未載前值 目標本益比 評價年度與EPS預估 484元無法回算 ★原文三項自載風險皆指向核心成長論點尚未進入實質營收貢獻階段 ★在手訂單能見度已排至2027年初為質化描述 無金額 無B/B ratio 無客戶結構 ★報告出自展場參訪非法說或財報 樂觀偏誤較高 ★未提供基準收盤價 ★本則為新聞轉述非報告原文 未載報告出具日期；已做個股摘要 260824_瑞銀證券_上銀2049.docx；來源money udn 9711094
2026-08-24,瑞銀證券（★具名 分析師陳玟瑾）,外資,研華(2395),電腦及週邊－工業電腦,買進,744(★原文未載前值),★瑞銀自動化四台廠之一；個別論點=主打AI Agent平台與AMR(自主移動機器人) ★並與達明(4585)機械手臂合作；★本檔風險揭露在四檔中最明確=原文自載研華AI Agent導入仍屬早期 商業化要看未來一到二年 ★換言之瑞銀自己承認本檔的核心題材在一到二年內不會有實質營收貢獻 ★744元的目標價因此主要建立在既有工業電腦本業之上而非AI Agent 原文未拆解兩者的評價占比；共同風險=★四檔皆未載前值 目標本益比 評價年度與EPS預估 744元無法回算 ★在手訂單能見度已排至2027年初為質化描述 無金額佐證 ★報告出自展場參訪非法說或財報 ★未提供基準收盤價 隱含空間無法回算 ★本則為新聞轉述非報告原文 未載報告出具日期；已做個股摘要 260824_瑞銀證券_研華2395.docx；來源money udn 9711094
2026-08-24,瑞銀證券（★具名 分析師陳玟瑾）,外資,信邦(3023),電子零組件－線束連接器,買進,340(★原文未載前值),★瑞銀自動化四台廠之一 也是四檔中前瞻性假設最強者；個別論點=靠人形機器人出貨放大推升獲利；★核心風險=原文自載人形機器人專案多數仍在原型機與送樣階段 ★原型機與送樣不等於量產訂單 ★以人形機器人作為獲利推升的主要理由 在專案尚未進入量產的階段屬於高度前瞻假設 ★原文未提供客戶名單 專案數或送樣轉量產的時程；共同風險=★四檔皆未載前值 目標本益比 評價年度與EPS預估 340元無法回算 ★在手訂單能見度已排至2027年初為質化描述 ★報告出自展場參訪非法說或財報 樂觀偏誤較高 ★未提供基準收盤價 ★注意信邦與同日另一筆貿聯-KY(3665)同屬線束連接器族群 但貿聯08/24跌停且有資安事件 族群氛圍不一致 ★本則為新聞轉述非報告原文；已做個股摘要 260824_瑞銀證券_信邦3023.docx；來源money udn 9711094
2026-08-24,元大投顧（★具名 ★法人圈最高）,內資,光寶科(2301),電腦及週邊－AI電源／電源供應器,逢低買進／買進（原文稱多數法人）,370(★原文未載前值),★本場次唯一的內資具名最高目標價 元大投顧370元在法人圈居首 原文載明多數法人給予逢低買進 買進或強力買進評等；★觸發事件=08/24光寶科鎖漲停287元 ★改寫掛牌以來歷史新高 隱含空間+28.92%(本系統回算 與原文稱近三成空間一致)；論點=法人估2026年AI相關營收占比上看30% 動能延伸至8.5kW PSU BBU(電池備援模組)與110kW Power Shelf ★關鍵時程提前=800VDC因客戶進度提前 預計Q3完成認證 Q4開始貢獻營收(建議列為本檔單一關鍵追蹤指標) 客戶面=成功切入兩家新CSP客戶 推升今年獲利年增58.5% EPS看10.34元 2027年上看13.25元；題材延伸=同日另有光寶科搶攻AI高速光互連一稿(08/24 17:31) 光寶科亦名列15檔輝達概念股法人買超前三名；風險=★原文未載前值 未載目標本益比 未載評價年度 370元在本則新聞裡是結論而非推導結果 ★若以2026年EPS 10.34元回推370元隱含約35.8倍本益比 以2027年13.25元回推約27.9倍(皆本系統回算 非原文所載) 該倍數對一家電源供應器廠是否合理 原文未提供歷史本益比區間或同業對照 ★最高目標價與該股鎖漲停創歷史新高發生在同一天 共識追著股價跑 領先性存疑 ★以287元漲停價進場剩餘空間僅28.92%且已站在歷史高點 風險報酬比明顯不如標題所暗示 ★原文完全未載任何風險 為單邊看多報導 ★AI營收占比上看30%是預期而非已實現 原文未提供2026上半年實際占比作為基期 ★800VDC Q3完成認證Q4開始貢獻營收是條件式時程 認證未完成前不構成營收 且未載Q4貢獻金額或占比 ★兩家新CSP客戶未具名 無法評估量體與集中度 ★產業成本逆風未被處理=同日工商時報另載記憶體漲價已使輝達AI伺服器明年可能漲逾15% 整機ASP走高最終須由CSP吸收 若CSP以壓縮零組件價格因應 電源供應商毛利率首當其衝 ★獲利年增58.5% EPS 10.34元至13.25元(2027年再增28.1% 本系統回算)為高基期上的連續高成長假設 原文未提供分季拆解 ★本則為新聞轉述非報告原文；已做個股摘要 260824_元大投顧_光寶科2301.docx；來源money udn 9710935 + ctee 20260824701564 + ctee 20260824701173
2026-08-24,花旗環球（★具名）,外資,英業達(2356),電腦及週邊－伺服器ODM,★原文未載評等,★原文未載目標價,★本場次唯一有具名券商 有明確財測修正 但無評等亦無目標價的紀錄 訊號強度僅止於獲利方向；論點=英業達Q2獲利★季增60% 年增78% 遠優於法人預期 受惠三項驅動=新產能開出 通用伺服器與ASIC業務崛起 機櫃級AI伺服器持續成長；★財測修正=花旗上調2026/2027年EPS各★9%與16% 至★3.84元及4.51元 ★2027年上調幅度大於2026年 代表花旗認為成長動能主要落在明年；股價=08/24收66.1元漲0.6% 以上調後2026年EPS 3.84元計本益比約17.2倍 以2027年4.51元計約14.7倍(皆本系統回算 非原文所載)；★同篇並列的反向觀點=摩根士丹利估前五大ODM廠7月筆電出貨較預估少4% 8月約900萬台★年減20% Q3約2730萬台較原預估少6% ★季減10%年減20% 主因記憶體漲價壓抑NB需求；風險=★有財測無評等無目標價是本筆訊號強度上限 EPS上調9%/16%無法直接轉換成股價空間 因原文未提供花旗的目標本益比與評價年度 ★同一篇新聞內同時存在個股上調與產業下修 兩者未被記者調和 ★英業達本身同時具備伺服器與NB兩塊業務 大摩的NB出貨下修理應直接衝擊英業達 但原文未拆解英業達的伺服器與NB營收比重 讀者無法判斷淨影響方向 此為本則最大邏輯缺口 ★記憶體漲價是本則核心矛盾點 對記憶體廠是順風(同場次中國信託證券即以此看多華邦電) 對ODM/NB廠是成本逆風 花旗三項成長驅動皆未觸及記憶體成本上升對毛利率的壓縮 亦未做敏感度試算 ★2027年EPS 4.51元較2026年3.84元僅年增17.4%(本系統回算) 成長率明顯放緩 與遠優於預期的敘事語氣不對稱 ★ASIC業務崛起與機櫃級AI伺服器成長皆未提供客戶名單 專案代號或訂單能見度佐證 ★大摩Q3出貨較原預估少6%是對自身前值的下修 原文未提供原預估數字 下修絕對量體無法還原 ★本則為新聞轉述非報告原文；已做個股摘要 260824_花旗環球_英業達2356.docx；來源money udn 9710993 + ctee 20260824701173
2026-08-24,美系大行（★原文未具名）,外資,貿聯-KY(3665),電子零組件－線束連接器(HPC／資料中心),重申正向,★原文未載目標價,★兩家券商皆未給目標價 資訊層級為本場次個股摘要中最低 列為個股摘要僅因美系大行有明確評等文字；論點=認為貿聯下半年毛利率重回30%以上 HPC推升電源互連(Power)與資料互連(Data)成長 semi cap(半導體設備)業務亦在成長 毛利率將逐級改善；★最具體的產品面事件=NVIDIA VR200電源規格顯著升級 ★HVDC(高壓直流)下半年開始出貨 2027年滲透率上看10~20%；財務實績=Q2營收232.81億元 淨利29.81億元創高 EPS 15.28元；FactSet共識(08/21)=目標價3125元 表列現價2275元 隱含空間+37.36%(本系統回算) ★該共識為08/21資料 未反映08/24資安事件；★本檔最重大的風險與券商論述完全脫節=08/24當日貿聯-KY股價跌停 ★另有公告資訊系統遭網路安全事件 ★正向評等與跌停同日發生 且兩家券商論述均未涵蓋該資安事件(報告顯然出具於事件之前) ★在資安事件影響範圍與財務衝擊釐清之前 這兩筆觀點應視為已過時；其他風險=★無目標價就沒有風險報酬比 重申正向四個字無法轉換成可操作的進出場依據 ★凱基自己的數字其實偏保守 2026全年毛利率31.5%為年減0.2個百分點 也就是全年毛利率是持平略降而非改善 與美系大行毛利率逐級改善的描述方向不同 兩者未被記者調和 ★HVDC 2027年滲透率上看10~20%區間跨度達一倍 且為滲透率非營收占比 原文未提供HVDC單價 對應市場規模或貿聯預期市占 無法轉換成營收貢獻 ★季節性逆風=8~9月營收可能受歐洲暑休影響 ★市場氛圍轉變=國泰證券郭經緯提醒市場氛圍已轉為有賺先跑 ★FactSet共識券商欄一律標示Factset為彙總值而非個別外資名稱 不宜當作單一券商觀點使用 ★本則為新聞轉述非報告原文 美系大行未具名 未載分析師姓名與報告出具日期；已做個股摘要 260824_美系大行與凱基投顧_貿聯-KY3665.docx(合併兩家)；來源money udn 9710348 + cnyes archive board ratediff
2026-08-24,凱基投顧（★具名）,內資,貿聯-KY(3665),電子零組件－線束連接器(HPC／資料中心),★原文未載評等,★原文未載目標價,★本場次資訊層級最低的具名紀錄之一 有券商名有財測 但無評等亦無目標價；財務預估=Q3毛利率32.0% Q4 33.5% 2026全年31.5%(★年減0.2個百分點) ★營益率擴張幅度將大於毛利率；論點=看好HPC的Power與Data兩條線 美系大型CSP新一代ASIC帶動需求升溫 NVIDIA VR200電源規格顯著升級 HVDC下半年開始出貨 2027年滲透率上看10~20%；風險=★無評等無目標價 無法計算風險報酬比 ★凱基的全年毛利率31.5%實為年減0.2個百分點 方向是持平略降而非改善 ★與同篇美系大行毛利率逐級改善的描述方向不同 兩者未被調和 ★營益率擴張幅度將大於毛利率意味凱基假設營業費用率下降 但原文未提供費用率假設或成本控制的具體措施 ★08/24當日貿聯-KY跌停並公告資訊系統遭網路安全事件 凱基論述未涵蓋 ★8~9月營收可能受歐洲暑休影響 ★本則為新聞轉述非報告原文 未載分析師姓名與報告出具日期；已併入個股摘要 260824_美系大行與凱基投顧_貿聯-KY3665.docx 不另建檔；來源money udn 9710348
2026-08-24,本土投顧（★原文未具名 ★補收錄）,內資,華航(2610),航空運輸,★調升至買進（前評等原文未載）,23.2(★原文未載前值),★本場次唯一的評等調升動作(其餘多為目標價調升或維持) 方向性訊號強度高於單純調價；★收錄性質=補收錄 原稿工商時報記者鄭郁平2026/08/24 03:00 權證專版 落在08/24早盤場次窗口之內 該場次逐版檢視時未覆蓋到 本場次由文章頁補回；★評價方法(本則唯一有評價方法者)=歷史PBR多落在0.5至2.5倍 ★目前1.12倍 處歷史下緣 ★加上油價中長期趨勢向下舒緩成本壓力 貨運Q4續旺 故調升至買進 目標價23.2元；★核心邏輯=貨運強於客運 加 評價位階偏低 加 油價向下 三者疊加 ★三項當中只有評價位階是當下可驗證的事實 另外兩項皆為預期；風險=★券商名稱完全未揭露 僅稱本土投顧 無法判斷是投顧 本國券商或自營 也無法建立目標價序列 建議在採用23.2元前先取得券商名稱 ★出處為工商時報權證專版 原文附制式聲明權證投資必有風險 本專區資訊僅供參考 並不構成邀約 招攬或其他任何建議與推薦 ★權證專版的個股觀點與正式賣方研究報告性質不同 資訊層級應打折看待 ★23.2元未載前值 未載目標PBR倍數 未載2026/2027年EPS或每股淨值預估 雖有PBR區間0.5至2.5倍與現值1.12倍 但沒有每股淨值絕對值就無法回算23.2元對應的目標PBR 評價仍不可驗證 ★未提供基準收盤價 隱含空間無法回算 ★原文未載任何風險段落 僅以油價作為變數被動帶過 ★油價中長期趨勢向下是成本端核心假設 但未提供油價假設區間亦未做敏感度試算 航空股獲利對油價極度敏感 此為單一最大變數 而該假設在中東航線運費飆破1萬美元 地緣風險升溫的背景下並不穩固 ★貨運Q4續旺為需求端核心假設 貨運單位收益年增37.5%/38%屬高基期 2027年同期將面臨極高比較基準 原文未討論基期效應 ★PBR處歷史下緣是本則最有力論點 但低PBR也可能反映市場對航空業結構性獲利能力的長期折價 便宜不等於會回歸 原文未解釋為何此次會回歸 ★本則為新聞轉述非報告原文；已做個股摘要 260824_本土投顧_華航2610長榮航2618.docx(合併兩檔 以華航為主署名)；來源ctee 20260824700223
2026-08-24,本土投顧（★原文未具名 ★補收錄）,內資,長榮航(2618),航空運輸,★調升至買進（前評等原文未載）,★原文未載目標價,★與華航同一則 同步由原評等調升至買進 ★但長榮航只有評等調升 完全沒有目標價 無法計算風險報酬比 本筆僅為方向性訊號；★收錄性質=補收錄 原稿工商時報記者鄭郁平2026/08/24 03:00 權證專版 落在08/24早盤場次窗口之內 該場次未覆蓋到；營運面=Q2營收677.7億元 ★年增22.5% 客運運量年增10.2% ★貨運單位收益年增37.5% 高載客率加上貨運運價抵銷高油價衝擊 預估Q3營收652.9億元 EPS 1.16元(年增6.7%) ★7月貨運單位收益上看年增38%；風險=★有評等無目標價是本筆訊號強度上限 ★券商名稱完全未揭露 僅稱本土投顧 無法建立目標價序列 ★出處為工商時報權證專版 附制式免責聲明 資訊層級應打折看待 ★未載前評等 無從判斷是由中立升買進還是由減碼升中立 調升幅度不明 ★未提供基準收盤價 ★原文未載任何風險段落 ★預估Q3 EPS 1.16元僅年增6.7% 成長率明顯低於Q2營收年增22.5% 與貨運單位收益年增37.5%的敘事語氣不對稱 ★油價為單一最大變數 原文未提供假設區間亦未做敏感度試算 ★貨運單位收益年增37.5%/38%屬高基期 2027年將面臨極高比較基準 ★本則為新聞轉述非報告原文 未載分析師姓名與報告出具日期；已併入個股摘要 260824_本土投顧_華航2610長榮航2618.docx 不另建檔；來源ctee 20260824700223
2026-08-24,瑞銀證券（★具名 ★交叉驗證結案 非新增觀點）,外資,萬潤(6187),半導體－封裝自動化設備(自選股),★原文未載評等,1700(前值1550 +9.68%),★自選股本場次追蹤紀錄 ★萬潤本場次零新增券商觀點(2026/08/24 08:10至19:10經多來源交叉查核確認) ★但完成本系統標記為最高優先查證項目的交叉驗證=瑞銀證券1700元由單一二級來源升級為兩個獨立二級來源 ★該項目正式結案 本筆為既有紀錄的驗證補件 非新增觀點 不計入本場次新增筆數；★新取得的關鍵資訊(先前所有來源皆未載)=瑞銀評價基礎為★27倍2027至2028年平均預估本益比(前次為25倍) ★報告自載萬潤歷史平均本益比19.1倍 +1標準差26.5倍 ★瑞銀本次評價倍數27倍已略高於+1標準差 ★目標價上調有一半來自倍數擴張而非獲利上修；★目標價拆解(本系統回算)=1550元至1700元共+9.68% 其中倍數由25倍升至27倍貢獻+8.0% EPS上修(2026/2027各+8%/+6%)僅貢獻其餘部分 ★上調的主要驅動力是評價倍數而非基本面；Q2實績(本次補齊比較基準)=營收23.55億元(季增67%年增55%) 毛利率54.8% ★EPS 8.50元(★市場共識僅6.10元 瑞銀原估6.91元 實際大幅超出) ★但營益率33.3%低於瑞銀原估的35.0% 原因是研發與銷售費用超標；全年預估(本次新取得)=2026年營收93.85億元/EPS 29.56元 2027年營收149.54億元/EPS 46.52元(★年增57.4% 本系統回算) 本次上修2026/2027年EPS各8%/6%；★本次最重要的新發現是一項反方因素 先前所有二級來源皆未報導=★瑞銀自己預估Q4營收季減15% 毛利率由54.8%降至53.0%(Q3則估季增29%) ★給出1700元目標價的同一份報告 同時預期第四季營收與毛利率雙雙下滑 ★這與市場對萬潤的單向成長印象有明顯落差 是本檔目前最應納入考量的單點資訊；★報告自載風險(本次新取得 先前紀錄完全沒有)=(1)CoWoS擴產快慢皆會改變設備訂單 (2)競爭對手技術突破恐失市佔 (3)SoIC/PLP/CPO新技術延遲 (4)原物料成本 (5)地緣政治/關稅/出口管制 (6)台灣電費調漲 ★另有逾九成營收來自台灣客戶的集中度風險；其他風險=★評價倍數已在歷史高位 27倍高於+1標準差26.5倍 也是歷史平均19.1倍的1.41倍 倍數擴張是市場情緒的函數 在AI設備族群情緒轉弱時最先收縮 ★營益率33.3%低於原估35.0% EPS大幅超預期主要來自營收與毛利率而非營運效率 費用率若持續高於預期 2027年EPS 46.52元的達成路徑會受壓 ★兩個二級來源皆非券商報告原文 第二來源為內容平台型網站的報告摘要 兩者在報告日08/18與目標價序列1550至1700上完全吻合 交叉驗證成立 ★但仍屬一手報告未見 數字建議標示為二級來源確認而非原文確認 ★本場次未取得萬潤基準收盤價 隱含空間仍無法回算 列為下場次補件；★一條已排除的雜訊=CMoney readmo 1800元目標價一出萬潤還能追嗎 該頁明載本頁面由AI生成可能會發生錯誤 內文股價寫1255元 月份寫2026年1至3月營收 與現況矛盾 ★該1800元為高盛舊報告非新增 ★建議永久排除該來源；既有紀錄維持不變=瑞銀1550元(2026/07/27首評) 高盛買進1550元(2026/07/10 ★待查 公開來源無法驗證) 美銀初評買進1500元(2026/07/27) 高盛1800元(2026/04/23) 富邦證券看多800元 大摩1280至1580(2026/05/31) 摩根大通1450；基本面不變=7月營收10.55億元月增4.17%年增73.44% 1-7月累計48.21億元年增42.72%；★本場次萬潤查核來源=工商時報首頁/livenews-stock/文章頁側欄 經濟日報money.udn文章頁側欄(推進至17:18 通知列19:11) 鉅亨網外資評等表兩個入口(最新評等日仍停20260821 該日7檔中無萬潤) WebSearch九組專搜 ★另已確認經濟日報08/24瑞銀自動化四台廠報告(亞德客-KY/上銀/研華/信邦)不含萬潤；已做個股摘要 260824_瑞銀證券_萬潤6187_查證補件.docx；來源 contentplatform info 497878 + money udn 9711094 + cnyes archive board ratediff + ctee 首頁 + WebSearch
2026-08-24,－(法人／供應鏈／分析師 無評等或無目標價),－,摩根士丹利NB ODM產業／輝達(美股)／矽晶圓六壯士／奇鋐3017／自行車雙雄／力旺3529健策3653／陽明2609,市場－產業與個股背景,無評等或無目標價,無,本場次背景紀錄 七則合併 均無可操作的評等與目標價組合 不另建摘要；(1)★摩根士丹利NB ODM產業觀點(負面 無個股目標價)=估前五大ODM廠7月筆電出貨較預估少4% 8月約900萬台年減20% Q3約2730萬台較原估少6% 季減10% 年減20% 主因記憶體漲價壓抑NB需求 ★此觀點與同篇花旗上調英業達EPS方向相反 已併入英業達紀錄之風險欄；(2)★美系外資(未具名)對輝達NVDA=維持加碼 目標價288美元並列首選股 預估本季營收911億美元 EPS 2.07美元 ★標的為美股 本系統不列入台股券商觀點 僅供背景(08/26美股盤後公布財報)；(3)★矽晶圓漲價(工商時報記者鄭淑芳)=暌違三年 6吋8吋12吋全系列同步調漲 漲幅一成起跳 環球晶董事長徐秀蘭證實現貨與長約價格都在上漲 正與客戶協商反映成本 台勝科 環球晶 合晶08/24觸漲停 嘉晶 中美晶 漢磊亦逾半根漲停 ★每半年洽商一次的12吋拋光片已有部分適用調高新報價 漲幅約雙位數百分比 每年洽商一次的8吋明年度報價協商預定今年Q4啟動 估漲幅有機會朝雙位數邁進 ★出自公司面與供應鏈 非券商評等 無目標價；(4)奇鋐3017(工商時報權證專版 法人未具名)=預估2027年液冷產品營收比重超過50% Q4營收季增18% ★無評等無目標價 與08/24早盤場次已收錄之背景一致 不重複計列；(5)自行車雙雄美利達9914與巨大9921(工商時報 本國投顧未具名)=法人看俏 ★無評等無目標價；(6)力旺3529與健策3653(工商時報權證專版)=力旺Q2 EPS 7.77元 健策Q3毛利率估47.5% 營益率39.3% ★無評等無目標價；(7)★分析師陳唯泰(仲英財富 ★具名但屬分析師非賣方研究)=陽明股價淨值比小於1最低且價格較為親民 上半年EPS 2.05元 大戶持股比例58.12% 外資上周布局陽明 ★無目標價 不構成券商評等 ★陽明2609與萬海2615個別賣方目標價缺口仍未關閉；籌碼=外資上周買超陽明逾16萬張最多 賣超力積電18.78萬張居冠 外資上周連四買 陽明 兆豐金 長榮最受青睞；風險=七則全數不構成可操作訊號；來源money udn 9710993 + ctee 20260824700178 + 20260824700724 + 20260824700235 + 20260824700229 + 20260824700226 + 20260824700914 + 20260824701238 + 20260824701383
2026-08-25,摩根士丹利（★具名）,外資,貿聯-KY(3665),電子零組件－線束連接器(HPC／AI資料中心),★原文未載評等文字（重申看好）,3665(★原文未載前值),★本場次隱含空間最大者 +78.78%(基準股價2050元為2026/08/24跌停收盤價 原文明載 本系統回算) ★並一舉關閉08/24盤後場次遺留的最大缺口=當時美系大行與凱基投顧兩家皆無目標價 本場次取得兩個具體數字；★觸發事件是基本面符合預期但股價跌停的落差修補 而非新利多=貿聯Q2毛利率30.7%符合預期 利潤率成長趨勢重回正軌 但08/24苦吞跌停收2050元(起因為公司公告資訊系統遭受網路安全事件) 四家外資集體出面重申看好；論點=雖然公司未提供Q3財測 但鑑於7月營收96.3億元月增13%年增60% 及8、9月季節性表現 ★預估Q3營收將季增23% HPC是成長動能 其中電力互連可望受惠AI伺服器與一般伺服器需求 資料互連可望隨新款ASIC放量與GPU伺服器需求同步成長 ★伴隨營運規模擴大及生產效率提高 毛利率將逐季擴張；★與同篇並列=瑞銀證券3617元(陳玟瑾) 廣發證券(蒲得宇 無目標價) 美銀證券(無目標價)；大摩3665元較瑞銀3617元僅高1.33%(本系統回算) ★兩家幾乎收斂 為本系統近期少見的高度一致；風險=★原文未載評等文字 未載前值 未載目標本益比 未載評價年度 未載2026-2028年EPS預估 3665元完全無法回算驗證 ★最重大的邏輯缺口=08/24跌停的直接導火線是資安事件 而四家券商論述完全沒有觸及 報告顯然出具於事件之前或未納入 在影響範圍與財務衝擊釐清前 這四筆觀點的基本面假設都建立在事件未發生的前提上 ★+78.78%的隱含空間本身即是風險訊號 單一券商目標價較現價高出近八成通常代表股價與該券商模型已明顯背離 ★毛利率方向與凱基投顧08/24數字矛盾=凱基估Q3毛利率32.0% Q4 33.5% 2026全年31.5%(年減0.2個百分點 持平略降) 與大摩的逐季擴張方向不同 記者未調和 本系統無法在現有資料內裁決 ★季節性逆風=8至9月營收可能受歐洲暑休影響 ★FactSet共識3125元(20260821 表列現價2275)明顯低於兩家具名外資且未反映資安事件 ★本則為新聞轉述非報告原文 未載分析師姓名與報告出具日期；已做個股摘要 260825_摩根士丹利等四家_貿聯-KY3665.docx(合併四家 以摩根士丹利為主署名)；來源ctee 20260825700215 + money udn 9710348 + 9710809 + cnyes archive board ratediff
2026-08-25,瑞銀證券（★具名 分析師陳玟瑾）,外資,貿聯-KY(3665),電子零組件－線束連接器(HPC／AI資料中心),★原文未載評等文字（重申看好）,3617(★上調 原文未載前值),★本場次唯一明載為調升的目標價(原文稱將推測合理股價升至3617元) 隱含空間+76.44%(基準股價2050元為08/24跌停收盤價 本系統回算)；論點=三項驅動 資料傳輸線出貨恢復正常 新ASIC平台相關線材開始出貨 產能利用率提升帶動毛利率回升 強勁獲利增長具延續性 ★預期Q3獲利將季增28% 並明白指出這是驅動股價的催化劑(catalyst) ★另指電源sidecar可能更早導入 帶動貿聯的電源線業務具上檔空間；★分析師交叉觀察=陳玟瑾同時也是瑞銀08/24自動化四台廠報告(亞德客-KY1877 上銀484 研華744 信邦340)的作者 ★兩份報告同一分析師同一週對線束連接器族群與自動化族群同步表態；風險=★原文未載評等文字 未載前值 未載目標本益比 未載評價年度 未載EPS預估 3617元無法回算 ★Q3獲利季增28%為單季預估 未提供全年或2027年獲利路徑 未提供毛利率絕對值假設 ★資安事件未被納入論述(同大摩) ★電源sidecar可能更早導入為條件式假設 未載時程 未載金額 未載客戶 ★+76.44%上檔空間與該股當日跌停同時發生 ★本則為新聞轉述非報告原文 未載報告出具日期；已併入個股摘要 260825_摩根士丹利等四家_貿聯-KY3665.docx 不另建檔；來源ctee 20260825700215
2026-08-25,廣發證券（★具名 海外電子通信主管蒲得宇）,外資,貿聯-KY(3665),電子零組件－線束連接器(HPC／AI資料中心),★原文未載評等文字（持續看好）,★原文未載目標價,★本場次產業論述最完整但無數字的一筆；論點=貿聯是AI基礎設施關鍵供應商 產品布局擴大 涵蓋高速銅纜 電力傳輸 光通訊 以及未來可能切入的機構件；三項成長動能=(1)★主動式電纜AEC受惠於SpaceX在2027、2028年大規模建置 以及亞馬遜AWS T4在scale-up架構仍將採用銅纜 跨機櫃連接則會採用NPO (2)★電力產品方面 輝達800V VDC預計第四季至2027年導入 更廣泛在Rubin Ultra平台採用 (3)光通訊方面 輝達CPO／NPO量產符合預期 帶來成長機會；★另指Interplex的收購案預計下半年完成 廣發預期交易完成將對貿聯獲利有正面挹注；★同一位分析師蒲得宇08/24才對輝達(美股)將目標價上調至345美元 ★其台股與美股觀點同源於Vera Rubin產品週期 可並讀；風險=★無目標價就沒有風險報酬比 持續看好無法轉換成可操作的進出場依據 ★三項動能的確定性差異極大=AEC依賴SpaceX 2027-2028建置(時程最遠 最不確定) 800V VDC是Q4起導入(最近 可驗證) CPO／NPO量產符合預期(無數字) 原文未拆解三者對營收的貢獻權重 未提供客戶名單 專案代號或訂單能見度佐證 ★Interplex收購案預計下半年完成為條件式事件 未提供交易金額 未提供預計挹注的營收與獲利金額 未討論商譽 整合成本或股本稀釋 ★資安事件未被納入論述 ★本則為新聞轉述非報告原文 未載報告出具日期；已併入個股摘要 260825_摩根士丹利等四家_貿聯-KY3665.docx 不另建檔；來源ctee 20260825700215 + ctee 20260824700057
2026-08-25,美銀證券（★具名）,外資,貿聯-KY(3665),電子零組件－線束連接器(HPC／AI資料中心),★原文未載評等文字（持續力挺）,★原文未載目標價,★本場次資訊層級最低的一筆 原文僅載持續力挺四字 零論述 零數字 零風險揭露；★收錄理由=具名外資×主流媒體 且與同篇其他三家方向一致 具有家數上的參考價值 但不宜單獨作為進出場依據；★對照=美銀08/24才對ABF三雄(欣興1400 南電1700 景碩1250)全面表態 該批同樣未載前值與目標本益比 ★美銀近期在本系統的紀錄一致呈現有評等有數字但無評價方法的型態；風險=★除持續力挺四字外零資訊 無評等文字 無目標價 無EPS預估 無風險揭露 ★資安事件未被納入論述 ★建議下一場次查證美銀對貿聯的實際目標價數字與評等 ★本則為新聞轉述非報告原文；已併入個股摘要 260825_摩根士丹利等四家_貿聯-KY3665.docx 不另建檔；來源ctee 20260825700215
2026-08-25,中信投顧（★具名）,內資,上銀(2049),傳動元件／機器人,買進（維持）,★原文未載目標價,★本場次唯一內資具名評等；觸發事件=2026台北國際自動化工業展落幕 聚焦AI 機器人與智慧製造 AI應用由雲端與單點辨識延伸至實際製造流程 結合邊緣AI AI視覺 3D感測 Agentic AI等；★產業結構論點(本則核心)=隨機器人與智慧製造功能複雜度提高 自動化廠商正由線性滑軌 滾珠螺桿 減速機 馬達 驅動器與控制器等單一零組件供應 延伸至致動模組 機械手臂 AMR 中控系統及整體解決方案 藉由整合硬體與控制軟體縮短客戶導入與驗證時間 ★換言之本論點的核心是零組件商向系統整合商升級的價值鏈上移 而非單純的景氣循環；上銀個別=★憑藉精密傳動 馬達及驅控系統的垂直整合能力 持續切入人形機器人 半導體與CPO等高附加價值應用 隨新應用逐步放量挹注中長期成長動能 維持買進投資評等；★金控旗下投顧研究機構(泛稱)另指=工具機產業回溫預估將延續第四季 螺桿與線軌等產品能見度提升 帶動產能利用率及毛利率向上 ★估計機器人今年營收占比將成長至雙位數；★與既有紀錄交叉印證=瑞銀證券08/24買進484元 亮點為CPO設備零組件與半導體後段設備(FAU封裝與CPO測試機台 近期已開始出貨) 與中信投顧的人形機器人／半導體／CPO三大方向完全一致 ★一外一內同週表態且論點互相印證 是本檔目前最有力的支撐；另FactSet共識20260820為440元(表列現價349 隱含+26.07%)；風險=★有評等無目標價是本筆的訊號強度上限 沒有目標價就沒有風險報酬比 ★原文未載前次評等日 未載目標本益比 未載評價年度 未載EPS預估 ★全篇正文除股號與年份外沒有任何阿拉伯數字 是本系統近期收錄過量化程度最低的具名評等之一 ★機器人今年營收占比成長至雙位數是本則唯一量化預估 但出自泛稱的金控旗下投顧研究機構而非中信投顧本身 且未提供基期與絕對金額 ★人形機器人的階段性風險=瑞銀同一週報告自載人形機器人專案大多仍處於原型機與送樣階段 且CPO設備占整體產品組合比重仍低 兩家共同看好的兩條主線都還沒進入有意義的營收貢獻階段 中信投顧原文完全沒有揭露這一點 風險揭露程度低於瑞銀 ★工具機回溫預估將延續第四季為條件式敘述 未提供在手訂單金額 訂單出貨比或客戶結構佐證 ★上銀2026/08/24收盤價本場次所有來源均未提供 隱含空間無法回算 列為下一場次補件 ★大盤環境逆風=08/24台股失守45K 5日線與季線 成交量6562億元創4月8日以來最低 量縮市況下強勢股難走出波段連續性漲勢(凱基投顧同日觀點) ★本則為新聞轉述非報告原文 未載分析師姓名與報告出具日期；已做個股摘要 260825_中信投顧_上銀2049.docx；來源ctee 20260825700281 + money udn 9711421 + 9711094 + cnyes archive board ratediff
2026-08-25,FactSet（共識彙總 非個別券商）,彙總,技嘉(2376)／臻鼎-KY(4958)／矽力*-KY(6415)／仁寶(2324)／世芯-KY(3661)／長榮(2603)／文曄(3036)／群聯(8299),市場－共識目標價,見內文,見內文,★本場次重大發現=鉅亨網外資評等表(archive?gt=qfii&gp=rate入口)在連續四個場次判定為零新增之後 本場次一次補進20260822與20260824兩個評等日共8筆 ★這推翻了先前共識表零新增的判讀 實際情況是這兩個評等日延後數日才補登進表 ★方法論修正=共識表未推進不等於當日無新資料 可能只是尚未補登 日後每個場次都應往回檢查至少三個評等日；20260824共4筆=★技嘉2376 新評等買進 舊目標價444 新目標價487 表列現價341 隱含+42.82%(本系統回算) ★調升9.68% 08/18該檔為超越市場444 為本批唯一有評等文字且有前值者 ★臻鼎-KY4958 目標價685 現價435.5 隱含+57.29% ★本系統首度收錄該檔共識 ★矽力*-KY6415 目標價630 現價450 隱含+40.00% ★本系統首度收錄該檔共識 ★仁寶2324 目標價40 現價41.6 隱含-3.85% ★共識已被股價完全走完 ★且與本系統自08/20起懸置的仁寶55元(出自未具名本土大型券商)差距達37.5%(本系統回算) 該55元的可信度應重新評估；20260822共4筆=★世芯-KY3661 目標價6000 現價3735 隱含+60.64% ★共識6000低於既有具名外資花旗環球/摩根大通/瑞銀的6600至6800區間 長榮2603 目標價237.5 現價250.5 隱含-5.19% (共識由08/18的234.5微升至237.5 仍低於股價 負乖離持續) 文曄3036 目標價320 現價200.5 隱含+59.60% ★目標價未動(08/20已為320) 純現價更新 屬重述不計為新增 群聯8299 目標價2750 現價2135 隱含+28.81% ★目標價未動(08/21已為2750) 屬重述不計為新增；★兩入口不一致達本系統紀錄最大=archive入口最新評等日已到20260824且20260821該日列8檔 而預設入口twstock/board/ratediff.aspx仍停在20260821且該日僅列2檔 ★同一評等日的表列現價亦不同(健鼎20260821 archive 450 vs 預設485.5；健策20260820 archive 5155 vs 預設5600；貿聯20260820 archive 2050 vs 預設2250) ★結論=archive入口列第一順位 預設入口不僅落後且資料不完整 不宜作為佐證；風險=★券商欄一律標示Factset 為多家券商彙總值而非個別外資名稱 不宜當作單一券商觀點使用 ★無分析師 無報告日 無目標本益比 無EPS預估 無法回算 ★共識具有追著股價跑的傾向 仁寶與長榮兩筆共識目標價均已低於現價即為例證；不另建個股摘要；來源cnyes archive board ratediff gt=qfii gp=rate + cnyes archive board ratediff gt=qfii gp=diff + cnyes twstock board ratediff
2026-08-25,中國信託證券（★具名 但無評等無目標價）,內資,世芯-KY(3661),半導體－ASIC設計服務,★原文未載評等,★原文未載目標價,★有券商名有財測但無評等亦無目標價 依規則不另建個股摘要；出處=工商時報08/25 03:00記者鄭郁平 ★權證專版(附制式免責聲明 資訊層級應打折看待) 副標具名中國信託證券 但正文僅稱法人與本國投顧；論點=受惠北美大客戶3奈米N3 AI加速器專案動能強勁挹注 業績持續增溫 隨N3 AI加速器持續放量 今年Q3營收與獲利可望再創新高 Q4持續成長可期 ★且2027年N3專案出貨量及營收貢獻有望再上修；兩大利多=(1)北美大客戶新世代產品N3量產和下一代設計合作 預計自今年Q2起營收開始顯著躍升 (2)車用業務ADAS方面 預計今年成為第二大營收貢獻；★關鍵數字=法人預估世芯-KY今年每股稅後純益132.59元(★原文未載前值 無從判斷是上修 下修或首次給出 亦未載2027年預估)；★另已在爭取另一家雲端服務廠CSP客戶訂單；★與既有紀錄對照=本系統既有世芯紀錄為花旗環球/摩根大通/瑞銀6600至6800元(08/17至08/18 分析師蘇厚合 Q3營收估季增304%至309億元 Q4再季增23%至380億元 2026-2028年EPS估159.82/221.11/276.82元) ★本次EPS 132.59元明顯低於瑞銀的2026年159.82元 差距達17.0%(本系統回算) 兩者未被調和 ★另FactSet共識20260822為6000元(現價3735 隱含+60.64%)；★若以132.59元對08/22現價3735元回推 本益比約28.2倍(本系統回算 非原文所載)；風險=★無評等無目標價 無法計算風險報酬比 ★出自權證專版非正式賣方研究報告 ★EPS 132.59元與既有外資預估落差大 原文未說明差異來源 ★兩大利多皆未提供客戶名單 專案代號或訂單能見度佐證 ★爭取另一家CSP客戶為進行式非已確認事件 ★世芯-KY區間下緣4640元出自哪一家(自08/19起)仍未結案 ★本則為新聞轉述非報告原文；來源ctee 20260825700287 + ctee 20260818700079 + cnyes archive board ratediff
2026-08-25,－(近24小時無新券商觀點),－,萬潤(6187),半導體－封裝自動化設備(自選股),無新評等,無新目標價,自選股本場次追蹤紀錄；★經多來源交叉查核確認2026/08/24 19:10至2026/08/25 08:10無任何新券商報告評等或目標價見報；查核來源=工商時報首頁(更新至08/25 06:55)與即時證券列表(已推進至08/25 03:00日報全稿 逐則檢視19則證券稿無萬潤) 鉅亨網外資評等表兩個入口(★archive入口最新評等日已推進至20260824 該日4檔為技嘉2376 臻鼎-KY4958 矽力*-KY6415 仁寶2324 無萬潤；20260822該日4檔為長榮 文曄 世芯 群聯 亦無萬潤；預設入口仍停20260821) 經濟日報money.udn即時總覽(推進至08/25 07:08) 證券頻道cate/5590(推進至08/25 06:39) 文章頁通知列(推進至08/25 08:15 已超過窗口右界) WebSearch八組專搜(僅回傳Goodinfo PChome FinLab等行情站與舊稿)；★本場次最重要補件=首度取得萬潤基準收盤價 ★萬潤2026/08/24收1205.00元(+10.00 +0.84%) 昨收1195.00 開1185.00 高1220.00 低1165.00 均價1199.47 成交1487張 成交額17.84億元 振幅4.60% 週轉率1.51% 本益比61.49 市值1183.23億元 近四季EPS 19.60 當季EPS 3.37 52週高1490.00 52週低307.50(來源=鉅亨網個股總覽頁cnyes.com/twstock/6187)；★據此回算既有目標價隱含空間(純機械式計算 共識與券商目標價本身完全未動 不可解讀為券商新看法 本系統回算)=瑞銀1700元+41.08% 高盛1800元+49.38% 瑞銀1550元+28.63% 高盛1550元+28.63% 美銀1500元+24.48%；★注意=1205元較52週高1490元回檔19.13%(本系統回算) 且距瑞銀報告日08/18的評價基礎已有時間差 建議下一場次起固定記錄基準收盤價；既有紀錄維持不變=瑞銀證券1700元(2026/08/18報告 ★已於08/24盤後場次完成兩個獨立二級來源交叉驗證結案 評價基礎27倍2027-2028平均預估本益比 前次25倍 歷史平均19.1倍 +1標準差26.5倍) 瑞銀證券1550元(2026/07/27首評) 高盛證券買進1550元(2026/07/09至07/10 ★由1650元下調) 美銀證券初評買進1500元(2026/07/15至07/27) 高盛證券1800元(2026/04/22至04/23) 富邦證券看多800元 大摩1280→1580(2026/05/31) 摩根大通1450；★瑞銀報告自載的反方因素仍未解除=瑞銀自己預估Q4營收季減15% 毛利率由54.8%降至53.0%(Q3則估季增29%)；基本面不變=7月營收10.55億元月增4.17%年增73.44% 1-7月累計48.21億元年增42.72% Q2營收23.55億元季增67%年增55% 毛利率54.8% EPS 8.50元；★一條被擋的路徑(本場次新發現)=鉅亨個股外資評等頁cnyes.com/twstock/foreignrating.aspx?code=6187 在子代理環境下會因provenance限制被擋 需由主流程取得該網址才能抓 已改由個股總覽頁cnyes.com/twstock/6187取得數據；來源cnyes archive board ratediff + cnyes twstock board ratediff + cnyes twstock 6187 + ctee 首頁 + ctee livenews stock + money udn rank newest + money udn cate 5590 + WebSearch
2026-08-25,－(法人／供應鏈 無評等或無目標價),－,萬海(2615)裕民(2606)／川湖(2059)／新代(7750)／晶技(3042)南亞科(2408)／譜瑞-KY(4966)祥碩(5269)／個股行情短評／大盤評論,市場－產業與個股背景,無評等或無目標價,無,本場次背景紀錄 七則合併 均無可操作的評等與目標價組合 不另建摘要；(1)★萬海2615／裕民2606(工商時報08/25 03:00記者鄭郁平 權證專版)=萬海7月營收186.4億元月增15.3%年增50.13% 自結稅後純益60.84億元 EPS 2.17元 ★本國投顧(未具名)預估萬海Q3稅後純益166億元 單季EPS 5.93元 今年稅後純益478億元 EPS 17.04元 9月再接收1艘8700TEU新造貨櫃船；裕民=BCI指數21日勁揚2.78% Q2漲勢明顯Q3高檔震盪 西非Simandou鐵礦產能陸續開出 長距航程比重增加促使去化運力 巴拿馬型受Q4北美穀物出口旺季與冬季用電煤炭需求支撐 ★若巴拿馬運河枯水期通行艘數限縮 巴拿馬型散裝船恐繞道有望推升運價；★兩檔皆無評等無目標價 券商未具名 → ★萬海個別賣方目標價缺口(自08/20起)仍未關閉 陽明2609亦同；(2)★川湖2059(工商時報08/25 03:00記者呂淑美)=統一投顧董事長黎方國與萬寶投顧董事長朱成志(★皆具名)認為從獲利成長性看川湖股價勢必超過信驊；★行情=川湖08/24盤中漲停14720元 終場+7.66%收14410元 信驊盤中一度跌破半年線15080元 終場-1.53%收15115元 線型成空頭排列 價差縮至705元；獲利對照=信驊2024年EPS 68.04元 川湖64.59元；2025年川湖103.23元 信驊103.92元打成平手；★2026上半年川湖EPS 110.96元 信驊78.28元 差距拉大 ★川湖Q2 EPS 74.38元 7月自結EPS 50.24元 朱成志估Q3可能達150元 ★全年EPS上看400元 Q1毛利率77.7% Q2毛利率87.4%；★兩位皆未給目標價 經濟日報同日9711766另載法人圈給予的目標價信驊仍明顯高於川湖但完全未給數字 ★川湖15500元出自哪一家(自08/16起)仍未結案 且股價已達14410元 距該目標價僅剩+7.56%(本系統回算) 時效性告急；(3)新代7750(工商時報08/25 03:00記者陳昱光 權證專版)=法人預估今年中國工具機控制器市占率自前年25%提升至30%以上 Q3與Q4營收具上修空間 受惠中國十五五規劃帶動國產化 同業交期仍長轉單效應持續 中國7月高科技製造業PMI 53.3 裝備製造PMI 51.4 ★預估今年與2027年EPS分別91.8元與122.4元 年增157%與33%；★券商名稱完全未揭露 無評等無目標價；(4)晶技3042／南亞科2408(工商時報08/25 03:00記者陳昱光)=晶技Q3進入美系消費性電子客戶新機備貨旺季 800G與1.6T光收發模組用高頻震盪器持續放量 ★預估今年營收年成長15%以上 EPS超越7元；南亞科=Q2 DRAM平均售價季增逾6成 毛利率攀升至79.5% EPS 14.66元 7月營收438.67億元月增49.27%年增719.61%創歷史新高 客戶簽訂超過兩到三年長約 ★法人評估記憶體產業循環特性有望明顯淡化 朝高獲利低週期性發展 產業價值可望迎來重新評估；★皆無券商名 無評等 無目標價；(5)譜瑞-KY4966／祥碩5269(工商時報08/25 03:00記者李娟萍)=AI Server用PCIe／CXL Retimer單顆ASP約15至40美元 PCIe Gen6高Lane數產品可達40美元以上 Linear Redriver約3至5美元 譜瑞產品橫跨PCIe Retimer與Linear Redriver 112G／224G Ethernet Linear Redriver 及USB4 v2／Thunderbolt 5 Redriver 祥碩布局PCIe Switch及USB4 Controller 海外對照=Astera Labs Credo Rambus；★全篇法人未具名 無評等無目標價；(6)個股行情短評(工商時報08/25 03:00 皆無券商名與目標價)=仁寶2324傳奪Google TPU大單 24日收41.6元 非PC營收占比目標40% Q3伺服器營收估季增高雙位數 PC出貨平穩但ASP提高；環球晶6488收1010元(+69元 +7.33%) 站穩千元 法人估矽晶圓最快今年下半年恢復供需平衡 2027年Q2開始浮現供給缺口 環球晶稱Q4現貨價仍有進一步調升空間；美食-KY2723收77.5元(+5.87%) 成交1877張 三大法人買超396張 美國市場Q2占合併營收58% 台灣連七季成長占比20%；高力8996收1145元(+55元) 成交3227張 Q2 EPS 2.16元 自6月底1680元歷史新高急跌至774元後反彈 ★外資連15賣投信連15買土洋對作；大立光3008重返5000元(凱基期貨提供 陳彩玲) 完成FA→MLA→FAU一條龍布局 在輝達光通訊供應鏈角色升級為直接供應商；智邦2345(經濟日報9711379)=通篇法人 外資 另一家外資 更有外資 全部未具名 無目標價 7月營收394.7億元；(7)大盤與總經評論(★皆具名但屬指數層級 無個股評等與目標價)=萬寶投顧朱成志(美英法日長債殖利率同破20年新高 恐引發金融風暴骨牌效應 亞股回檔壓力加大 記憶體族群受韓國三星與SK海力士拋售影響轉弱) 群益投顧研究部副總裁曾炎裕(美股科技疲弱＋美伊摩擦＋美國債務危機與殖利率攀升 大型權值股獲利了結 須留意量能續降) 凱基投顧(技術面已面臨短線轉弱的轉折邊緣 下檔關注前波低點44308點 量縮市況下強勢股難走出波段連續性漲勢 建議回檔守穩短均再逢低承接) 兆豐投顧董事長留政鈺(5日均量8921億元與10日均量9343億元死亡交叉 10日線45327點為反壓 月線穩定走揚 建議選股不選市 選8月營收創高及Q3展望佳者) 台新投顧總經理黃文清(輝達漲價有利供應鏈 指數有望挑戰45000至48000點) 第一金投顧董事長黃詣庭(聚焦輝達財報與Jackson Hole二大事件 若雙雙偏多有望向46000點挺進) 永豐投顧總經理黃柏棠(輝達財報五大觀察=Q2營收是否站上920億美元 Rubin出貨時程與CoWoS／HBM4需求 毛利率能否守住75% 5000億美元融資計畫進展 AI需求是否持續強勁)；風險=七則全數不構成可操作訊號；來源ctee 20260825700278 + 20260825700050 + 20260825700290 + 20260825700284 + 20260825700165 + 20260825700232 + 20260825700234 + 20260825700250 + 20260825700252 + 20260825700275 + 20260825700208 + 20260825700211 + 20260825700221 + 20260825700093 + 20260825700262 + money udn 9711766 + 9711379 + 9711420
2026-08-25,外資（★原文未具名）,外資,創意(3443),半導體－ASIC設計服務,★原文未載評等,6388(★原文未載前值),★本場次兩筆ASIC調升之一；論點=Google自研CPU與AI ASIC需求擴大 Google CPU預料為創意2026至2028年最大客戶 ★2026年Axion2出貨因產能限制由150萬至200萬顆下修至120萬至130萬顆 以單顆ASP約700美元計2026年Google CPU貢獻約9至10億美元營收 ★2027年動能明顯轉強=部分Axion2訂單遞延回補＋Axion3放量 Google CPU營收估接近28億美元(Axion2約300萬顆 Axion3約50萬顆) ★Axion3的3奈米compute die由一顆增至兩顆 ASP估較Axion2翻倍；微軟Maia 200與Cobalt 200專案2027年需求估成長逾一倍 營收貢獻至少2.5億美元 ★供應鏈調查顯示可能取得Meta MTIA 600(2027上半年tape-out) 2027年取得更多台積電3奈米產能 ★2028年有機會參與Google TPU v10的3D IC設計服務；評價=原文載目前股價約為2028年預估EPS的25倍；風險=★券商未具名 未載評等 未載前值與目標倍數 6388元無法回算 ★Axion2出貨下修13%至35%(本系統回算)顯示產能限制是現實約束 2027年28億美元躍升依賴訂單遞延回補與Axion3放量兩假設疊加 ★Meta MTIA 600為可能取得且出自供應鏈調查非公司證實 ★未提供基準收盤價 隱含空間無法回算 ★本則為新聞轉述非報告原文；對照=朝金控旗下投顧8000元(08/18) FactSet共識5699(20260708) 6388落在其間；已做個股摘要 260825_外資未具名_創意3443.docx；來源ctee 20260825701064
2026-08-25,美系外資（★未具名 ★序列同08/14加碼5088者 ★疑摩根士丹利 待查證）,外資,世芯-KY(3661),半導體－ASIC設計服務,★本篇未載評等文字（08/14同序列為加碼）,5888(前值5088 +15.72% 本系統回算),★本場次調幅最大者；★核心上調理由=Amazon Trainium4 管理層法說會稱其TAM可能與Google TPU相當 外資估2028年Trainium4出貨至少250萬顆 世芯取得約30% turnkey訂單 ★以不含HBM單顆ASP約1萬美元計2028年Trainium4營收貢獻上看80億美元 較原估40億美元翻倍 為下一波主要成長引擎；Trainium3=訂單配置假設略下修 2026/2027年營收預估調整至18億/28億美元 ★但因出貨規模大獲台積電較佳供應支援 毛利率由低至中段雙位數上調至接近高雙位數 獲利能力優於原先預期；Google逐步採COT模式 TPU v10設計模組增加有利設計服務業者切入 ★5888元亦納入未來取得第二家CSP客戶的潛在機會；評價=原文載目前股價約為2028年預估EPS的10倍；風險=★80億美元假設鏈=TAM相當×250萬顆×30%份額×ASP1萬美元 四變數全為2028年遠期預估 且TAM說法源自公司法說會非外資獨立驗證 ★Trainium3近期實際配置向下修 上調集中在遠期 ★第二家CSP為潛在機會而非已確認事件已被計入目標價 ★未提供基準收盤價 ★本則為新聞轉述非報告原文；對照=花旗環球/摩根大通/瑞銀6600至6800元(08/17-08/18)仍高於本筆12至15% FactSet共識6000(20260822 現價3735 隱含+60.64%) 中國信託EPS 132.59元(08/25早盤)低於瑞銀159.82元17% ★世芯區間下緣4640元出自哪家(自08/19起)仍未結案；已做個股摘要 260825_美系外資_世芯-KY3661.docx；來源ctee 20260825700808
2026-08-25,美系外資（★未具名 ★非大摩之另一家 ★補收錄）,外資,貿聯-KY(3665),電子零組件－線束連接器(HPC／AI資料中心),買入（重申）,3088(前值3230 ★下修4.40% 本系統回算),★本系統8月中旬以來首見目標價下修紀錄 打破近多個場次零下修串(注意=報告日為08/24非本日)；★收錄性質=補收錄 原稿工商時報08/24 16:41即時稿(記者張漢綺) 落在08/24盤後場次窗口內 該場次因ctee列表快取落後未覆蓋 本場次由ctee關鍵字搜尋頁補回；論點=看好貿聯半導體設備與AI相關業務 ★2026至2028年EPS微幅調高2%至4% ★但目標價由3230下修至3088 ★EPS上修＋目標價下修=主動壓低評價倍數 為四家中唯一估值警訊 立場相對保守；★同稿補齊既有紀錄兩項(不另計新增)=瑞銀3617元之前值為3430(+5.45% 2026-2028年獲利上調5%至7% 維持買進) 摩根士丹利3665元之評等文字為建議加碼(維持)；★四家序列=大摩3665/瑞銀3617/美系3088/日系3065 高低差19.6%(本系統回算) 以08/24跌停價2050元計隱含空間+78.8%/+76.4%/+50.6%/+49.5%；風險=★券商未具名 未載分析師與報告日期 ★08/24資安事件未被涵蓋(報告出具於事件前) ★最看多的大摩未載前值而最保守的美系逆勢下修 多空分歧大於08/25早盤稿呈現 本稿為重要平衡資訊 ★貿聯08/25收盤價本場次未取得 列為下場次補件 ★本則為新聞轉述非報告原文；已做個股摘要 260825_美系與日系外資_貿聯-KY3665_補收錄.docx(合併兩家)；來源ctee 20260824700712
2026-08-25,日系外資（★未具名 ★補收錄）,外資,貿聯-KY(3665),電子零組件－線束連接器(HPC／AI資料中心),買進（維持）,3065(前值3053 +0.39% 本系統回算),★與美系3088同稿補收錄(工商時報08/24 記者張漢綺)；論點=2026至2028年EPS預估上調1%至5% 目標價由3053微幅調升至3065 維持買進；★本筆為四家外資中目標價最低者 與最高的大摩3665差19.6%(本系統回算)；風險=★券商未具名 未載分析師與報告日期 未載目標本益比與評價年度 ★微調+0.39%的訊號強度有限 ★資安事件未被涵蓋 ★本則為新聞轉述非報告原文；已併入個股摘要 260825_美系與日系外資_貿聯-KY3665_補收錄.docx 不另建檔；來源ctee 20260824700712
2026-08-25,－(近24小時無新券商觀點),－,萬潤(6187),半導體－封裝自動化設備(自選股),無新評等,無新目標價,自選股本場次追蹤紀錄；★經交叉查核確認2026/08/25 08:10至19:10無任何新券商報告評等或目標價見報；查核來源=ctee關鍵字搜尋頁(新鮮 即時側欄至14:02 兩筆08/25 ASIC調升稿均在列 無萬潤) cnyes archive外資評等表(最新評等日仍停20260824 無萬潤) cnyes個股總覽頁 WebSearch專搜(僅回傳行情站與舊稿 ★CMoney/cmnews AI生成頁維持永久排除)；★行情(本場次補齊)=萬潤08/25收1270.00(+65.00 +5.39%) ★收在當日最高 開1190 高1270 低1165 昨收1205 振幅8.71% 成交2179張(季均量2619張之83%) 成交額26.62億元 週轉率2.22% 本益比64.80 市值1247.06億元；★以1270元回算既有目標價隱含空間(純機械式回算 券商目標價未動)=瑞銀1700元+33.86% 高盛1800元+41.73% 瑞銀/高盛1550元+22.05% 美銀1500元+18.11%；距52週高1490元回檔14.77%(本系統回算)；★瑞銀報告自載反方因素仍未解除=瑞銀自估Q4營收季減15% 毛利率由54.8%降至53.0%；既有紀錄維持不變=瑞銀1700(08/18 27倍2027-2028平均預估本益比 已交叉驗證結案) 高盛買進1550(07/10) 美銀初評買進1500(07/27) 高盛1800(04/23) 大摩1280→1580(05/31) 摩根大通1450 富邦證券800；基本面不變=7月營收10.55億元月增4.17%年增73.44% Q2 EPS 8.50元；無新增摘要檔；來源cnyes twstock 6187 + ctee search + cnyes archive board ratediff + WebSearch
2026-08-26,廣發證券（★具名 海外電子通信主管蒲得宇）,外資,聯電(2303),半導體－晶圓代工(成熟製程/PIC光子晶片),★原文未載評等（調高推測合理股價）,160(★原文未載前值),★本場次唯一外資具名調價；論點=聯電高毛利PIC（光子晶片）/TFLN業務將加速成長 由Hyperlight與TeraHop帶動 ★Hyperlight「可能」已在Google取得重大進展 ★PIC晶圓出貨量預估2027Q4達每月2萬片 2028Q4達每月4萬片 且毛利率顯著高於公司平均 ★報價上漲+PIC需求+毛利率展望改善 能見度已延伸至2027年下半年 8月以來股價橫盤消化多頭擁擠部位；隱含空間+28.00%(基準價125元為08/25收盤 本系統回算)；★與既有紀錄對照=08/24兩家美系外資甫表態(美系A加碼維持138 美系B買進88→125 +42.05%) ★廣發160為三家最高 兩日內區間125至160跨度28%(本系統回算) 三份報告論點不同=美系B靠稼動率毛利率模型上修 廣發靠PIC新業務重估 ★美系B的125元目標價已被08/25收盤價125元走完 160元是目前唯一留有空間者；風險=★原文未載評等文字與前值 未載目標本益比與評價年度 160元無法回算 ★PIC出貨量為2027-2028遠期預估 無客戶名單與訂單佐證 Google進展原文用「可能」非已確認 ★可轉債聯電二轉換價130.7元(8/26開標9/3掛牌)股價已越過 潛在稀釋未被處理 ★成熟製程需求疑慮只是被PIC與資本支出重新詮釋並未消失 ★本則為新聞轉述非報告原文；已做個股摘要 260826_廣發證券_聯電2303.docx；來源ctee 20260826700206
2026-08-26,本國投顧（★原文未具名）,內資,華邦電(2344),半導體－記憶體(NOR Flash/SLC NAND/DRAM),買進（維持）,218(★上調 原文未載前值),★本場次唯一內資評等+目標價(工商時報權證專版 副標永豐金證券 記者陳彩玲)；論點=Q2記憶體毛利率升至70.3% EPS約5.40元符合預期 ★ECB已完全轉換 股本由450億元升至472億元 ★看好Q3記憶體價格漲幅約30至50% 其中DRAM漲勢最佳 維持買進 目標價上調至218元；★同稿另一本國投顧(無評等無目標價 併入本筆)=AI基建為記憶體上升週期提供長期動能 大廠退出2D NAND 華邦電受惠SLC NAND缺口紅利 ★5成產能已簽長約 ★CUBE及Si-Cap有望帶動2027年後新一輪成長 ★上修2027年營收預估至5929.6億元；★與既有紀錄對照=華邦電為本系統分歧最大個股之一 既有區間204至360元(摩根大通360 官股投顧350 大摩288 本土大咖285 FactSet 238/236 本土老牌204 中國信託買進無TP) ★218元落在區間下緣 高於最低204僅6.9%(本系統回算)；風險=★券商未具名 出自權證專版附制式免責聲明 資訊層級應打折 ★未載前值 未載EPS預估與評價方法 218元無法回算 ★Q3漲價30至50%為預期非已實現 ★ECB轉換股本增4.9% EPS被動稀釋 ★2027年營收5929.6億元上修未附毛利率與EPS路徑 ★華邦電基準收盤價連續三場次未取得 隱含空間無法回算(仍列待補) ★記憶體漲價對下游PC/NB為成本逆風(08/24既有紀錄) ★本則為新聞轉述非報告原文；已做個股摘要 260826_本國投顧_華邦電2344.docx；來源ctee 20260826700286
2026-08-26,摩根士丹利（★具名 大中華區半導體主管詹家鴻）,外資,創意(3443),半導體－ASIC設計服務,優於大盤,6288(★上調 原文未載前值),★大摩「亞太科技產業」報告三檔齊表態之主檔；論點=TPU v10複雜度提高 聯發科打造v10晶片時有空間讓多家設計服務供應商負責不同區塊(blocks) 創意有信心參與Google TPU專案設計服務 ★看好2027年取得更好的台積電3奈米產能配置 並在Meta/Microsoft專案有所斬獲 已宣布發行CB擴大業務規模；★補收錄同源細節(money.udn 08/25 09:27 美系大行)=★上修2026-2028年EPS至49.97/138/210元 ★以2027年45倍PE評價 認為創意值得re-rate(45×138=6210 接近6288 本系統回算)；★與08/25工商時報外資6388元對照=兩數僅差1.6% 但評價語不同(工商時報版稱目前股價約為2028年預估EPS的25倍 大摩為45x2027PE) ★可能是兩份不同報告 或同報告被兩媒體引用不同段落 ★未查證前兩筆並存 引用時必須標明出處 列新增查證項目；投顧法人(未具名 08/25 13:21補收錄)=明年Google CPU投片量約13至15萬片 xAI ASIC明年量產 已提前向台積電預定先進製程產能 明年營收獲利可望倍數成長；風險=★45倍2027年PE屬高評價倍數 EPS 138元若下修目標價彈性極大 ★CB發行有稀釋效應原文未量化 ★未載前值 ★本則為新聞轉述非報告原文；已做個股摘要 260826_摩根士丹利_創意3443.docx(內併聯發科/世芯與補收錄)；來源money udn 9714043 + 9712124 + 9712839 + ctee 20260825701064
2026-08-26,摩根士丹利（★具名）,外資,聯發科(2454),半導體－ASIC設計服務(TPU主要協調者),優於大盤,★原文未載目標價,★大摩三檔之一 有評等無目標價；論點=聯發科仍是TPU v10的主要協調者 隨v10複雜度提高改由多家分工不同區塊 ★美系大行(研判同源 08/25 09:27補收錄)估2027/2028年ASIC營收不變 2029年v9 400萬顆+v10 100萬顆 ★「推升聯發科TPU營收達700億美元」(★數字明顯與量級不符 疑為70億美元或新台幣口徑誤植 標記待確認 未查證前不可引用)；投顧法人(未具名 08/25 13:21補收錄)=AI ASIC強勁需求延續至2027整年 下一代ASIC規模與定價皆高於首專案 ★資料中心ASIC營收上修至貢獻超過新台幣3800億元 營收占比將超過三成 維持買進；風險=★大摩未載目標價 無風險報酬比 ★AMD傳切入Google TPU的競爭風險(08/20背景紀錄)未被處理 ★既有紀錄花旗6800元(08/21)評價細節仍待查 ★本則為新聞轉述非報告原文；併入創意摘要 不另建檔；來源money udn 9714043 + 9712124 + 9712839
2026-08-26,摩根士丹利（★具名 ★查證結案 非新增觀點）,外資,世芯-KY(3661),半導體－ASIC設計服務,優於大盤,5888(前值5088 +15.72%),★查證結案=08/25早盤補收錄之「美系外資5088→5888(疑摩根士丹利)」本場次由經濟日報大摩報告稿正式確認券商=摩根士丹利 並補得評等文字=優於大盤 本筆為既有紀錄補件 不計入新增筆數；新增細節=★大摩預估世芯2028年EPS將年增60% Trainium4 2028年營收貢獻上看80億美元(30% turnkey×250萬顆×ASP約1萬美元 既有紀錄)；投顧法人(未具名 08/25 13:21補收錄)=世芯為大型CSP 2奈米AI ASIC主要合作夥伴 ★首批量產估2027Q4 3奈米AI ASIC生命週期延續至2027Q3 有效銜接營收 維持買進；對照=大摩5888仍低於花旗環球/摩根大通/瑞銀6600至6800約12至15% FactSet共識6000(20260822 現價3735 隱含+60.64%) 中國信託EPS 132.59元(08/25)與瑞銀159.82元分歧仍未調和；不另建摘要(併入創意摘要)；來源money udn 9714043 + 9712839 + ctee 20260825700808
2026-08-26,投顧法人（★未具名 ★補收錄）,內資,新代(7750),工具機控制器/機器人,★原文未載評等,★調升目標價（新數字原文未載 待確認）,★補收錄=原稿money.udn 08/25 13:23(記者盧宏奇) 落在08/25盤後場次窗口 該場次money.udn快取失效未覆蓋 本場次補回；★調升目標價但全文未載新目標價數字 訊號僅止於方向；論點=中國市占率由2024年20%升至2026年25%(日系對手供貨不順趁勢擴大市占) ★上半年金屬切削控制器出貨套數+70% 部分高階產品+95% 高階設備逾九成採包套方案帶動單套價值+20% ★聯達機械手臂上半年出貨約1200台已追平去年全年 機器人與SynFactory雲端業務以翻倍成長為目標 ★蘇州二廠年底搬遷(產能2倍) 馬來西亞廠2027Q1完工(+60%) 2027Q2起集團總產能2.6倍 原蘇州一廠轉機器人/AI產品並拓展印度；★與既有紀錄對照=08/25早盤背景紀錄之法人預估今年/2027年EPS 91.8/122.4元(年增157%/33%) ★新代08/24法說會 08/25強攻漲停(千金股)；風險=★未具名未載數字 ★中國十五五國產化為政策驅動 有政策反轉風險 ★新目標價數字列新增查證項目；無摘要(數字未載)；來源money udn 9712854
2026-08-26,－(近24小時無新券商觀點),－,萬潤(6187),半導體－封裝自動化設備(自選股),無新評等,無新目標價,自選股本場次追蹤紀錄；★經交叉查核確認2026/08/25 19:10至2026/08/26 08:10無任何新券商評等或目標價見報；查核來源=工商時報livenews/stock(已推進至08/26 03:00日報全稿 逐則檢視23則證券稿無萬潤) cnyes archive外資評等表(最新評等日仍停20260824 往回三個評等日20260824/22/21皆無萬潤) cnyes個股總覽頁 WebSearch專搜(僅回傳行情站與舊稿)；行情=最新收盤仍為08/25收1270元(+65 +5.39% 收當日最高) 本場次為開盤前無新價；以1270元計隱含空間(純機械式回算 目標價未動)=瑞銀1700元+33.86% 高盛1800元+41.73% 瑞銀/高盛1550元+22.05% 美銀1500元+18.11%；既有紀錄維持不變=瑞銀1700(08/18 27倍2027-2028平均預估本益比 已交叉驗證結案) 高盛買進1550(07/10) 美銀初評買進1500(07/27) 高盛1800(04/23) 大摩1280→1580(05/31) 摩根大通1450 富邦800；★瑞銀報告自載反方因素仍未解除=瑞銀自估Q4營收季減15% 毛利率由54.8%降至53.0%；基本面不變=7月營收10.55億元年增73.44% Q2 EPS 8.50元；來源ctee livenews stock + cnyes archive board ratediff + cnyes twstock 6187 + WebSearch
2026-08-26,－(法人/基金經理人/外資座談 無評等或無目標價),－,富喬(1815)／CPO族群／美利達(9914)／佳世達(2352)／千金股法說／ASIC四大台廠,市場－產業與個股背景,無評等或無目標價,無,本場次背景紀錄 六則合併 均無可操作評等目標價組合 不另建摘要；(1)★富喬1815(工商時報08/26 記者簡威瑟)=大和資本與高盛證券近期均參與富喬法人座談 隨AI趨勢打開新競爭版圖 ★LDK2出貨占比2025年10%→2026H1 20%→Q3/Q4預估40%/50% ★LDK2玻纖布價格約LDK1的2.5倍 LDK1約E-glass的5倍 2027年起大陸廠產能E-glass轉LDK ★兩家外資參與座談但原文無評等無目標價 富喬08/25收109元 ★若後續出具報告值得追蹤；(2)CPO族群(工商時報 記者陳昱光)=輝達財報前押寶買盤湧入 17檔漲逾5% 11檔漲停(全新2455/光聖6442等) 野村基金經理人陳茹婷指CPO能見度高 2028年前後加速導入 建議關注技術門檻高具議價能力的上游 法人指2028年Feynman架構導入Scale up CPO 光連接需求倍數成長 永豐投顧提輝達法說觀察點(VeraRubin是否Q3量產出貨/Vera CPU全年近200億美元能見度) ★皆無評等無目標價；(3)美利達9914(權證專版 副標兆豐證券)=本國投顧預期下半年營運落底回溫 7月營收24.57億元年減1.08%衰退收斂 歐美通路庫存重回健康水位 歐洲最佳(上半年歐洲子公司獲利雙位數成長) 中國集中中低階 美國偏弱 ★無評等無目標價；(4)佳世達2352(權證專版 法人未具名)=全面AI化 下半年BSG/醫療/NCG營收成長較佳 NCG動能來自資料中心與矽光子訂單 ★無評等無目標價；(5)千金股法說(工商時報 記者鄭淑芳)=08/25十檔千金股同日法說(鴻勁7769/台光電2383/創意3443/印能7734/精測6510/弘塑3131/力旺3529/群聯8299/致茂2360/藥華藥6446) 量縮下會前行情勝率僅五成 買超最多創意僅258張；(6)★經濟日報9714004(08/25 22:54)=法人稱AI進入資本紀律時代(大量導入公司債) ASIC為關鍵解方 台積電/聯發科/創意/世芯受惠 ★該文為經濟VIP付費牆 僅見首段 無評等無目標價 列已知覆蓋缺口；風險=六則全數不構成可操作訊號；來源ctee 20260826700206 + 20260826700216 + 20260826700283 + 20260826700280 + 20260826700214 + money udn 9714004
2026-08-26,國內法人（★原文未具名）,內資,華航(2610),航空運輸,買進,26(★原文未載前值),★本場次唯一有評等＋目標價之新觀點（經濟日報08/26 10:58 記者黃淑惠）；論點=獲利低點已過 Q3有望重拾成長動能 評價處歷史區間下緣；Q4客運高票價高載客率＋貨運AI伺服器/半導體貨源強勁 北美線運價每公斤約320至350元 急單現貨較一般運價高逾三成 歐美開學季與年底備貨啟動運價仍有上調空間；7月華航客運營收創歷年單月新高；股價=08/26盤中最高20.95(漲近2.5%) 以20.95回算隱含+24.1%(本系統回算)；同稿長榮航同獲看好(增班釜山 12/1開航德里)但無目標價 星宇/虎航亦看旺皆無評等目標價；★關鍵風險=26元與FactSet共識(20260821)完全相同 不排除記者引用共識而非獨立研究 獨立性存疑 ★券商未具名 未載前值/評價方法/EPS預估 26元無法回算 ★油價為單一最大變數 原文以油價變動趨穩為前提 但同日美伊談判重啟油價重挫逾5% 波動極大 且原文自載四大航空仍面臨高油價亂流 未做敏感度試算 ★本則為新聞轉述非報告原文 未載分析師與報告日期；對照=本土投顧08/24調升至買進23.2元(PBR位階邏輯) 本次26元較其高12.1%(本系統回算)；已做個股摘要 260826_國內法人_華航2610.docx；來源money udn 9714722
2026-08-26,投顧法人（★未具名）,內資,瀚荃(8103),電子零組件－連接器(AI伺服器電源),★原文未載評等,★調升目標價（新數字原文未載 待確認）,★調升2027年獲利預估與目標價但全文未載新目標價數字 訊號僅止於方向（經濟日報08/26 13:36 記者盧宏奇）；論點=AI伺服器電源相關連接器動能強 產品組合朝高附加價值改善帶動毛利率持續走升 評價有望往歷史區間上緣靠攏；量化=Q2伺服器網通營收占比達48% 其中AI電源占約26% 換算年增約123% 伺服器網通今年估成長20%以上 AI電源估50%至100% 明年有機會保持高成長；產品面=主力為PSU低間距板對板/BBU/CBU板端連接器與DC-DC Converter 電源規格升級使PSU至少需約五塊PCB BBU約兩塊以上 板間距縮小使ASP較過去呈倍數成長 板端連接器多樣性優於同業；行情=08/26盤中鎖漲停113.5元 另稿法人估Q3營收年增30% AI電源占比24%；風險=★未具名 未載評等與新舊目標價數字 無法計算風險報酬比 ★本系統首度收錄該檔 無既有序列可對照 ★08/20既有背景=瀚荃土洋對作(外資賣投信買) ★本則為新聞轉述非報告原文；無摘要(數字未載) 新目標價數字列新增查證項目；來源money udn 9715229 + 9715239
2026-08-26,FactSet（共識彙總 非個別券商）,彙總,統一(1216)／台塑(1301)／台化(1326)／義隆(2458)／群創(3481)／長榮(2603)／F-矽力(6415)等9檔,市場－共識目標價,見內文,見內文,★cnyes外資評等表最新評等日由20260824推進至20260826 一次列9筆；變動3筆=★F-矽力6415 超越市場 630→655(+3.97% 本系統回算) 表列現價469隱含+39.7% ★統一1216 符合市場 83→86(+3.6%) 現價77.7隱含+10.7% ★長榮2603 237.5→246.5(現價231隱含+6.7% 正乖離重現但仍貼近股價)；首度收錄4筆=台塑1301 72.5(現價60.1 隱含+20.6%) 台化1326 80(現價60.3 +32.7%) 義隆2458 184(現價139.5 +31.9% ★明顯低於既有券商紀錄加碼250元 分歧待觀察) 群創3481 65(現價46.4 +40.1% ★低於系統內既有共識70元)；重述2筆不計新增=中鋼22(同20260821) 長榮航47.75(同8/14既有紀錄)；★附帶補件=表列現價可作基準價參考：上銀353(20260820表列) 貿聯2005(20260821表列) 世芯3960 技嘉351.5 群聯2125 華航20.8 仁寶40.95 文曄196.5(以上為表列價非本系統確認之收盤價 標記表列)；風險=★券商欄一律標示Factset 為多家券商彙總值 無分析師無報告日無法回算 共識具追著股價跑傾向；不另建個股摘要；來源cnyes archive board ratediff gt=qfii gp=rate + gp=diff
2026-08-26,－(近24小時無新券商觀點),－,萬潤(6187),半導體－封裝自動化設備(自選股),無新評等,無新目標價,自選股本場次追蹤紀錄；★經交叉查核確認2026/08/26 08:10至19:10無任何新券商評等或目標價見報；查核來源=cnyes archive外資評等表(最新評等日已推進至20260826 該日9檔全為FactSet 無萬潤 往回20260824/22亦無) ctee「目標價」搜尋頁(即時側欄至18:55 最新僅08/26 03:00日報稿 無萬潤) money.udn即時總覽與證券即時清單(推進至19:13 覆蓋窗口末端 無萬潤) cnyes個股總覽頁 WebSearch專搜；★行情=08/26收1300.00(+30.00 +2.36%) 開1245 高1340 低1240 昨收1270 振幅7.87% 成交2614張(季均量2624張之99.6%) 成交額33.84億元 週轉率2.66% 本益比66.33 市值1276.51億元；以1300元回算既有目標價隱含空間(純機械式回算 目標價未動)=瑞銀1700元+30.77% 高盛1800元+38.46% 瑞銀/高盛1550元+19.23% 美銀1500元+15.38%；距52週高1490元回檔12.75%(本系統回算)；既有紀錄維持不變=瑞銀1700(08/18報告 27倍2027-2028平均預估本益比 已交叉驗證結案) 高盛買進1550(07/10) 美銀初評買進1500(07/27) 高盛1800(04/23) 大摩1280→1580(05/31) 摩根大通1450 富邦800；★瑞銀自載反方因素仍未解除=瑞銀自估Q4營收季減15% 毛利率由54.8%降至53.0%；基本面不變=7月營收10.55億元年增73.44% Q2 EPS 8.50元；來源cnyes twstock 6187 + cnyes archive board ratediff + ctee search 目標價 + money udn rank newest + WebSearch
2026-08-27,ALETHEIA（★具名 調研機構 全名屬性待確認）,外資,光聖(6442),光通訊－光纖通訊元件(CPO／矽光子),買進（★原文語境「不改其志」疑為重申）,3333(★原文未載前值),★本場次唯一具體評等+目標價新觀點 ★本系統首度收錄光聖之券商評等目標價序列（已建個股資料夾）；出處=工商時報08/27 A1頭版（記者鄭淑芳 簡威瑟）；論點=原文載ALETHEIA為最早開啟光聖基本面研究的調研機構 光聖股價相對CPO族群落後 仍給予買進與3333元；★同稿併列=兆豐國際證券與華南投顧等多家研究機構給予正向投資評等 股價預期介於2000至2450元（個別歸屬未拆分） ★ALETHEIA 3333元較該區間上緣2450元高36.0%（本系統回算） 分歧大；背景=光聖上半年營收63.87億元 稅後純益14.97億元 EPS 19.07元 毛利率59.50%（08/13背景紀錄） 法人稱訂單能見度達2026年底 08/25為CPO族群11檔漲停之一；風險=★原文未載評等前值 未載目標本益比 未載評價年度 未載EPS預估 3333元無法回算 ★光聖08/26收盤價本場次未取得 隱含空間無法回算（列待補） ★「不改其志」語境暗示非新調升 訊號強度以重申看待 ★ALETHEIA機構屬性（自08/15起）仍未結案 其近期在旺矽10000 鴻勁10000 致茂4000 台積電3500多為法人圈最高價 有一貫喊價偏高傾向 ★本則為新聞轉述非報告原文 未載分析師與報告日期；已做個股摘要 260827_ALETHEIA_光聖6442.docx（內併兆豐國際／華南投顧）；來源ctee 20260827700055
2026-08-27,高盛證券（★具名 無評等無目標價）,外資,聯亞(3081),光通訊－磊晶(矽光子雷射),★原文未載評等,★原文未載目標價,★有券商名有論點但無評等目標價 依規則不另建個股摘要；出處=工商時報08/27 A1（與光聖同稿）；論點=聯亞Q2毛利率與淨利全都超越市場預期 資料中心營收Q2占比已達80%至85% 矽光子正是主要營收貢獻來源；經營層預期受產能擴充與客戶強勁需求帶動 矽光子業務Q3起將持續成長；行情=聯亞08/26衝上漲停收3255元 刷新收盤歷史高價 距04/23盤中高點3305元僅一步之遙；★與既有紀錄對照=聯亞既有分歧（08/15起）為美系4401元買進vs日系900元賣出 為本系統最極端分歧 本次高盛具名正面論點方向與美系一致 ★但高盛未給評等與數字 分歧仍未結案；風險=★無評等無目標價 無法計算風險報酬比 ★股價已創收盤新高 論點屬順勢確認性質 ★本則為新聞轉述非報告原文 未載報告日期；來源ctee 20260827700055
2026-08-27,瑞銀證券（★具名 UBS Evidence Lab ★補收錄）,外資,被動元件MLCC產業（村田／三星電機／TDK／太陽誘電／國巨2327）,電子零組件－被動元件MLCC,★台股個股無評等（日韓廠=村田／三星電機／TDK買入 太陽誘電中性）,★無台股目標價（村田13200日圓 三星電機250萬韓元 TDK4950日圓 太陽誘電17700日圓）,★補收錄=原稿工商時報08/26 15:49（記者方明） 落在08/26盤後場次窗口內 該場次未覆蓋 本場次補回；★UBS Evidence Lab追蹤全球逾100家分銷商=截至08/09 MLCC分銷商庫存量較4週前再減8% 續創歷史新低 但庫存金額反升10% 單位價格指數上漲7% 呈「量跌價值升」背離 價格修復加速；截至7月底庫存量年減22% 庫存金額年增6% 單位價格指數+13% 已接近2023年1月以來最高；★台股關聯=國巨庫存量-1% 單價指數+7% 庫存金額+13%（較4週前） 庫存金額較上輪週期低點+45%；訂單出貨比=村田1.47 太陽誘電1.72 Q3產能利用率兩家均估95%；供需收緊先出現在AI相關需求與分銷通路 再向整體市場擴散；風險=★評等目標價全數為日韓被動元件廠 未對國巨或台股被動元件個股出具評等目標價 不可直接移植 ★原文自載不能完全排除分銷商提前備貨(pull-forward)成分 ★台股連結（08/25背景）=國巨08/25慘崩恐測前低 通路數據與台股股價方向背離 值得追蹤；不另建個股摘要（無台股個股評等目標價）；來源ctee 20260826701247
2026-08-27,－(近24小時無新券商觀點),－,萬潤(6187),半導體－封裝自動化設備(自選股),無新評等,無新目標價,自選股本場次追蹤紀錄；★經交叉查核確認2026/08/26 19:10至2026/08/27 08:10無任何新券商評等或目標價見報；查核來源=ctee首頁與08/27日報A1／權證版稿（逐則檢視無萬潤） cnyes archive外資評等表（最新評等日仍停20260826 該日9檔全為FactSet 無萬潤 往回20260824／22亦無） cnyes個股總覽頁 WebSearch專搜（僅回傳行情站與舊稿 另回傳美銀1500與大摩Overweight皆為既有紀錄）；行情=本場次為開盤前無新價 最新收盤仍為08/26收1300.00元（+30.00 +2.36%）；以1300元回算既有目標價隱含空間（純機械式回算 目標價未動）=瑞銀1700元+30.77% 高盛1800元+38.46% 瑞銀／高盛1550元+19.23% 美銀1500元+15.38%；距52週高1490元回檔12.75%；既有紀錄維持不變=瑞銀1700（08/18 27倍2027-2028平均預估本益比 已交叉驗證結案） 高盛買進1550（07/10） 美銀初評買進1500（07/27） 高盛1800（04/23） 大摩1280→1580（05/31） 摩根大通1450 富邦800；★瑞銀自載反方因素仍未解除=瑞銀自估Q4營收季減15% 毛利率由54.8%降至53.0%；基本面不變=7月營收10.55億元年增73.44% Q2 EPS 8.50元；★事件提示=輝達財報超預期＋2028財年營收指引+70%＋供應承諾額倍增至2790億美元 先進封裝與測試設備需求敘事獲強化 惟無個股新觀點；來源cnyes twstock 6187 + cnyes archive board ratediff + ctee 20260827700055 + WebSearch
2026-08-27,－(法人／權證版／總經 無評等或無目標價),－,鴻海(2317)技嘉(2376)／南亞科(2408)華邦電(2344)／聯發科(2454)群聯(8299)／大立光(3008)／台光電(2383)／台灣總經,市場－產業與個股背景,無評等或無目標價,無,本場次背景紀錄 六則合併 均無可操作評等目標價組合 不另建摘要；(1)鴻海／技嘉（經濟日報08/27 00:20權證版 記者廖賢龍 法人未具名）=AI訂單看到2027-2028年 Q4 Vera Rubin機櫃量產 ★法人預期鴻海VR200整體市占率達40%以上 部分客戶超過50% 預估Vera Rubin約45000櫃以上 全球AI伺服器市占率朝50%目標邁進 2027年將增加美系CSP AI ASIC伺服器機櫃供應；技嘉Q2營收1442億元季增37% EPS 9.86元 ★估今明年AI伺服器占伺服器比重90.9%／91.5% 占整體營收67%／72% 成長86%／37% RTX Spark明年Q1推出；(2)南亞科／華邦電（經濟日報08/27 00:20權證版 記者周克威 市場估）=★南亞科Q3營收估944.2億元季增14.4% 毛利率81.1% 稅後純益580.1億元 EPS 16.8元續創新高 全年EPS估55.9元 ★今年資本支出調升至697億元 明年大增至2000億元 長約占比已達50%（輝達Google微軟英特爾超微皆為客戶）；★華邦電市場估全年EPS 24.8元（可與08/26本國投顧218元目標價並讀 以218元計隱含本益比約8.8倍 本系統回算）；(3)聯發科／群聯（工商時報08/27權證版 記者陳昱光）=★美系券商指AMD與Marvell正與Google合作開發AI ASIC 反映Google擴大客製化晶片生態系；法人預期聯發科TPU營收Q4起強勁放量 ★2027年底TPU占營收超過一半 3奈米TPU出貨量2027年可能接近Broadcom 今年資料中心貢獻超過20億美元 2027年倍數成長（聯發科自估AI ASIC 2027年TAM 800億美元 目標市占率由10-15%上修至15-20%）；群聯=與NAND原廠由客戶升級為策略合作夥伴 法人稱重新評價非根據NAND報價而是韌性；(4)大立光（工商時報08/27 A1）=08/26漲停6290元創天價 ★原文載已超越高盛／美銀／摩根大通外資賦予的股價預期（三家具體數字原文未載）；(5)台光電（工商時報08/27 A3 法人未具名）=積極切入載板用CCL材料已送樣客戶 若獲認證量產有望提升產品組合 Resonac上修財測（半導體電子材料營收目標5700億→6680億日圓）佐證AI材料需求 M9等高階CCL需求強勁；(6)★總經（工商時報08/27 A3 具名）=摩根士丹利韓台首席經濟學家Kathleen Oh將台灣2026年GDP成長預測由8.9%上調至11.6% 創近40年最強 2027年由4.7%上調至7.5% ★麥格理證券預測AI推論與邊緣AI為下一波殺手級應用（皆為總經／產業層級 非個股評等）；★指數觀點（工商時報08/27 A1 具名）=康和證券投資總監廖繼弘（短線轉強 不排除上攻前高46402點 惟量能不足以區間震盪為主） 統一投顧董事長黎方國（挑戰46K量能恐須破兆 9月凶險跌多漲少 區間44K至46K） 台新投顧總經理黃文清（輝達財報若獲漲聲不排除直接突破新高 若叫好不叫座恐拉回 區間40K至46K）；風險=全數不構成可操作訊號 法人多未具名；來源money udn 9716181 + 9716183 + ctee 20260827700287 + 20260827700055 + 20260827700083 + 20260827700076 + 20260827700320
2026-08-27,摩根大通（★具名 科技產業分析師洪一軒）,外資,台積電(2330)／日月光投控(3711)／聯發科(2454)／創意(3443)／世芯-KY(3661)／台達電(2308)／奇鋐(3017)／信驊(5274)／南亞科(2408)／欣興(3037)／台光電(2383)／智邦(2345)／緯穎(6669)／鴻海(2317)／廣達(2382),市場－AI硬體全供應鏈(策略清單),優於大盤（15檔全數 ★未載新舊變動）,★原文未載任何個股目標價,★本場次頭號觀點=小摩最新「亞洲硬體科技產業」報告 AI基礎設施超級循環；核心論點=(1)CSP與企業端2026至2030年AI投入估5.5兆美元 (2)輝達迭代GB200→GB300→VR200→Rubin Ultra AI伺服器系統總造價將飆升90% (3)AI由訓練轉大規模推論 自研ASIC成CSP降本必然 Google TPU生態系估2028年出貨1000萬顆占ASIC市場半壁江山 亞馬遜大規模部署自家晶片 (4)通用伺服器CPU出貨2024至2028年由2210萬顆增至6790萬顆 2025至2028年通用伺服器營收CAGR 53% (5)資料中心電源市場2022至2028年CAGR 80%（史無前例） 白牌交換器2025至2028年CAGR 75%；風險=★僅評等無目標價 無法回算空間 ★產業級論點非逐檔個股論點 ★新聞轉述非報告原文 未載報告日期與新舊評等變動；已做策略清單摘要 260827_摩根大通_AI超級循環15台廠.docx（_策略清單）；來源money udn 9718316（08/27 18:22 記者魏興中）
2026-08-27,凱基投顧（★具名 ★補收錄）,內資,華通(2313),電子零組件－PCB(低軌衛星/AI資料中心),★原文未載評等文字（看好語境）,360(推測合理股價 ★原文未載前值),★補收錄=早盤場次已知工商B版證券稿覆蓋缺口 本場次以搜尋補回（08/27 03:00見報 記者簡威瑟）；論點=衛星＋AI資料中心雙動能 2027年合計營收占比將突破5成 擺脫消費型概念助長線評價提升；凱基維持衛星營收估2026年196億元 2027年270億元 並上調AI資料中心營收至2026年99億元／2027年342億元；EPS估2026年7.72元（+40%） 2027年15.02元（+94%） 以360元計隱含2027年約24倍本益比（本系統回算）；風險=★原文未載評等文字與前值 未載評價基準 AI資料中心上調幅度大兌現度待驗證 ★新聞轉述非報告原文；已做個股摘要 260827_凱基投顧_華通2313.docx；來源ctee 20260827700284
2026-08-27,金控旗下投顧（★原文未具名 ★補收錄）,內資,啟碁(6285),網通－低軌衛星,★原文未載評等文字（看好語境）,280(推測合理股價 ★原文未載前值),★補收錄=與華通同稿（工商時報08/27 03:00 記者簡威瑟）；論點=與美系客戶（Starlink）合作約四年才出現第二供應商 技術與量產壁壘高 將維持主要供應商角色 二供導入係因Starlink布局印度；低軌衛星產品挹注營收動能；EPS估2026年14.85元（+131%） 2027年18.69元（+26%） 以280元計隱含2027年約15倍本益比（本系統回算）；風險=★券商未具名（僅稱金控旗下投顧） ★未載前值與評價基準 ★二供已現長期分食為隱含變數 ★新聞轉述非報告原文；已做個股摘要 260827_金控旗下投顧_啟碁6285.docx；可與既有FactSet共識（08/07／08/11）及本土投顧（08/12）紀錄並讀；來源ctee 20260827700284
2026-08-27,投顧法人（★未具名）,內資,順德(2351),電子零組件－導線架/均熱片,★原文未載評等,★調升目標價（新數字原文未載 待確認）,★原文明載法人「調升獲利預估值及目標價」但未揭露數字（比照08/26新代／瀚荃案例 記錄待確認 不另建摘要）；論點=Q3利多=AI營收占比將逾雙位數＋急單附加費＋銅價利差 法人估單季獲利跳增逾四成 毛利率估攀至22.47% 營收季增逾一成 車用市場明顯復甦；AI在手品項由40個增至60個（PSU／BBU／800V HVDC／Power Stage／iQFN等） AI占電子營收比重由去年約1%升至上半年6% 60品項全發酵占整體營收可達20% 法人估2027年AI營收占比挑戰二成；均熱片=已為四家客戶（含IC設計與封測廠）合格供應商 潛在需求單月2000萬片 半年內產能擬擴至單月100萬至200萬片；財測=Q3 EPS估2.22元（季增42.3%） 今年EPS上看6.99元 ★年增倍數原文不一致（內文3.4倍vs標題3.2倍 並存照錄）；行情=08/27收240元漲9.6%創歷史新高（盤中一度漲停）；來源money udn 9717587（13:30 記者盧宏奇）＋9717868（15:26 記者魏興中）
2026-08-27,－(近24小時無新券商觀點),－,萬潤(6187),半導體－封裝自動化設備(自選股),無新評等,無新目標價,自選股本場次追蹤紀錄；★經交叉查核確認2026/08/27 08:10至19:10無任何新券商評等或目標價見報；查核方式=WebSearch專搜五組詞（外資目標價／法人評等／美銀首次1500／目標價1800／報告評等8月）＋cnyes twstock頁 最接近結果均為既有紀錄（高盛1800=04/23 美銀1500=07/15 瑞銀首評1550=7月 瑞銀1700=08/18）；★窗口內唯一相關動態=主動式ETF 00981A 08/27操作日報減碼萬潤（經理人持股調整 非券商評等 不列入收錄）；既有紀錄維持不變=瑞銀1700（08/18 已結案） 高盛買進1550（07/10） 美銀初評買進1500（07/27） 高盛1800（04/23） 大摩1280→1580（05/31） 摩根大通1450 富邦800；★本場次未取得08/27收盤價（列待補 08/26收1300元）；★事件提示=輝達財報效應與先進封裝敘事延續 惟無個股新觀點；來源WebSearch＋cmnews＋ctee 20260715700224
2026-08-27,－(法人／專欄 無評等或無目標價),－,鴻海(2317)廣達(2382)技嘉(2376)仁寶(2324)英業達(2356)緯創(3231)／AI硬體供應鏈專欄,市場－產業與個股背景,無評等或無目標價,無,本場次背景紀錄 兩則合併 均無可操作評等目標價組合 不另建摘要；(1)AI伺服器代工廠（經濟日報08/27 13:13 記者盧宏奇 投顧法人未具名）=「維持看好」鴻海廣達技嘉 「建議關注」仁寶；論點=Coreweave／Nebius財報優於預期 雲端租賃價格續上修（新專案獲利率高於平均約5%至20%） AI投資回收期縮短 資本支出將續上修；ODM輝達AI占比逾八成多採Buy and Sell 零組件漲價轉嫁正面挹注營收；Vera Rubin整櫃量產落Q4 維持今年Rubin出貨2000櫃 Q4 GB出貨小幅季減但Rubin單價高於GB300 ODM營收仍季增；2027年聚焦ASIC=谷歌外售TPU機櫃晶片數量估800至900萬顆 隱含逾10萬櫃（年增大於150%） 既有英業達Celestica外 鴻海仁寶有望加入組裝；戴爾9月初財報 xAI等近期加單 前端代工分配緯創鴻海英業達仁寶（自身做L11至L12） 有利代工廠利潤維持高檔 ★與早盤聯發科群聯權證稿互補 本則聚焦組裝端；(2)就市論勢專欄（經濟日報08/27 00:03 謝晨彥）=輝達透過大量投資由AI硬體延伸至模型／雲端算力／應用端 轉型平台型企業 市場評價兩極 台股關鍵在投資能否轉化為新算力需求 操作建議=AI硬體供應鏈逢回布局不追高 ★若AI資本支出降溫 輝達投資版圖反成風險來源；風險=全數法人未具名或屬專欄觀點 不構成可操作訊號；來源money udn 9717550＋9716172
2026-08-28,大和資本（★初評）,外資,旺矽(6223),半導體－探針卡/CPO測試設備,買進（初評）,8415(初評無前值),CPO測試設備Q4起出貨認列；2027-28年貢獻營收4.8-9.2%；已做一頁摘要
2026-08-28,花旗環球（★具名 陳佳儀）,外資,旺矽(6223),半導體－探針卡/CPO測試設備,買進（維持）,7200(★原文未載前值),回檔反映下半年動能與CPO疑慮；毛利率有上行空間；已做一頁摘要
2026-08-28,麥格理證券（★初評）,外資,環宇-KY(4991),光通訊－磷化銦InP光偵測器PD,優於大盤（初評）,710(初評無前值),PD規格升級ASP升6-8倍；在手訂單逾9000萬美元；EPS今年估6.4元；已做一頁摘要
2026-08-28,摩根士丹利（★具名 詹家鴻）,外資,南亞科(2408)／華邦電(2344),半導體－記憶體DRAM,★原文未載評等（記憶體正向循環中看好）,南亞科1230(★樂觀情境非正式目標價 待確認)／華邦電未載,長鑫存儲初評優於大盤(陸股)；記憶體re-rating台廠受惠；野村長鑫初評人民幣116(陸股背景)；已做南亞科一頁摘要
2026-08-28,－(近24小時無新券商觀點),－,萬潤(6187),半導體－封裝自動化設備(自選股),無新評等,無新目標價,早盤場次個別搜尋無新觀點
2026-08-28,中信投顧（★具名 權證版）,內資,視陽(6782),光學－隱形眼鏡(矽水膠彩拋),正向投資評等（★權證版制式用語）,★原文未載目標價,★補收錄=工商時報08/28權證專版03:00見報(記者簡威瑟) 屬早盤窗口B版覆蓋缺口 本場次由ctee證券首頁權證區塊補回；論點=彩拋需求強勁 訂單能見度2至3個月 矽水膠彩拋占營收比重升至30%至40% Q2月產能如期提升至5500萬片(彩拋2000萬 透片3500萬) 擴產效益Q3完整顯現 下半年營收逐季成長；風險=★權證版制式評等用語 無標準評等文字 無目標價 無新舊變動 無法回算風險報酬比 文末附制式免責聲明 資訊層級應打折 ★本系統首度收錄該檔 無既有序列可對照 ★本則為新聞轉述非報告原文；依規則不另建個股摘要；來源ctee 20260828700294
2026-08-28,宏遠投顧（★具名 權證版）,內資,來億-KY(6890),製鞋－運動鞋代工,正向投資評等（★權證版制式用語）,★原文未載目標價,★補收錄=與視陽同稿(工商時報08/28權證專版 記者簡威瑟)；論點=今年出貨量7150萬至7200萬雙 2027年在愛迪達恢復成長 HOKA續增與新客戶小量出貨下估達7700萬雙(+6.9%至7.7% 本系統回算)；★法人預估2027年營收423億元(年增一成) EPS 13.60元(副標明載「估2027年每股賺13.6元」)；風險=★權證版制式評等 無目標價 EPS 13.60元為稿內法人預估 未明確歸屬宏遠 ★本系統首度收錄該檔 ★本則為新聞轉述非報告原文；依規則不另建個股摘要；來源ctee 20260828700294
2026-08-28,－(近24小時無新券商觀點),－,萬潤(6187),半導體－封裝自動化設備(自選股),無新評等,無新目標價,自選股本場次(週五盤後)追蹤紀錄；★經交叉查核確認2026/08/28 08:10至19:10無任何新券商評等或目標價見報；查核來源=cnyes twstock 6187＋cnyes評等表(最新評等日停20260826 無萬潤)＋ctee證券首頁(新鮮至18:46 逐則無萬潤)＋money.udn全站(新鮮至19:06)＋WebSearch專搜(僅回傳美銀1500/大摩Overweight等既有紀錄)；★補收錄(早盤漏收)=08/27參加櫃買中心業績發表會(經濟日報08/27 23:07 記者李孟珊)=產能利用率維持高檔 客戶需求與專案能見度看到2027年Q2 ★矽光子為下一世代布局重點(聚焦耦合設備 接洽客戶多屬全新應用) 客戶由單機採購轉向一站式方案(貼合+點膠+置片+自動化整合) 精密點膠布局逾25年 核心點膠閥體自行設計 ★上半年研發費用4.57億元(年增20.6%) 資本支出5.52億元(達去年同期2.3倍) 台美日馬據點+輕資產模式擴產 ★此為08/27股價漲停之背景事件；★行情=08/27收1430.00元漲停(+130.00 +10.00% ★前場次待補項08/27收盤價結案)；08/28開1420 高1455 低1325 收1365.00(-65.00 -4.55%) 成交5986張(季均量2660張之225% ★業績發表會後爆量拉回) 成交額82.55億元 振幅9.09% 週轉率6.10% 本益比69.65 市值1340.34億元 距52週高1490元回檔8.39%(本系統回算)；以1365元回算既有目標價隱含空間(純機械回算 目標價未動)=瑞銀1700元+24.54% 高盛1800元+31.87% 瑞銀/高盛1550元+13.55% 美銀1500元+9.89%；既有紀錄維持不變=瑞銀1700(08/18 27倍2027-2028平均預估本益比 已結案) 高盛買進1550(07/10) 美銀初評買進1500(07/27) 高盛1800(04/23) 大摩1280→1580(05/31) 摩根大通1450 富邦800；★瑞銀自載反方因素仍未解除=自估Q4營收季減15% 毛利率54.8%→53.0%；基本面=7月自結EPS 3.52元(年增逾倍) Q2 EPS 8.50元；來源money udn 9718548 + cnyes twstock 6187 + cnyes archive board ratediff + ctee stock + WebSearch
2026-08-29,摩根士丹利（★具名機構 分析師未載）,外資,輝達台系供應鏈15檔(台積電2330／京元電子2449／穎崴6515／信驊5274／鴻勁7769／日月光投控3711／廣達2382／鴻海2317／緯創3231／致茂2360／勤誠8210／貿聯-KY3665／川湖2059／欣興3037／國巨2327),市場－輝達台系供應鏈(策略清單),優於大盤（15檔全數 ★未載新舊變動）,15檔逐檔載明（★未載前值）,★本場次頭號觀點=大摩「台灣科技硬體」產業報告（經濟日報08/29 00:23 記者高瑜君） 三大利多=強勁成長前景＋供需緊張＋估值偏低；15檔目標價=台積電2988 京元電子338 穎崴12000 信驊20888 鴻勁10008 日月光投控628 廣達385 鴻海310 緯創275 致茂2800 勤誠1600 貿聯-KY3665 川湖15000 欣興1465 國巨1465；★原文載以08/28收盤回算隱含空間=國巨+145.3%最高 穎崴+92% 貿聯與勤誠逾六成 台積電以2420回算+23.5%(本系統回算)；★與既有紀錄對照=貿聯3665與大摩08/24既有值一致(維持) 鴻勁10008與ALETHEIA10000幾乎一致 致茂2800低於ALETHEIA4000 台積電2988低於里昂3330/瑞銀3400/ALETHEIA3500 勤誠1600高於歐系初評1450 鴻海310低於FactSet共識355 ★廣達待補項首度補得一家(大摩385) ★川湖15500出處待查仍未結案(大摩本次為15000非15500)；★與08/27小摩(摩根大通)15檔優於大盤名單僅重疊6檔(台積電/日月光投控/信驊/欣興/鴻海/廣達) 小摩版無目標價 大摩版逐檔載明 引用勿混淆；風險=★未載新舊評等變動與前值 未載分析師與報告日期與評價基準 目標價無法回算 ★欣興08/28遭檢調搜索(產地標示爭議)收1110 司法風險未反映 ★國巨隱含+145.3%假設激進 ★本則為新聞轉述非報告原文；已做策略清單摘要 260829_摩根士丹利_輝達鏈15台廠.docx（_策略清單）；來源money udn 9720880
2026-08-29,投顧法人（★未具名 ★補收錄）,內資,奇鋐(3017),電子零組件－散熱(液冷/氣冷/機殼),★原文未載評等,★調高目標價（新數字原文未載 待確認）,★補收錄=原稿經濟日報08/28 13:32(記者盧宏奇) 落在08/28盤後場次窗口 該場次未覆蓋 本場次補回；★明載「調高獲利預估值及目標價」但全文未載新目標價數字 訊號僅止於方向(比照新代/瀚荃/順德案例)；論點=Q3營運續創新高=AWS Trainium氣冷散熱零組件出貨轉順＋機殼開始貢獻 GPU端Vera Rubin水冷板/分歧管9月起交付板端客戶；★水冷零組件到整櫃量產有時間差 VR與ASIC水冷明顯貢獻落Q4 法人略下修Q3營收預估但毛利率獲利拜水冷良率與生產效率改善可望優於預期；2027年=GPU與ASIC同步放量 VR200 2026年底開始貢獻 2027H1拉貨擴大 超微新平台2026Q4放量 Trainium/TPU出貨增＋水冷滲透率升 ★上調2027年獲利預估；擴產=分歧管/Rack Manifold/機殼產能陸續開出；★與既有紀錄可並讀=08/28工商「三率創高股」奇鋐富世達同獲青睞(背景)；風險=★未具名 未載評等與新舊目標價數字 無法計算風險報酬比 ★本則為新聞轉述非報告原文；無摘要(數字未載) 新目標價數字列新增查證項目；來源money udn 9719886
2026-08-29,－(近24小時無新券商觀點),－,萬潤(6187),半導體－封裝自動化設備(自選股),無新評等,無新目標價,自選股本場次(週六早盤)追蹤紀錄；★經交叉查核確認2026/08/28 19:10至2026/08/29 08:10無任何新券商評等或目標價見報；查核來源=工商時報08/29週六報newspaper頁全掃(A1至B8含B1證券/B2法人看市/B3-B5上市櫃 逐則檢視無萬潤)＋cnyes archive外資評等表(最新評等日仍停20260826 無萬潤)＋money.udn story側欄與通知列(推進至08/29 06:00 無萬潤)＋WebSearch專搜(僅回傳美銀1500/大摩Overweight/CoWoS展望等既有紀錄)；行情=週六休市無新價 最新收盤仍為08/28收1365.00元(-65.00 -4.55% 業績發表會後爆量拉回)；以1365元回算既有目標價隱含空間(純機械回算 目標價未動)=瑞銀1700元+24.54% 高盛1800元+31.87% 瑞銀/高盛1550元+13.55% 美銀1500元+9.89%；既有紀錄維持不變=瑞銀1700(08/18 27倍2027-2028平均預估本益比 已結案) 高盛買進1550(07/10) 美銀初評買進1500(07/27) 高盛1800(04/23) 大摩1280→1580(05/31) 摩根大通1450 富邦800；★瑞銀自載反方因素仍未解除=自估Q4營收季減15% 毛利率54.8%→53.0%；基本面=7月自結EPS 3.52元 Q2 EPS 8.50元 矽光子耦合設備為下一世代布局(08/27業發會)；★事件提示=費半隔夜-3.47% 若週一半導體設備股承壓屬系統性非個股因素；來源ctee newspaper 20260829 + cnyes archive board ratediff + money udn sidebars + WebSearch
2026-09-02,摩根士丹利（★具名 詹家鴻）,外資,聯發科(2454),半導體－IC設計/AI ASIC,優於大盤（維持）＋首選,5588(維持 ★查證結案=07/27「美系外資5588首選」即大摩),★本場次頭號觀點=39億美元ECB引進輝達35億美元＋Alphabet 大摩三大利多=提高第二家CSP客戶機率 備料營收(HBM/ABF/預付產能)增加 TPU合作更穩固 2028年ASIC營收有上修空間 可採NVLink Fusion；行情=09/01跳空漲停4315一價到底 以4315回算隱含+29.5%；風險=重申非上調 ECB稀釋未量化 新聞轉述；已做個股摘要 260902_摩根士丹利_聯發科2454.docx(併花旗/大和)；來源money udn 9728396 + 9727605
2026-09-02,花旗環球（★具名 陳佳儀）,外資,聯發科(2454),半導體－IC設計/AI ASIC,買進（維持）,6800(維持 08/21既有值),輝達投資使聯發科成極具競爭力AI ASIC爭奪者 商機拓展至Hyperscaler專案之外 由手機SoC轉型AI運算平台 三個AI成長引擎(Hyperscaler客製ASIC/輝達架構AI PC與區域AI/車用實體AI)；以4315回算隱含+57.6%；併入聯發科摘要；來源money udn 9728396
2026-09-02,大和資本（★具名 徐禕成 ★補收錄08/31）,外資,聯發科(2454),半導體－IC設計/AI ASIC,買進（維持）,5200(上調 ★原文未載前值),★補收錄=工商時報08/31 03:00(輝達入股事件前) Marvell–Google 8-K不影響TPU核心 聯發科仍為TPU v10主要設計服務商 首個Google專案Q4放量 第二專案2027年底 第三CSP客戶2028H2；同稿大摩重申投資首選；併入聯發科摘要；來源ctee 20260831700184
2026-09-02,花旗環球（★具名 ★補收錄09/01）,外資,順達(3211),電子零組件－電池模組/BBU,買進＋90天戰術性買進觀察,800(維持 ★07/08美系外資初評800研判同源),5kW BBU專案8月初恢復出貨 8月營收估月增50% 8kW/12kW最快Q4初出貨 2026-28 EPS 14.25/25/37.35元 CAGR 62%；對照台新485分歧65%；風險=未載前值與評價法 出貨恢復屬單一專案 未取得收盤價；已做個股摘要 260902_花旗環球_順達3211.docx；來源ctee 20260901700212
2026-09-02,金控旗下投顧（★未具名 ★補收錄09/01）,內資,頎邦(6147),半導體－驅動IC封測/金凸塊/光通訊,買進（初評）,250(初評無前值),光通訊200G+金凸塊取代打線 30+專案 6個認證 4個2026量產 光通訊營收占比2026年5-10% 2027年25-30% 2028年30-35%超越DDIC DDIC調升後段服務費 2026/27獲利各增六成以上 毛利率2028年31.5%；對照瑞銀290 花旗230；風險=未具名 未載EPS與評價基準；已做個股摘要 260902_金控旗下投顧_頎邦6147.docx；來源ctee 20260901700212 + money udn 9726703 + 9728078
2026-09-02,本國投顧（★未具名）,內資,兆豐金(2886),金融－金控,買進（維持）,53(上調 ★原文未載前值),2026/27 EPS估2.67/2.61元 以53元計隱含2026年約19.9倍PE(本系統回算)；對照FactSet共識08/28 45.5(+16.5%)；風險=未具名未載前值 2027 EPS微降評價依據待查；已做個股摘要 260902_本國投顧_兆豐金2886.docx；來源ctee 20260902700297
2026-09-02,本國投顧（★未具名）,內資,凱基金(2883),金融－金控,買進,41(★較07/19本土投顧37上調 原文未載前值),2026 EPS估2.64元 估2027配息2.2-3.2元；工商09/01列8月三大法人買超且多頭排列16檔之一；風險=未具名 配息區間跨度大；已做個股摘要 260902_本國投顧_凱基金2883.docx；來源ctee 20260902700297 + 20260901700209
2026-09-02,本土投顧（★未具名 權證版 永豐金證券供稿）,內資,帆宣(6196),半導體－廠務工程/設備代工,★原文未載評等（看好語境）,666(★原文稱維持 但本系統既有07/20為650 是否同一券商待查),7月底在手訂單1351億元創高 先進封裝/HBM擴產 美國建廠 AI資料中心EPC；風險=權證版制式稿 評等未載；已做個股摘要 260902_本土投顧_帆宣6196.docx；來源ctee 20260902700300
2026-09-02,大型投顧法人（★未具名 ★補收錄08/31）,內資,強茂(2481),半導體－功率元件,★原文未載評等（調高獲利預估）,★調高目標價（新數字原文未載 待確認）,去中化轉單(安世/揚杰制裁)＋功率元件漲價 Q3更多品項漲價 下半年毛利率改善 AI營收占比2025年7%→2026H1 11%→全年拚15% 積壓訂單達2021高峰；與08/24強力買進205對照 新數字列查證項目；無摘要(數字未載)；來源money udn 9724546
2026-09-02,FactSet共識（彙總 非個別券商）,彙總,南亞(1303)／南亞科(2408)／國泰金(2882)／仁寶(2324),市場－共識目標價,見內文,見內文,南亞 中位數257.5→277.5 最高300 本土法人維持買進(ctee 08/31 AI伺服器CCL搶料 建滔漲價10-20% H1 EPS 5.17元)；cnyes評等表09/01=南亞科買進590→617.5(現價518) 國泰金115首列(現價111) 仁寶40重述；不另建摘要；來源ctee 20260831700946 + cnyes archive board ratediff
2026-09-02,－(法人 無評等或無目標價),－,華星光(4979)／聯電(2303)／南亞科(2408)華邦電(2344)／SEMICON Taiwan策略,市場－產業與個股背景,無評等或無目標價,無,背景紀錄四則合併；(1)華星光法說後多家法人買進報告(無TP)=EML/800G放量 明年800G ZR放量營收翻倍(money udn 9725250 08/31)；(2)聯電權證版兆豐證券=TFLN Chiplet與聯穎光電/HyperLight合作 8吋驗證 2026/27 EPS 7.47/7.48(ctee 20260902700303)；(3)南亞科/華邦電權證版短線可留意 南亞科DDR4最大供應商 下半年DDR4漲20%+(ctee 20260902700291)；(4)SEMICON Taiwan 永豐投顧黃柏棠/第一金投顧黃詣庭=展前卡位/展中發酵/展後驗證 選股行情 看在手訂單/月營收年增/毛利率(ctee 20260902700224)；不另建摘要
2026-09-02,－(近24小時無新券商觀點),－,萬潤(6187),半導體－封裝自動化設備(自選股),無新評等,無新目標價,自選股本場次(週三早盤 窗口08/29 08:10至09/02 08:10)追蹤；★經WebSearch專搜＋ctee/money.udn側欄查核無新券商評等或目標價；籌碼=工商09/01列萬潤為8月三大法人買超且均線多頭排列16檔之一 08/31三大法人賣超227張(外資-36 投信-176) 08/28大摩分點買超812張；行情=08/31收1345(-20 -1.47%) ★09/01收盤價未取得(列待補)；以1345回算隱含空間=瑞銀1700 +26.4% 高盛1800 +33.8% 瑞銀/高盛1550 +15.2% 美銀1500 +11.5%；既有紀錄不變=瑞銀1700(08/18) 高盛1550(07/10) 美銀1500(07/27) 高盛1800(04/23) 大摩1580 摩根大通1450 富邦800；來源ctee 20260901700209 + WebSearch
2026-09-02,投顧法人（★未具名）,內資,世芯-KY(3661),半導體－ASIC設計服務,★調高投資評等（新評等文字未載）,★調高目標價（新數字原文未載 待確認）,經濟日報09/02 13:12(記者盧宏奇)；北美CSP 3奈米加速器5月量產 Q2營收季增82.4%至76.4億元 毛利率34.8% EPS 20元；車用ADAS 2026年起成第二大營收來源 2奈米開發中；風險=CSP自研能力演進為長期核心風險 3/2奈米複雜度與多代默契構成切換成本緩衝；★未具名 未載評等文字與目標價數字 無摘要(數字未載) 列查證項目；既有對照=美系外資5888(08/25) FactSet中位數6000；來源money udn 9729568
2026-09-02,投顧法人（★未具名）,內資,華通(2313),電子零組件－PCB(衛星板/光模組),★原文未載評等（調高獲利預估）,★調高目標價（新數字原文未載 待確認）,經濟日報09/02 13:21(記者盧宏奇)；Q3美系手機新機備貨＋衛星板＋光模塊放量 資料中心營收維持高成長 毛利率季增2.6個百分點至21.1%；800G/1.6T改採mSAP製程PCB單位價值翻倍 2026H2資本投入見效 2026年資料中心占比達雙位數 2027年光模塊營收占比上修至20%；衛星=全球衛星板最大供應商 短期CCL料況短缺逆風 V3衛星下半年上線；★未具名 無摘要(數字未載)；既有對照=凱基投顧360(08/27) FactSet中位數310；來源money udn 9729594
2026-09-02,美系大行（★未具名）,外資,愛普*(6531)／旺宏(2337),半導體－記憶體/IC設計(SEMICON觀察),重申正向（★無評等文字）,★未載,經濟日報09/02 08:44(記者廖賢龍)；SEMICON Taiwan觀察3D堆疊(三星zHBM DRAM-on-logic)將取代2.5D 提高混合鍵合/WoW整合/熱設計協同重要性 對愛普*正向；NAND在AI系統角色更積極帶來額外SLC NAND需求 對旺宏正向；★未具名 無評等無目標價 無摘要；來源money udn 9728777
2026-09-02,美系大行（★未具名 ★補收錄08/31）,外資,欣興(3037),電子零組件－ABF載板/PCB,重申正向（★無評等文字）,★未載,★補收錄=經濟日報08/31 08:51(記者廖賢龍) 落在08/29-09/02早盤合併窗口未覆蓋；檢調調查涉及含HDI之PCB(占營收約36% 獲利占比更低)非ABF 認同管理層無重大影響說法；背景=09/02外資連17日買超6.6萬張 股價搜索後首度翻紅(money udn 9729444)；★欣興搜索案對外資評等後續影響待補項部分結案(美系大行維持正向)；無摘要；來源money udn 9723829
2026-09-02,花旗（★具名機構 ★非台股背景）,外資,建滔積層板(港股1888)／台光電(2383)聯茂(6213)台燿(6274)背景,電子零組件－CCL/玻纖布(跨市場),建滔買入（重申）,建滔95港元(2027年預估PE 20-21倍),工商時報09/02 16:35(洪偉峻 轉述陸媒)；9月電子級玻纖布均價漲15-20%超預期 預期建滔10月初再調CCL價格(08/28第7次調價 FR-4全系列+10% 7628以上PP+10% 薄布+20%)；建滔2028年AI玻纖布產能1億公尺 市占破20% H1營收149.04億港元+55%；市場推論台光電/聯茂/台燿下半年報價看漲毛利率有上修空間(★非個別評等)；不另建摘要 列背景；來源ctee 20260902701568
2026-09-02,－(近24小時無新券商觀點),－,萬潤(6187),半導體－封裝自動化設備(自選股),無新評等,無新目標價,自選股本場次(週三盤後 窗口09/02 08:10至19:10)追蹤；經WebSearch專搜＋money.udn rank/newest(新鮮至19:11)＋ctee livenews總覽(新鮮至16:35)查核無新券商評等或目標價；既有紀錄不變=瑞銀1700(08/18) 高盛1550(07/10) 美銀1500(07/27) 高盛1800(04/23) 大摩1580 摩根大通1450 富邦800；★09/01與09/02收盤價未取得(列待補 最新已知08/31收1345)；事件提示=09/02半導體設備股因SEMICON逆勢走強(蔚華科/精測/均華漲停) 萬潤是否同步待查；來源WebSearch + money udn rank newest + ctee livenews
2026-09-03,摩根大通（★具名機構 ★補收錄09/02 17:47）,外資,南亞(1303),塑化／電子材料－CCL 玻纖布 銅箔(PTFE),優於大盤（維持）,350(上調 前值300=本系統07/15紀錄 市場新高),★補收錄=工商時報09/02 17:47(簡威瑟)＋經濟日報09/02 23:54(任君翔) 落在09/02盤後窗口未覆蓋；論點=市場低估南亞PTFE CCL能力(近十年多項專利 對M10環氧樹脂方案亦有信心 可能成Rubin Ultra NVL576交換器板材料奇兵)；銅箔/CCL供應吃緊＋漲價＋加工費調升 2026/27淨利上調20%/68% EPS估13.38/24.18元 電材營收預估各上調一成 M7以上高階CCL占比2026H1<8%→2027H2>50% CCL稼動率逾九成；以08/28收220.5回算+58.7%(★09/02收盤價未取得) 隱含2027年PE約14.5倍(本系統回算)；風險=未載評價基準 輝達材料選擇未定案 股價8月累漲逾五成 FactSet中位數277.5/最高300已被大幅超越；已做個股摘要 260903_摩根大通_南亞1303.docx；來源ctee 20260902701817 + 20260903700332 + money udn 9730560
2026-09-03,摩根士丹利（★具名機構 分析師未載）,外資,愛普*(6531),半導體－利基型記憶體/3D堆疊/矽電容,優於大盤（維持）＋族群首選,1666(維持 ★08/07「美系外資1666首選」同源 查證結案),工商時報09/03 03:00(簡威瑟)＋經濟日報09/03 00:34(崔馨方) SEMICON Taiwan觀察報告；論點=AI效能受記憶體限制(Longer Context/Agentic AI/KV Cache) 每美元與每瓦Token產出成衡量標準；2.5D之後3D堆疊成主流(三星zHBM/DRAM-on-Logic) 混合鍵合/WoW/散熱共同設計重要性升 愛普*為3D WoW堆疊潛在受惠者；EPS估2026/27/28年17.69/35.37/65.19元 列族群首選；以1666計隱含2027年PE約47倍 2028年約25.6倍(本系統回算 ★09/02收盤價未取得)；★09/02盤後「美系大行愛普旺宏重申正向」結案=大摩；風險=未載新舊變動與前值 3D WoW時程早期 估值偏高 新聞轉述；已做個股摘要 260903_摩根士丹利_愛普6531.docx；來源ctee 20260903700263 + money udn 9730523
2026-09-03,摩根士丹利（★具名機構 分析師未載）,外資,旺宏(2337),半導體－NOR/SLC NAND記憶體,優於大盤（維持 NAND首選）,220(維持 前值220=07/23大摩紀錄),同稿(ctee 20260903700263)；論點=NAND走向運算端(高速NAND/high-IOPS SSD/HBF用於KV Cache與模型權重)帶來額外SLC NAND需求；預期本季SLC/MLC NAND報價季增50-60% NOR Flash季增30-40% 獲利亮眼評價面獲支撐；權證版法人(udn 9730588 周克威)上修2026 EPS至19.9元 Q3營收估271.4億(季增42%) 毛利率72.7% EPS 6.9元 華邦電2026 EPS 24.4元 Q3營收766億 AI機櫃NOR用量500-600顆市占40-50%(背景併記)；以19.9元計220元隱含約11倍PE(本系統回算 ★收盤價未取得)；風險=未載評價基準(前值依07/23大摩220推定維持) 漲價循環依賴供給緊俏 新聞轉述；已做個股摘要 260903_摩根士丹利_旺宏2337.docx；來源ctee 20260903700263 + money udn 9730523 + 9730588
2026-09-03,瑞銀證券（★具名 林莉鈞）／野村證券（★具名 鄭明宗）／中信投顧,外資×2＋內資,矽力*-KY(6415),半導體－類比IC/電源管理(車用 資料中心),瑞銀★評等文字未載（正向）／野村買進／中信投顧升評至買進,瑞銀700(★前值未載)／野村★未載／中信★未載,工商時報09/03 03:00(簡威瑟) 法說會後三家觀點；瑞銀=Q3車用＋資料中心抵消PC疲弱 營收估季增10% 市占提升/組合擴張至伺服器與車用/Gen4放量 估2026/27營收年增28%/30% EPS 11.62/19.13/30.02元 兩年獲利增近1.6倍 以19.13計700隱含約36.6倍PE(本系統回算)；野村=車用與伺服器帶動 管理層更樂觀 2027年成長改善 大陸類比國產化為動能 成本通膨壓抑毛利率屬短期(美系IDM已漲價可轉嫁) 產能取得更關鍵；中信投顧升評買進 聚焦資料中心/車用/工業；權證版(ctee 20260903700335 陳昱光)=Q2資料中心營收年增90%占比15-16% 2027年占比估破20% 今年營收估年增20-30%；★多空分歧=08/31 ctee 20260831700728「外資續看淡矽力(AI營收占比升仍難救毛利率)」 法說後股價不賞臉；對照FactSet共識08/26 655(超越市場) 瑞銀700高於共識約7%；風險=僅瑞銀載TP 野村/中信TP未載 瑞銀評等文字未載 未載前值與收盤價(08/26表列469) 新聞轉述；已做個股摘要 260903_瑞銀野村中信_矽力6415.docx；來源ctee 20260903700271 + 20260903700335 + 20260831700728
2026-09-03,六家本國投顧（★未具名）＋本國投顧（權證版 國泰綜合證券供稿）,內資,宜鼎(5289),半導體－工控記憶體模組/邊緣AI,買進（六家）／買進（維持）,1695至2360區間／2080(★前值未載),工商時報09/03 03:00權證版(陳彩玲)；論點=記憶體報價上漲今年營收獲利大增 已向原廠簽LTA確保產能 客群網通/工控不易因漲價降採購 具議價能力；2027年供不應求延續 安提工廠自動化/機器人專案放量優化獲利結構；全球少數具運算/儲存/記憶體三者整合能力 漲價超額毛利逐季正常化 下半年報價續漲 維持買進TP上看2080；風險=權證版制式稿 六家投顧名與各自TP未載 2080前值未載 無EPS與評價基準 資訊層級應打折 ★本系統首度收錄該檔 超額毛利正常化意味毛利率高點可能已過；已做個股摘要 260903_國泰證券_宜鼎5289.docx；來源ctee 20260903700341
2026-09-03,外資（★未具名 先探雜誌轉述）,外資,大立光(3008)／玉晶光(3406),光學－鏡頭/CPO光通訊元件(FA/MLA/FAU),★原文未載評等,★同步上調（大立光升幅74% 玉晶光升幅逾一倍 ★新數字原文未載 待確認）,工商時報09/03 07:49轉載先探投資週刊2420期(周佳蓉)；論點=大立光FA/MLA光通訊元件為手機鏡頭外第二核心業務 已以FA打入一家FAU大廠 六月展出四層堆疊FA與雙排80通道PMLA 開發CPO微稜鏡準直鏡；外資估CPO模組2027/2028年貢獻營收10%/25% 仍為iPhone 18 Pro可變光圈鏡頭主供 今年第五度獵地逾63億元；玉晶光=蘋果二供 擴大穿戴/AR眼鏡光學 外資稱「催化劑尚未完全反映在股價」；行情背景=大立光21個交易日翻倍衝上7000元(突破2017年6075元天價)；風險=券商未具名 新TP數字未載 雜誌轉述層級 大立光股價已翻倍；無摘要(數字未載) 列查證項目；來源ctee 20260903700025
2026-09-03,－(法人／權證版 無評等或無目標價),－,台特化(4772)／光寶科(2301)／聯發科(2454)／鴻海(2317)緯創(3231)仁寶(2324)／金融股,市場－產業與個股背景,無評等或無目標價,無,背景紀錄五則合併 不另建摘要；(1)台特化=金控旗下投顧看好(ctee 20260903700332)=矽乙烷Q2稼動率逾90% 2027Q3年產能30→40噸 AHF現有10噸2027年中近滿載 第二條線2027Q4至20噸；(2)光寶科=凱基證券權證版(ctee 20260903700338 鄭淑芳)=AI電源/BBU/液冷放量 18kW與8.5kW PSU出貨 110kW Power Shelf下半年量產 今年營收年增逾2成 H1 EPS 4.8元全年拚10元 2027年800VDC放量 股價09/02盤中328元新高；(3)聯發科=凱基期貨轉述外資5588/6800(ctee 20260903700326)=與09/02早盤大摩/花旗紀錄相同 不重複計列；(4)鴻海/緯創/仁寶=法人看好戴爾AI伺服器(待出貨訂單950億美元 全年營收上修至1920億美元)帶動協力廠(udn 9730888)；(5)金融股=台新投顧黃文清看好銀行型金控利差高檔 點名合庫金/華南金/兆豐金/國票金/台中銀/台新新光金(udn 9730882)；(6)佳能/今國光權證版(ctee 20260903700329)無評等；來源如上
2026-09-03,－(近24小時無新券商觀點),－,萬潤(6187),半導體－封裝自動化設備(自選股),無新評等,無新目標價,自選股本場次(週四早盤 窗口09/02 19:10至09/03 08:10)追蹤；★經工商時報09/03日報全版(A1-A15可見部分)＋證券首頁(新鮮至07:46)＋權證/亮點個股區塊＋經濟日報story側欄(推進至09/03 06:51)＋WebSearch專搜交叉查核 無任何新券商評等或目標價見報；既有紀錄不變=瑞銀1700(08/18) 高盛1550(07/10) 美銀1500(07/27) 高盛1800(04/23) 大摩1580 摩根大通1450 富邦800；行情=histock快取停08/31(收1345 -1.47% 成交2698張 三大法人-227張 08/28大摩分點買超812張 籌碼集中度55.23%) ★09/01與09/02收盤價仍未取得(列待補)；事件提示=SEMICON期間設備股逆勢走強(均華/精材09/02大漲) 萬潤是否同步待查；來源ctee newspaper/stock + money udn sidebars + histock 6187 + WebSearch
2026-09-03,法人（★未具名 外資/內資未載）,★未載,台達電(2308),電子零組件－電源供應器/液冷/資料中心系統整合,買進（維持）,2400(維持 ★前值未載 38倍PE ★本系統首次紀錄2400 既有序列2205-2922),工商時報09/03 10:32(方明)；論點=PSU電容品質事件集中特定零組件 多元供應商可直接替換無需重新送設計 營運衝擊有限；AI資料中心兩支柱=HVDC ±400V/900kW訂單能見度明確 2026年確定性成長引擎 800V架構待終端拉貨；液冷L2A Sidecar 140→260kW ASP提升 2026年液冷營收占比估12%；2027年營收估1.05兆 EPS 62.68元；行情=09/02 -7.24%收1730 09/03收1760(+30 +1.73%)回算隱含+36.4%；風險=未具名未載前值 換貨規模與索賠未量化 38倍PE偏高；已做個股摘要 260903_法人_台達電2308.docx；來源ctee 20260903700763 + 20260902701085
2026-09-03,大型投顧法人（★未具名）,內資(推測),日月光投控(3711),半導體－封測(OSAT),買進（維持）,★未載（僅稱獲利及利潤率仍有上檔空間）,經濟日報09/03 13:13(盧宏奇)；論點=由傳統封測轉向AI/HPC先進封測平台 2027年新產能放量 先進封測營收占比提升 高階測試規模擴大；FOCoS/FOCoS-Bridge/PLP整合RDL與局部矽橋；過去三年擴產迅速被吸收 AI封測由復甦轉結構性成長；部分AI產線接近滿載 美系大客戶CPU封裝Q3放量；2026年資本支出上修至約105億美元；既有對照=08/12大型民營金控投顧買進685 大摩08/29 628 花旗08/04買進；★方向性 無TP數字 無摘要 列查證項目；來源money udn 9731973
2026-09-03,投顧法人（★未具名）,內資(推測),大銀微系統(4576),半導體設備零組件－精密定位系統/線性馬達,買進（維持）,★調升目標價（新舊數字原文未載 待確認）,經濟日報09/03 12:50(盧宏奇)；論點=微米/奈米級定位系統訂單能見度5-6個月 晶圓代工先進製程擴充帶動前段設備大廠訂單 CoWoS測試設備訂單續增 CoPoS/FOPLP測試設備已送樣認證；矽光子檢測設備訂單4月出貨7月放量 7-8月估數百台 客戶8月兩度追單 能見度3-4季；兩階段擴產各+20%(6月完成/年底至2027年初)；PCB鑽孔機成型機需求2025Q4回溫 能見度2.5-3個月；★本系統首度收錄該檔 ★方向性 無TP數字 無摘要；來源money udn 9731915
2026-09-03,麥格理證券／摩根大通（★具名 ★補收錄09/01）,外資,聯發科(2454),半導體－IC設計/AI ASIC,優於大盤,麥格理10000(大幅調升 法人圈最高 ★既有紀錄已含)／摩根大通5600(★首次取得出處),工商時報09/01 12:21(陳彥綺)；同稿花旗買進6800 大摩超越大盤5588 大和5200；以漲停4315計隱含20%-132%；麥格理(亞系外資)估ECB轉換價約4500元 最大稀釋1.67%；美系外資估2026年資料中心營收逾20億美元 2027年可服務市場約800億美元 市占目標15-20%；天風郭明錤=合作關鍵為機櫃級(rack-scale)；★查證結案=09/01「外資最狂喊到1萬元」=麥格理；不另建摘要(聯發科09/02摘要已含三家 本次僅補出處)；來源ctee 20260901701158 + 20260901700872
2026-09-03,摩根大通（重述 不計新增）,外資,南亞(1303),塑化／電子材料－CCL 玻纖布 銅箔(PTFE),優於大盤（維持）,350(早盤場次已收錄),09/03 12:01工商時報轉載非凡新聞重述；新增細節=小摩上修2026年全球伺服器出貨成長率至約22% 2027年再增25%；★報告出爐當日股價反向重挫 盤中跌逾7%至219.5元 終場-6.94% 外資連2日賣超累計7419張 投信連10日買超累計32130張；不重複計列 不另建摘要；來源ctee 20260903701008
2026-09-03,－(法人／期貨研究部 無評等或無目標價),－,鴻勁(7769)／南電(8046)／華碩(2357)微星(2377)／台特化(4772)／緯創(3231)／族群策略,市場－產業與個股背景,無評等或無目標價,無,背景紀錄六則合併 不另建摘要；(1)鴻勁=國泰期貨研究部/投資顧問部(具名)=2027年產能年增50% AI/HPC與ASIC訂單占比近八成 能見度2-3季 10kW高功率溫控與Insertion 4光電同測設備Q4交付驗證機(udn 9731472)；(2)南電=09/02法人電話會議 Q4 BT載板暫不漲價 ABF仍有漲價空間 昆山廠Q4稼動率拚100% ★09/03跌停1080 載板四雄同弱 博通新加坡載板廠(Toppan投資500億日圓)2027財年啟用訂單分食疑慮(udn 9731359 + 9731773 + 9731723)；(3)華碩/微星=法人看好Agent PC帶動ASP與記憶體含量 RTX Spark首波售罄(udn 9731480)；(4)台特化=矽乙烷產能利用率近九成 AHF明年滿載 擴產2027年上線(udn 9731959 與早盤金控投顧同源)；(5)緯創=HPE Q3營收122億美元+34% AI網路訂單22億美元 傳緯創拿下HPE新單(udn 9732847 + 9732910)；(6)台新投信沈建宏(00416A)=9月震盪 看好光通訊/材料設備/漲價族群(被動元件 電源IC 矽晶圓)(ctee 20260903701018) 大華銀投信Q4展望台股PE逾21倍(ctee 20260903701443)
2026-09-03,－(近24小時無新券商觀點),－,萬潤(6187),半導體－封裝自動化設備(自選股),無新評等,無新目標價,自選股本場次(週四盤後 窗口09/03 08:10至19:10)追蹤；★經money.udn證券/產業即時列表(推進至09/03 19:01)＋ctee搜尋頁/目標價與RSS twmarket(推進至18:12)＋WebSearch專搜交叉查核 無任何新券商評等或目標價見報；既有紀錄不變=瑞銀1700(08/18) 高盛1550(07/10) 美銀1500(07/27) 高盛1800(04/23) 大摩1580 摩根大通1450 富邦800；★09/01-09/03收盤價仍未取得(最新已知08/31收1345 列待補)；事件提示=09/03電子零組件-2.82% 記憶體與被動元件為拋壓重災區 設備族群無獨立報導；來源money udn rank newest 5590/5591 + ctee search + WebSearch
2026-09-04,大和資本證券（★具名 簡威瑟）,外資,南電(8046),半導體－IC載板(ABF/BT),★原文未載評等文字（力挺語境）,2460(升 ★前值原文未載 本系統07/15大和紀錄2444),工商時報09/04 03:00 A3(簡威瑟)；論點=ABF朝大尺寸多層數 BT供需失衡；Q3營收估季增20% 昆山廠Q4稼動率100%；未簽LTA漲價彈性高 兩家業者縮減BT產能後單價再加速上漲 維持2027年BT單價預期；取得美系ODM AI HDI新單 PCB事業營收季增30% Q4起貢獻營益；2026-2028 EPS 18.82/62.05/114.13元 2028較2025成長37倍；行情=09/03跌停1080 回算隱含+127.8%(原文逾1.2倍)；風險=博通/TOPPAN新加坡自產載板(500億日圓 2027財年) 法說Q4暫不漲BT價；已做個股摘要 260904_大和資本_南電8046.docx；來源ctee 20260904700073 + money udn 9733377 + 9731359
2026-09-04,金控旗下投顧（★未具名）,內資,奇鋐(3017),電子零組件－散熱(水冷板/機殼/機櫃),★原文未載評等（看好語境）,4500(調升 ★前值原文未載 ★08/29「投顧調高TP無數字」查證結案),工商時報09/04 03:00 A31權證版(簡威瑟)；論點=ASIC需求最強帶動產品組合轉佳 Q3營收估季增19% EPS 28.53元；Q4 VR量產帶動水冷出貨 對手良率問題使單價與市占提升；VR Ultra因Socamm設計須擴大水冷板解熱範圍 增加水冷板與MQD用量；AMD MI400水冷市占由低雙位數上修至30%-40% 採雙層水冷板+內部分歧管；風險=VR Ultra設計未定 券商未具名；★09/03收盤價待補；已做個股摘要 260904_金控投顧_奇鋐3017.docx；來源ctee 20260904700288
2026-09-04,中信投顧（★具名）,內資,雙鴻(3324),電子零組件－散熱,買進（維持）,★原文未載,工商時報09/04 03:00 A31權證版(簡威瑟)；論點=9月新品推出及量產前準備 遞延需求回補 營運回升；客戶8-9月增加的GB300訂單拉貨延續至Q4；水冷板6月重新送輝達驗證 通過最快Q4小量出貨Vera Rubin水冷板；背景=7月EPS 6.47元 前七月賺近三股本 09/02列處置 09/04起期貨保證金1.5倍；★無TP 方向性；★09/03收盤價待補；已做個股摘要 260904_中信投顧_雙鴻3324.docx；來源ctee 20260904700288 + money udn 9733025
2026-09-04,群益金鼎證券（★副標具名 內文稱法人）,內資,華通(2313),電子零組件－PCB(衛星板/光模塊/伺服器),買進,★原文未載,工商時報09/04 03:00 A31權證版(簡威瑟)；論點=衛星板最大供應商 大客戶新一代V3衛星下半年啟動 板材規格與用量大幅提升；Q2資料中心營收季增46.1%(800G/1.6T光模塊+中國高階交換器主板)；Q3消費性旺季+光模塊逐步放量 資料中心營收維持高水準；光模塊與伺服器逐年倍增；★無TP 與09/02投顧調高TP(數字未載)是否同源待確認；★09/03收盤價待補；已做個股摘要 260904_群益金鼎_華通2313.docx；來源ctee 20260904700297
2026-09-04,台新證券（★副標具名 內文稱法人）,內資,長榮航(2618),航空運輸－客貨運,買進,50(★前值未載 本系統最高紀錄 既有第一金48/本土法人48),工商時報09/04 03:00 A31權證版(楊淨淳)；論點=8月營收可望佳績；客運受惠暑期旺季 赴外旅遊 新增華盛頓航線 今年客運營收估年增12%-15%；貨運受AI與傳統旺季帶動估年增15%-20%；下半年燃油均價估低於上半年；行情=09/03收42.8 回算隱含+16.8%；風險=美伊油價(WTI約91)與油價假設相左 Q2曾因燃油+110%獲利年減42%；已做個股摘要 260904_台新證券_長榮航2618.docx；來源ctee 20260904700294
2026-09-04,法人（★未具名 外資/內資未載）,★未載,台積電(2330),半導體－晶圓代工,買進,3115(★前值未載 本系統首次紀錄 介於美銀3100與FactSet 3160之間 既有序列2700-3700),工商時報09/04 03:00 A31權證版(楊淨淳)；論點=台積電於半導體論壇稱2027年矽光子占光收發模組市場逾5成 最終體現為CPO；法人看好掌握EIC/PIC 3D堆疊關鍵技術並主導CPO生態系；同稿聯發科重述大摩5588/花旗6800(已收錄 不重複) 補充ECB 39億美元用於零組件採購與晶圓代工預付款 深化與Alphabet TPU合作；行情=09/03 +0.21%收2390 回算隱含+30.3% ADR 417.01美元溢價10.88%；風險=未具名 美擬半導體新關稅 外資連2日賣超累計1395億；已做個股摘要 260904_法人_台積電2330.docx；來源ctee 20260904700285 + money udn 9733369 + 9733674
2026-09-04,摩根士丹利（★具名 產業報告）＋本土法人／瑞銀（理財周刊引述出貨預估）,外資,CPO測試供應鏈：汎銓(6830)／致茂(2360)／萬潤(6187)／旺矽(6223)／穎崴(6515)／鴻勁(7769)／世芯-KY(3661),半導體－CPO測試/設備/ASIC(方向性),無個股評等,無,方向性2則 不另建摘要；(1)大摩CPO測試(money udn 9733022 09/03 23:03 崔馨方)=參與SEMICON矽光子高峰會後指測試已成CPO量產核心挑戰 艾德萬測試機需求因XPU採CoWoS快速成長 光引擎與XPU/HBM共同封裝後測試難度再升 ficonTEC稱未來五年產能需求超過過去25年累計交貨量；本土法人點名汎銓/致茂/萬潤/旺矽/穎崴/鴻勁受惠；(2)理財周刊洪寶山專欄(money udn 9732656 09/03 23:21)引瑞銀估Trainium3出貨2026/2027/2028約180/280/460萬顆 Trainium4最快2027Q4接棒；專欄自估世芯2026 EPS 145元 2027年195元 2028年260元 以30倍推潛在空間約51%(非券商TP)；來源如上
2026-09-04,－(法人／供應鏈 無評等或無目標價),－,台積電(2330)／日月光投控(3711)／南電(8046)／國泰金(2882)／玉山金(2884)／欣興(3037)臻鼎(4958)／兆豐金(2886)聯發科(2454),市場－產業與個股背景,無評等或無目標價,無,背景紀錄六則合併 不另建摘要；(1)博通財報(udn 9733369)=AI半導體營收本年度+186%至580億美元 2027財年1150億 2028財年2300億 法人看好台積電先進製程投片與日月光投控先進封測；但本季展望低於預期美股-2.7%；(2)博通新加坡自產載板(udn 9733377)=2027財年啟用 憂南電訂單遭瓜分 並接洽欣興/景碩；(3)國泰金(ctee 20260903702148 + 20260904700291)=法人保守估全年調整後EPS約15元 配發率四成 明年現金股利6元以上；H1 EPS 4.95；玉山金09/03 +6.67%收43.2創高；(4)高階PCB(ctee 20260904700072)=NPO 2026下半年放量 CPO線寬線距約25微米 欣興山鶯廠光模組產能Q4開出；(5)法人買超站穩均線(udn 9733104付費摘要)=兆豐金/聯發科；統一中小莊承憲(udn 9733031)看好散熱/電源/ABF CCL/光通訊；(6)公司面=雙鴻7月EPS 6.47 盟立在手訂單150億 中砂8月營收8.99億創高法人估今年增逾二成 汎銓8月營收攻頂 漢測承銷價2250元；來源如上
2026-09-04,－(近24小時無新券商觀點),－,萬潤(6187),半導體－封裝自動化設備(自選股),無新評等,無新目標價,自選股本場次(週五早盤 窗口09/03 19:10至09/04 08:10)追蹤；★經工商時報09/04日報全版(newspaper.ctee A1-A31版面對照)＋RSS權證/亮點/半導體版＋經濟日報證券頻道(推進至09/04 07:09)＋WebSearch專搜交叉查核 無任何新券商評等或目標價見報；唯一相關=大摩CPO測試產業報告中本土法人點名萬潤為受惠CPO測試/檢量測放量台廠之一(無評等 udn 9733022)；既有紀錄不變=瑞銀1700(08/18) 高盛1550(07/10) 美銀1500(07/27) 高盛1800(04/23) 大摩1580 摩根大通1450 富邦800；行情=histock 09/03收1300(-40 -2.99%) 成交2927張 三大法人-75張(外資-126連4賣累計-849 投信+51) 分點摩根大通+108/台新+85/大摩+62 美林-94/瑞銀-69 融資3478張(-178) 當沖率60.85% 籌碼集中度55.23%(08/28) 近一週-9.1% 自今年高點-12.8% PE 67.39；★09/01-09/02收盤價仍未取得(列待補)；來源histock 6187 + money udn 9733022 + WebSearch
2026-09-04,法人（★未具名 外資/內資未載）,★未載,祥碩(5269),半導體－IC設計(高速介面IC/Chipset),買進（維持）,1825(前值1800 小幅上修+1.4%),時報資訊09/04 10:15(王逸芯)；Q2營收27.23億(季減22.2%) 毛利率50.3%低於預估52.5% 認列文曄業外14.72億 EPS 27.22元單季新高；2026 EPS估104.69元創高 但全年營收下修2.6%至110.8億(年減17.4%) 營益26.25億(-33.7%) 淨利77.63億(+43.1%)；PCIe Gen4 12/24 lane量產 48 lane Q4推出 PCIe+SATA全年營收較2025倍增；2027動能=USB4 Host切入美系人形機器人＋高通ASIC；風險=PC疲弱 DDR5漲價 AMD轉AM4使Chipset ASP轉弱；★首次收錄該檔具體TP ★09/04收盤價待補 以104.69計約17.4倍PE；已做個股摘要 260904_法人_祥碩5269.docx；來源ctee 20260904700883
2026-09-04,美系外資（★未具名）,外資,亞德客-KY(1590),電機機械－氣動元件/線性滑軌,買進（維持）,1925(★前值未載 高於瑞銀08/24 1877與FactSet 1900),時報資訊09/04 13:36(莊丙農)；8月營收37億年增43% 低於外資預期6%(工作天數/淡季)；大陸氣動元件需求續改善 電子+36%(今年最高) 紡織+47% 工具機+35% 電池+30%；線性滑軌8月約人民幣5900萬 日均230→250萬；估9月營收人民幣8.27億(月增6% 年增17%)折合新台幣39.3億(年增27%)；★09/04收盤價待補；已做個股摘要 260904_美系外資_亞德客-KY1590.docx；來源ctee 20260904701236
2026-09-04,高盛（★具名 ODM產業分歧報告）,外資,鴻海(2317)／緯穎(6669)／緯創(3231)＝買進；廣達(2382)／英業達(2356)／仁寶(2324)＝相對中立,電子代工－ODM/AI伺服器,買進(鴻海/緯穎/緯創)／相對中立(廣達/英業達/仁寶) ★新舊未載,★六檔全數未載,經濟日報09/04 10:46(秦鈺翔)＋18:10廣達稿(9735161)；產業論點=消費性電子上半年提前拉貨後放緩 成長重心在AI伺服器 Vera Rubin放量抵消消費性疲弱；鴻海=7月營收年月雙增 Q3 AI伺服器＋蘋果新品 8月維持強勁(09/04收256 +3.43%)；緯穎=通用伺服器穩定 AWS Trainium3量產＋新增GPU產品線 下半年逐季成長；緯創=7月營收+61%遠超預期 企業端AI伺服器需求遠超想像 VR帶動ASP(09/04收198 +5.04%創高)；廣達=機櫃級AI伺服器＋PC優於預期使7月超預期 但記憶體漲價壓抑PC 8-9月營收月減 Q4次世代機櫃放量重回季增 Quanta USA租賃198768平方英尺合約總額約14.77億元；★廣達/緯穎09/04收盤價待補；已做個股摘要4份 260904_高盛_鴻海2317/緯穎6669/緯創3231/廣達2382.docx；來源money udn 9734021 + 9735161 + 9734403
2026-09-04,多家外資（★未具名 ★研判為既有報告重述）,外資,國巨(2327),電子零組件－被動元件MLCC,買（原文喊買）,上看1450(★未點名券商 與花旗08/14重申1450相同 非新調整),經濟日報09/04 14:18(楊伶雯)；TrendForce指三星電機率先對OEM/ODM調漲2026Q4 MLCC報價(工商:Q4漲10-30%) MLCC進入漲價循環 Q4供需缺口擴大；三星電機取得1.0722兆韓元AI伺服器MLCC長約；國巨09/04漲停收562 華新科/禾伸堂/金山電/大毅漲停 信昌電+8.09%；以562回算1450隱含+158%；花旗09/04盤後舉辦Citi 2026 Semicon Tour說明會(內容未見報)；既有序列=花旗08/14 1450 高盛07/30 1280 大摩07/23 1465；已做個股摘要 260904_多家外資_國巨2327.docx；來源money udn 9734647 + ctee 20260904701287
2026-09-04,－(投顧法人／大摩／大型本國投顧／法人 無評等或無目標價),－,CCL台光電(2383)台燿(6274)聯茂(6213)南亞(1303)／載板欣興(3037)南電(8046)臻鼎-KY(4958)／精測(6510)穎崴(6515)旺矽(6223)鴻勁(7769)志聖(2467)中砂(1560)／鈺齊-KY(9802)志強-KY(6768)聚陽(1477)／中華化(1727)／仁寶(2324)／南亞科(2408)富邦金(2881)／信驊(5274)上詮(3363)統新(6426),市場－產業與個股背景,無評等或無目標價,無,方向性4則＋背景7則合併 不另建摘要；(1)投顧法人(udn 9734446 盧宏奇)=Panasonic再漲PCB/載板材料15-30% CCL瓶頸在玻纖布(E-glass/T-glass吃緊) 看好CCL四廠與載板三廠；(2)大摩(udn 9734403 崔馨方)鴻海/欣興CEO爐邊會談=AI資本支出前所未見 產能分散結構性 Made with Taiwan ABF大尺寸高層數加劇緊縮 樹脂與T-glass緊繃 無評等；(3)大型本國投顧(udn 9734402)=SEMICON先進封測 設備客戶更分散(OSAT/美系IDM/記憶體/德州Terafab) CPO/FOPLP/TGV方案增 看好精測/穎崴/旺矽/鴻勁/志聖/中砂；(4)法人(udn 9734373)紡織製鞋=Q4零售個位數成長 2027品牌新品擴張 明年回雙位數 維持看好鈺齊/志強/聚陽；(5)中華化(udn 9733791)=8月營收+62.6% 電子級硫酸7nm以下認證 2028需求翻倍60萬噸；(6)仁寶(udn 9734562)=HUMAIN阿拉伯語M3 仁寶最大受惠 09/04+7%；(7)中信投信徐啟葳(ctee 700917/udn 9734451)三選股條件 核心持股台積電/台光電/川湖/健策/台耀；(8)南亞科法人=7-8月達Q3目標72% 10月換約價；富邦金法人估明年股利5.5-7元(ctee 700832/700970)；(9)南電分析師阮蕙慈三大殺機/臻鼎回應能見度至2029 深圳投資120億人民幣(ctee 700638/701019)；(10)信驊2027在手訂單超2026營收 Q4漲價雙位數(ctee 701753)；上詮FAU擴產/統新資料中心互連(udn 9735181/9735070)；(11)瑞銀2027全球AI資本支出1.2兆美元(ctee 701720 僅標題)；來源如上
2026-09-04,－(近24小時無新券商觀點),－,萬潤(6187),半導體－封裝自動化設備(自選股),無新評等,無新目標價,自選股本場次(週五盤後 窗口09/04 08:10至19:10)追蹤；經ctee即時證券列表/RSS(總覽至14:32)＋搜尋頁萬潤(最新08/28)＋money.udn證券即時列表(09/04全日07:09-18:56完整)＋產業列表(11:24-19:12)＋站內標籤頁＋WebSearch專搜交叉查核 無任何新券商評等或目標價 亦無任何提及；既有紀錄不變=瑞銀1700(08/18) 高盛1550(07/10) 美銀1500(07/27) 高盛1800(04/23) 大摩1580 摩根大通1450 富邦800；行情=histock快取仍停09/03收1300 ★09/04收盤價未取得(列待補) ★09/01-09/02收盤價仍待補；上櫃指數09/04+1.83% 設備族群無獨立報導；來源ctee search + money udn rank newest + histock 6187 + WebSearch
2026-09-05,高盛（★具名 ODM產業報告 ★補收錄09/04 23:57紙本版完整清單）,外資,奇鋐(3017)＝買進；和碩(4938)＝賣出；技嘉(2376)／華碩(2357)＝中立,電子代工－ODM／散熱(方向性),奇鋐買進／和碩賣出／技嘉華碩中立（★新舊未載）,★四檔全數未載,經濟日報09/04 23:57(崔馨方)紙本版；09/04盤後場次已收錄同報告六檔(鴻海/緯穎/緯創買進 廣達/英業達/仁寶中立) 本則補齊為10檔；產業論點=蘋果新機量產＋AI伺服器規格升級＋ASIC滲透率提升三大動能 10家ODM 8/9/10月平均營收估月減2%/月減3%/月增3% 年增50%/25%/27% 鴻海Q3營收估年增48%季增22% 8月估1.051兆(年增73%月增11%)；奇鋐=四檔買進中唯一零組件廠 09/04收3560天價 既有高盛04/27買進3536 金控投顧09/04 4500；和碩=10檔唯一賣出 ★本系統首次紀錄高盛對和碩評等 原文未載理由(本系統推論AI伺服器占比低) 既有美系外資08/13中立96 ★09/04收盤價待補；已做個股摘要2份 260905_高盛_奇鋐3017.docx／260905_高盛_和碩4938.docx 技嘉華碩中立不另建摘要；來源money udn 9735332 + 9734021
2026-09-05,－(法人／投顧／權證版 無評等或無目標價),－,緯創(3231)／台光電(2383)台燿(6274)聯茂(6213)／景碩(3189)／聯電(2303)／信驊(5274)／京元電(2449)富喬(6217)／大銀微系統(4576)／瑞銀論壇名單,市場－產業與個股背景,無評等或無目標價,無,背景紀錄八則合併 不另建摘要；(1)緯創=凱基投顧估2027年GB/VR機櫃出貨由2026約1.8萬櫃增至2-2.5萬櫃以上(ctee 20260905700041 同稿富邦投顧陳奕光2026企業募資破1.2兆 15檔ECB募資165.3億美元)；(2)CCL三雄8月營收創高=台光電201.46億首破200億(年增129.85%) 台燿59.15億 聯茂50.44億 法人看台光電漲價效應H2反映成長至2027-28 聯茂M9通過美系GPU認證2027小量出貨(ctee 700145 udn 9735583)；(3)景碩8月48.10億連五月新高 法人看Q3/Q4季增雙位數 ABF稼動率85%→年底95% 2027 ABF月產能4000→5000萬顆 T-Glass短缺每月10-15%營收缺口(ctee 700165)；(4)聯電8月250.44億史上第三高 Q3出貨季增7-9% 毛利率34-36% AI營收2026近3億美元三年破10億 資本支出15→20億美元(ctee 700162 udn 9735447)；信驊8月16.26億連十月新高 2027在手訂單超過今年全年 Q4漲價雙位數ASP挑戰20美元(ctee 700064 udn 9735580)；(5)京元電/富喬權證版=京元電Q3營收估120.6億EPS 2.1 全年EPS 8.8 聯發科TPU後段測試9月爬坡；富喬Q3營收24.9億毛利率43.1% 全年EPS 4.8(udn 9735311)；(6)大銀微系統8月4.27億(年增98%)創高 法人估全年上看40億 矽光子檢測平台8月大量追單能見度至2027Q2(udn 9735617)；(7)瑞銀台灣企業投資論壇下週起至9月底 聯發科/創意/信驊/廣達/欣興/臻鼎/奇鋐/群聯/光寶科/聖暉/京鼎/上詮/力旺/研華/緯穎/英業達/嘉澤/致茂 傳產亞德客/jpp/振大環球/來億/巨大/中砂(udn 9735575)；(8)策略=富邦陳奕光9/16第34天轉折攻47395 10/16箭指48218 康和廖繼弘45000-47000 統一黎方國43000-47000翻多待10月中 第一金黃詣庭FOMC前44200-47000 群益蔡明彥外資回補可攻47000(ctee 700073 700150 udn 9735576)；來源如上
2026-09-05,－(近24小時無新券商觀點),－,萬潤(6187),半導體－封裝自動化設備(自選股),無新評等,無新目標價,自選股本場次(週六早盤 窗口09/04 19:10至09/05 08:10)追蹤；經工商時報09/05日報全版清單(A1-A10 B1-B8)＋即時證券列表/RSS(至07:53)＋站內搜尋萬潤(最新08/28)＋經濟日報即時總覽(至08:06)與證券/產業分類列表＋WebSearch專搜交叉查核 無任何新券商評等或目標價 亦無任何提及；既有紀錄不變=瑞銀1700(08/18) 高盛1550(07/10) 美銀1500(07/27) 高盛1800(04/23) 大摩1580 摩根大通1450 富邦800；★行情=histock 09/04收1305(+5 +0.38%) 成交1920張 三大法人-48張(外資-102連5賣累計-951 投信+38連2買 自營+16) 分點高盛+79/凱基台北+68/摩根大通+43/瑞銀+26 台灣摩根士丹利-300/元大-90/台新-76 融資3435張(-43連3減) 當沖率54.14% 籌碼集中度55.23%(08/28) 三日-5.1% 一週-4.4% 自今年高點-12.4% PE 67.65 EPS 8.5(Q2)；★09/01-09/02收盤價仍未取得(列待補；09/01三大法人-228張 外資-632投信+363 09/02 -98張)；來源histock 6187 + ctee search + money udn rank newest + WebSearch
2026-09-06,日系外資（★未具名）,外資,鴻海(2317),電子代工－AI伺服器/AI機櫃/網通,買進（維持）,435(上調 前值352 +23.6% ★本系統首次取得該前值),工商時報09/05 15:55(17:01更新)；論點=上半年費用控管優於預期＋網通/CPU/一般伺服器與AI需求強勁 2026-2028獲利預期分別調升12.8%/23.4%/24.9%；8月自結合併營收9217.66億(月減2.61% 年增51.98%)同期新高歷史次高 前8月6兆5111.39億(年增39.73%)；法說=輪值執行長蔣集恆預期Q3營收顯著季增強勁年增 AI機櫃出貨季增高雙位數 全年AI機櫃出貨倍數以上成長 2027資本支出續增；以09/04收256回算+69.9%(本系統回算)；風險=券商未具名 評價基準未載 全球政經局勢多變 8月消費智慧與電腦終端產品因新舊產品轉換雙雙月減；對照09/04高盛ODM報告列買進(TP未載 估8月營收1.051兆 高於實際9217.66億)；已做個股摘要 260906_日系外資美系外資_鴻海2317.docx；來源ctee 20260905700639-430201
2026-09-06,美系外資（★未具名）,外資,鴻海(2317),電子代工－AI伺服器/AI機櫃/網通,買進（維持）,400(上調 前值360 +11.1% ★本系統首次取得該前值),同稿(ctee 20260905700639)；論點=AI機櫃 客製化晶片(ASIC)及網通需求帶動進入另一波加速期 後續營運具備多項催化因素 2026-2028獲利預期分別調升8%/3%/8%；以09/04收256回算+56.3%(本系統回算)；★兩家外資TP差35元(8.75%)；風險=券商未具名 評價基準未載；已併入同一份個股摘要；來源ctee 20260905700639-430201
2026-09-06,★未具名券商（原文：09/04最新出爐的券商報告）,★未載,大成鋼(2027),鋼鐵－不鏽鋼/鋁材美國通路,看多（維持）,55(前值★未載),工商時報09/06 03:00 股市致勝周報B9 法人票選股；論點=預估今年EPS達5.57元；深耕美國在地化供應鏈受惠基建法案持續推進；德州鋁廠產能擴建效益發酵帶動Q2起獲利大幅回升；技術面09/04收50.20收復50元關卡 成交量逾1.7萬張 均線多頭排列；以50.20回算+9.6% 以EPS 5.57計約9.9倍PE(本系統回算)；風險=券商完全未具名 未載外資/內資 前值與評價基準未載 上檔空間僅約9.6% 原文未列風險；★本系統首度收錄該檔具體目標價；已做個股摘要 260906_未具名券商_大成鋼2027.docx；來源ctee 20260906700153-439903
2026-09-06,美系外資（★未具名）,外資,華城(1519),重電－電力設備(變壓器/AIDC),喊買（原文用詞）,★原文未載,工商時報09/06 03:00 股市致勝周報B9；論點=四大動能=台電強韌電網計畫/美國電力基礎建設/半導體持續擴廠/AIDC；AIDC累計在手訂單逾220億元 已開始接2029或2030年出貨訂單 整體在手訂單能見度看到2029年；籌碼=09/04外資由賣轉買283張 三大法人合計買超353張 股價大漲24元收746元 收復5/10/20日均線；風險=券商未具名 評等為新聞轉述之喊買非正式評等文字 TP/EPS/評價基準全數未載 上檔須克服年線783.26元賣壓 長天期訂單價格與毛利率條件未揭露；★本系統首度收錄該檔(既有紀錄=大摩08/11 法人08/13)；已做個股摘要 260906_美系外資_華城1519.docx；來源ctee 20260906700149-439903
2026-09-06,大型投顧法人（★未具名）,內資,華碩(2357)／微星(2377),電腦及週邊－PC/AI PC品牌,正向看待（★原文未載正式評等）,★未載,經濟日報09/05 13:00；論點=PC短期受記憶體成本上揚 部分換機需求遞延 但首波RTX Spark產品預訂銷售一空 呈總量偏弱/AI PC需求強勁的結構性分化；RTX Spark可本地端跑1200億參數LLM；AI PC核心規格由NPU TOPS轉向整機架構競爭 記憶體配置由16GB/32GB往32GB/64GB以上移動 高階代理機種可能採128GB；風險=需求集中在AI開發/內容創作/企業IT等高價值利基 PC總量仍偏弱；★方向性 無評等無TP 不另建摘要；來源money udn 9736266
2026-09-06,大型本國投顧（★未具名）,內資,聯友金屬-創(7610),再生金屬－鎢/鈷循環經濟(軍工＋去中化),★原文未載,★未載（稱評價具進一步上修空間 有機會比價國外大廠）,經濟日報09/05 14:05；論點=廢鎢處理能力與量能全球前五 受惠去中化與中國供給限制 大幅擴產推升2025-2028年鎢產品銷售年複合成長率180%；副產品鈷高值化議價能力增強 維持優渥利潤率；台灣唯一以廢棄鎢鋼及製程碎削為原料生產鎢酸鹽與碳酸鈷者 計畫延伸至鎳/鉻/銅；風險=高值化新廠2027下半年才陸續投產 2028年後才是下一階段爆發期 貢獻遞延 券商未具名；★本系統首度收錄該檔 ★方向性 無摘要；來源money udn 9736388
2026-09-06,法人（★未具名 載體萬寶週刊 文/張文赫）,內資,健策(3653),電子零組件－AI晶片級散熱(均熱片/Lid/Stiffener),★原文未載,★未載,經濟日報09/05 20:17；論點=切入NVIDIA Rubin GPU與AWS Trainium3供應鏈；法人估Q3營收96.65億(季增約33% 年增約91%) 毛利率有機會站上47% 單季EPS有機會突破20元；部分樂觀預估2026-2028年EPS達71/151/262元(★原文自稱部分樂觀預估 非市場共識)；Q2毛利率46.81%明顯高於奇鋐32.57% 反映晶片封裝層級vs整機散熱定位差異；風險=原文自列觀察點Q3營收能否續創高/Rubin與Trainium3拉貨速度/毛利率能否維持47% 週刊層級應打折 文末附投顧免責聲明；★方向性 無摘要；來源money udn 9732600
2026-09-06,法人（★未具名 載體萬寶週刊 文/黃清照）,內資,國巨*(2327),電子零組件－被動元件(MLCC/鉭電/鋁電/薄膜電容),★非正式評等（稱可搶中級反彈）,★未載,經濟日報09/05 20:32；論點=訂單出貨比B/B已達1.3；7月起調漲全系列電容價格 首次擴大至EMS及OEM直接客戶 涉及產品占營收逾五成 漲價效應下半年反映；Q2營收444.56億(季增16.5% 年增35.7%) 毛利率38.5% 稅後純益94.18億 EPS 4.59元 上半年EPS 8.48元；7月營收161.31億創歷史新高 前七月987.53億(年增32.5%)；法人估今年EPS約19.7元 明年31.5元 9/2收540換算今年PE約27.4倍；風險=股價曾自1220腰斬至500附近 作者警告美債殖利率居高與伊朗情勢不利高PE股 定位中級反彈非長多；既有序列=花旗08/14 1450 大摩07/23 1465 高盛07/30 1280 多家外資09/04 1450重述；★方向性 無摘要；來源money udn 9732595
2026-09-06,分析師（★未具名）,★未載,新日興(3376),機構件－軸承(折疊機Hinge/NB Hinge/穿戴),★原文未載,★未載（估今年EPS 5.5元）,經濟日報09/05 14:21；論點=Q2毛利率9.8% 營業利益率-3.1% 業外淨收入1.25億 稅後淨利0.62億 EPS 0.32元；折疊螢幕Hinge與美系客戶已開發多年 該客戶Q3發表首款折疊機；折疊機Hinge營收比重2026年31.4% 2027年升至43.3%；風險=Q2本業虧損獲利全靠業外 NB Hinge市占逐年下滑2026年估與2025年持平 穿戴2025年營收年減28.8% 2026年估再年減10.6%；★本系統首度收錄該檔 ★方向性 無摘要；來源money udn 9736410
2026-09-06,凱基投顧 朱晏民／群益投顧 蔡明彥（★具名）,內資,華通(2313)全新(2455)晶技(3042)佳世達(2352)晶宏(3141)亞光(3019)倉和(6538)信邦(3023)艾迪森 大銀微系統(4576)聯亞(3081)上銀(2049)晶碩(6491)東和鋼鐵(2006),跨產業－營收三增選股(方向性),★原文未載（僅稱可望領漲抗跌）,★未載,經濟日報09/06 01:47；論點=大型CSP持續擴大AI基建投資帶動台廠訂單與獲利不斷上修 下半年展望優於預期 加上非AI產業營運明顯改善 8月整體營收續唱高歌可期；截至09/05逾200家上市櫃公告8月營收 其中約92家月增年增且累計成長；上列為營收三增且法人近五日買超500張以上者；全新8月營收4.7億續創歷史新高 法人預期下半年加速增溫；風險=台股近日多空交戰激烈 操作難度增加 定位為短多題材 無個股評等與TP；★方向性 無摘要；來源money udn 9736856
2026-09-06,－(近24小時無新券商觀點),－,萬潤(6187),半導體－封裝自動化設備(自選股),無新評等,無新目標價,自選股本場次(週日早盤 窗口09/05 08:10至09/06 08:10)追蹤；★經工商時報09/06日報全版(A1-A8 ＋股市致勝周報B1-B16)＋即時證券稿(新鮮至09/06 06:37)＋經濟日報story側欄(推進至09/06 02:16)＋Goodinfo個股新聞及公告清單(近一個月 最新為09/02大盤稿)＋WebSearch專搜交叉查核 無任何新券商評等或目標價 亦無任何個股新聞提及；既有紀錄不變=瑞銀1700(08/18) 高盛1550(07/10) 美銀1500(07/27) 高盛1800(04/23) 大摩1580 摩根大通1450 富邦800；★行情(Goodinfo 09/04)=收1305(+5 +0.38% 連2跌後翻紅) 成交2009張/26.24億 均價1306 高1360低1280振幅6.15% PER 66.65 PBR 14.92 PEG 3.78 當沖1088張當沖率54.14% 融資3435張(+7) 融券38張；均線5日1333↘(乖離-2.1%) 10日1324↗ 月1274↗ 季1121↗ 年739.9↗(乖離+76.38%)；今年以來+258.52%(去年封關364) 今年高1490(04/23)低357.5(01/09) 財報評分83分；★待補進度=09/02收盤價由09/03昨漲跌-40(-2.99%)回推為1340元(本系統回推 已解一項) 09/01收盤價仍未取得(最新確認08/31收1345)；來源goodinfo 6187 + ctee newspaper 439901/439903 + ctee livenews/stock + money udn story側欄 + WebSearch
2026-09-06,法人（★未具名 外資/內資未載）,★未載,聯發科(2454),半導體－IC設計/AI ASIC,強力買進（維持）,5625(★前值未載),工商時報09/06 16:05(方明)；論點=輝達重金入股聯發科 法人認為目的不只AI與車用 更是藉投資策略夥伴把NVLink導入CSP的ASIC架構 形成「自己不做ASIC但掌握ASIC生態系」；若聯發科XPU整合NVLink可望對抗博通XPU+OCS架構；估2027-2028年AI相關營收占比超越手機 2028年有機會突破整體營收50%；EPS估2026約66元(+0.5%)/2027 121.05元(+83.4%)/2028 256.7元(+112%)；原文稱以2027-2028平均EPS給25倍PE推算；★數字勾稽不符=5625/25=隱含EPS約225元 與原文2027/2028平均EPS 188.88元不符(本系統回算) 評價基準或數字其一有誤 列查證；以09/04收4415回算+27.4%(本系統回算)；既有序列=麥格理10000(09/01) 花旗6800 摩根大通5600 大摩5588 大和5200；風險=券商完全未具名 前值與前次評等日期未載 輝達入股金額/持股比例/換股條件未載 2028年EPS屬三年後預估能見度低；Q4 20億美元TPU營收為既有預估維持非新增；已做個股摘要 260906_法人_聯發科2454.docx；來源ctee 20260906700462-430201
2026-09-06,法人（★未具名 外資/內資未載）,★未載,南亞(1303),塑化／電子材料－CCL 銅箔 玻纖布,買進（維持）,★原文未載,工商時報09/06 11:34(方明)；★重要=稿中300元係市場話題性關卡(能不能挑戰300元) 並非券商目標價 不得引用；論點=獲利核心動能由塑化轉向電子材料；排除權益法投資收益後 自結稅前淨利率4月9.4%→5月13%→7月15.7% 歸母淨利率4.7%→9.2%→10.4% 顯示改善來自本業；法人預期電子材料漲價續行 8月營收優於7月 Q3優於Q2；子公司南電ABF/BT載板供不應求 南亞科受惠記憶體缺口 權益法收益季底才認列可再挹注；既有=摩根大通09/03優於大盤350(前值300)；行情09/03收219.5(-6.94%) ★09/04收盤價待補；風險=未具名 無TP無EPS無評價基準 未載前次評等與調整方向 權益法佔比高反轉將回沖 原文未列風險；已做個股摘要 260906_法人_南亞1303.docx；來源ctee 20260906700300-430201
2026-09-06,統一投顧 廖婉婷（★具名）／法人（★未具名）,內資,台虹(8039)／健策(3653)奇鋐(3017)雙鴻(3324)／臻鼎-KY(4958)／長榮航太(2645),跨產業－材料 散熱 PCB載板 航太(方向性),★皆未給評等,★皆未載,方向性4則合併 不另建摘要；(1)台虹=統一投顧總經理廖婉婷(節目鈔錢部署 ctee 20260906700369 09/06 14:16)=PTFE介電損耗低於M10(M10 DF約萬分之四以下)具下一代高速材料潛力 但仍只是選項 輝達下世代Switch/NVLink Switch/Midplane用M9 M10或PTFE仍在驗證 最大挑戰在下游PCB鑽孔與線路加工能力 留意做夢期與業績落地時間差 先進封裝材料貢獻恐遞延至明年；(2)散熱三雄=同一分析師(ctee 20260906700239 09/06 09:24)=健策為均熱片VC領導廠有專利優勢 單片VC約50美元 若下一代改雙片式單價可能升至約150美元 GPU出貨量不變也有營收槓桿；奇鋐除輝達鏈外切入AMD Helios 水冷板可能由單片增至上下雙片；雙鴻具訂單外溢與新材料題材；★明講不宜以外資目標價最高作為選股依據；(3)臻鼎-KY=法人機構未具名(udn 9737650 09/06 14:48)=SEMICON展出800G/1.6T高階光模組PCB與最高34層AI Server板 1.6T已放量3.2T打樣中預計2027量產 目標2027成為全球最大高階光模組PCB供應商 已切入兩家ASIC客戶及GPU客戶主板 AI應用營收占比估自2025年11.7%升至2027年38% 預估今年EPS 11.8元；(4)長榮航太=未具名(udn 9737392 09/06 11:34)=新機交機受限+機隊高齡化帶動維修需求 波音空巴新項目2027年後首件交付 長異發動機維修2025Q4轉盈2026全年可望獲利 具軍用商規無人機得標實績 風險=朝野無人機政策分歧 2400億無人載具發展條例落實進度；來源如上
2026-09-06,安聯投信 蕭惠中／永豐金證券 蘇威嘉／統一投顧 黎方國（★皆具名）,內資,ABF載板 被動元件 散熱 PCB族群／精測(6510)旺矽(6223)聖暉(5536)等／大盤,市場－族群與策略,無個股評等,無,背景3則合併 不另建摘要；(1)安聯投信台股團隊 安聯台灣大壩基金經理人蕭惠中(udn 9737394 09/06 11:34)=AI晶片迭代升級帶動ABF載板層數與面積需求明顯提升 供給成長不及需求 產業供需偏緊有助價格；市場焦點由修正較深的電子股擴散至被動元件/散熱/PCB及設備族群多點同步走揚；企業獲利今明年仍成長 中長期多頭架構具延續基礎；風險僅提利率政策預期反覆情緒面波動加大；(2)永豐金證券總經理蘇威嘉(udn 9737649 09/06 14:47 與櫃買中心合辦2026半導體展高峰論壇)=台灣外銷訂單站上900億美元新常態 AI出口由短期爆發轉結構性成長；Q3三大方向=ABF載板/CCL銅箔基板 先進製程與先進封測及被動元件 景氣回溫的塑化傳產；建議3T布局(Technology Leader/Timing/Tranche)；論壇與會逾20家含精測 旺矽 聖暉 漢測 德鑫半導體聯盟(非推薦標的)；(3)統一投顧董事長黎方國(udn 9737349 09/06 11:06 中央社吳家豪)=台股季線約45048點 未來4-6週季線上下約2000點區間震盪；9/9美財長貝森特啟動擴大長債回購為本週最大變數 美債殖利率牽動全球市場 9日前偏觀望；美伊衝突升溫壓抑追價；9/9蘋果秋季發表會利多蘋概供應鏈；須待10月中下旬台積電法說與Q3財報後才有落底轉多契機；來源如上
2026-09-06,－(近24小時無新券商觀點),－,萬潤(6187),半導體－封裝自動化設備(自選股),無新評等,無新目標價,自選股本場次(週日盤後 窗口09/06 08:10至19:10)追蹤；★經ctee RSS livenews/stock(09/06 03:00-16:05當日證券稿全覆蓋 15則帶完整pubDate)＋RSS livenews/ctee(至18:45)＋RSS livenews/industry(至18:31)＋/search/目標價＋newspaper 439901與439903(股市致勝周報B1-B16)＋money.udn rank/newest/1001/5591/1(至19:07)與5590/1(至14:48)＋cate/5590＋萬潤標籤頁＋WebSearch專搜交叉查核 無任何新券商評等或目標價 亦無任何個股新聞提及；既有紀錄不變=瑞銀1700(08/18) 高盛1550(07/10) 美銀1500(07/27) 高盛1800(04/23) 大摩1580 摩根大通1450 富邦800；★09/05(六)09/06(日)休市 最後交易日09/04收1305(+0.38%) 無新行情；★09/01收盤價仍待補；★money.udn萬潤標籤頁(search/tagging/1001/萬潤)快取停07/27落後6週 判定不可信入口 改以新鮮的證券/產業即時列表交叉確認；來源ctee RSS + newspaper + money udn rank newest + WebSearch
2026-09-07,麥格理證券（★具名 外資圈首家覆蓋）,外資,新應材(4749),半導體材料－微影製程特用化學品/光阻液,優於大盤（初評）,★8字頭（800-899區間 確切數字原文未載 列待確認）／無前值(初評),工商時報09/07 03:00(07:45更新)；★麥格理為外資圈第一家對新應材做基本面研究的券商；論點=晶圓代工廠間接材料在地化採購比重2020年約60%→2024年約65%→2030年目標68%；新應材為2奈米微影製程表面改質劑(Rinse)獨家供應商 能見度延伸至A10製程；先進製程化學品單片用量為成熟製程3倍；估2028年營收年增率加速至40%以上；光阻液最快2028年貢獻營收；09/04收776(+17 +2.24% 昨收759) 以800下緣回算+3.1% 以899上緣回算+15.9%(本系統回算)；風險=★目標價確切數字全文未載僅標題稱8字頭 ★無EPS無本益比評價基準 光阻液與A10貢獻遠在2028年 初評效應短線資金追捧 獨家供應反面為客戶高度集中；★本系統首度收錄該檔；已做個股摘要 260907_麥格理證券_新應材4749.docx(新建資料夾新應材4749)；來源ctee 20260907700179-430201
2026-09-07,統一投顧（★具名）,內資,華星光(4979),光通訊－雷射晶粒/光收發模組(DCI CW Laser EML),買進（初評）,800／無前值(初評),工商時報09/07 03:00(07:45更新)；論點=估2027年EPS 15.88元較今年增逾1倍；800G DCI已量產 CW Laser(供CPO/矽光子)需求續增 EML開始量產；7月自結EPS 0.92元；2027年雷射晶粒月產能由600萬顆倍增至1200萬顆；2028年再增約1萬平方公尺無塵室 能見度延至2028年；09/04收629(+57 +9.97%漲停 昨收572) 回算上檔+27.2%(本系統回算) 以2027 EPS 15.88計800約50.4倍PE(本系統回算)；風險=09/04已漲停追價風險 ★原文未載本益比倍數與計算年度 2027 EPS翻倍以上屬高度樂觀假設 產能600萬→1200萬顆開出後若需求不如預期壓縮稼動率 ★原文未列風險段落；★本系統首度收錄該檔；已做個股摘要 260907_統一投顧_華星光4979.docx(新建資料夾華星光4979)；來源ctee 20260907700179-430201
2026-09-07,本土投顧（★未具名）,內資,志聖(2467),半導體設備/PCB設備－先進封裝烘烤曝光壓合,★原文未載評等文字（僅稱目標價上看755元）,755（前值★未載）,工商時報09/07 03:00(06:31更新)；論點=CoWoS持續擴產 SoIC 2027年需求更強 2028年後CoPoS(面板級封裝)接棒 形成連續三段設備需求；日月光/矽品購廠擴大可服務市場；AI Server帶動HDI與HLC高層數PCB擴產為第二成長曲線；ABF載板重啟資本支出；09/04收603(+8 +1.34%) 回算上檔+25.2%(本系統回算)；風險=★券商完全未具名且評等文字未載 僅一個目標價數字 ★前值與前次評等日期未載無法判斷上調或維持 ★無EPS無評價基準 先進封裝設備自客戶擴產到入帳有2-4季遞延 原文未列風險；同篇辛耘(3583)8月自結營收10.68億創新高(月增9.77% 年增18.06%) 09/04收711(-31 -4.18%) 無評等無TP不另建摘要；已做個股摘要 260907_本土投顧_志聖2467.docx；來源ctee 20260907700229-430203
2026-09-07,本土投顧（★未具名）,內資,世芯-KY(3661),半導體－ASIC設計服務(IP/後段實體設計/量產),買進,★原文未載,工商時報09/07 03:00(06:31更新)；論點=2026年EPS估132.59元 2027年估160.25元(年增約20.9%)；北美大客戶N3製程量產＋下一代設計合作帶動Q2起營收躍升；車用ADAS 2026年起成第二大營收來源；N2產品2026年底Tape-Out；正爭取另一CSP新客戶為評價再上修關鍵催化；09/04收4220(+170 +4.20%) 以2026 EPS 132.59計約31.8倍PE 以2027 EPS 160.25計約26.3倍(本系統回算)；風險=★無目標價 ★券商未具名 客戶集中度高單一專案遞延即造成營收大幅波動 ★富時臺灣50於09/18收盤後生效之調整剔除世芯-KY(納入藥華藥) 被動資金賣壓為籌碼面明確逆風但本則報告未提及 新客戶尚未成案；已做個股摘要 260907_本土投顧_世芯-KY3661.docx；來源ctee 20260907700223-430203
2026-09-07,本土投顧（★未具名）,內資,大立光(3008),光學鏡頭－手機鏡頭/光通訊FAU/CPO光學元件,買進（重申）,★原文未載,工商時報09/07 03:00(06:31更新)；論點=iPhone鏡頭旺季下半年逐季成長 09/09蘋果發表會為直接催化；近期購廠購地訊號強 市場解讀將進軍FAU(光纖陣列單元)自動化組裝切入光通訊；已打入輝達1.6T/3.2T產品規劃 2027年末Rubin平台小量產 2028年Feynman平台導入矽光子/CPO後放量；8月營收50.1億元(月增2.7%)近四月最佳；09/04收7400(+250 +3.50%)；風險=★無TP ★券商未具名 ★無EPS無評價基準 CPO時程長(Rubin 2027末 Feynman 2028) FAU自動化為市場依購廠購地訊號推論公司未正式揭露 手機本業規格升級趨緩與陸廠競爭本則未討論 i18 Pro因DRAM成本估漲價10-20%恐影響備貨；已做個股摘要 260907_本土投顧_大立光3008.docx；來源ctee 20260907700223-430203
2026-09-07,高盛 策略師慕天輝（★具名 ★市場層級非個股評等）,外資,台股大盤／族群配置,市場－策略與指數目標,加碼台灣（Overweight）,指數12個月高點上調至54000點,工商時報09/07 07:22；論點=上調台股12個月指數高點至54000點 給予台灣加碼評等；預估台企2026年獲利成長62% 2027年成長30%；最愛族群=電子硬體 半導體 資本財 醫療照護 非中國大陸銀行；以09/04收46551回算至54000約+16.0%(本系統回算)；★屬市場層級評等 非個股評等 不建個股摘要；風險=前值指數目標與上調幅度未載 族群配置權重未載 獲利成長62%/30%之預估基準未載；來源ctee 20260907700039-439901
2026-09-07,－(法人／投顧／外銀 無評等或無目標價),－,緯創(3231)廣達(2382)緯穎(6669)台達電(2308)技嘉(2376)光寶科(2301)華碩(2357)英業達(2356)鴻海(2317)／盟立(2464)微星(2377)台化(1326)／永豐金(2890)台新新光金(2887)／上詮(3363),市場－產業與籌碼背景,無評等或無目標價,無,方向性/背景7則合併 不另建摘要；(1)AI伺服器資金流(ctee 20260907700176 07:29)=輝達戴爾報喜帶動資金轉進 點名最純9檔緯穎/台達電/技嘉/緯創/光寶科/廣達/華碩/英業達/鴻海；緯創09/04收198(+5.04%)法人週買超113.62億 廣達收345週買超85.41億 華碩收1025；(2)內外資同買16檔(ctee 700185 07:46)=外資與投信週買超均逾4000張者 緯創/台新新光金/中信金/玉山金/國泰金/長榮航/彰銀/永豐金/精材/華通/宏碁/遠東銀/第一金/廣達/華航/全新 金融股占8檔 屬籌碼統計；(3)外銀觀點(ctee 700258 06:53)=渣打/滙豐/星展看好AI題材延續 殖利率曲線趨陡利多金融股 屬總經類股觀點；(4)上詮(3363)(ctee 700169)=CPO布局進入營收貢獻期 Q3微量Q4放量 投資逾15億自動化設備 泰國廠Q4小量商轉 無評等無TP；(5)一週盤前解析(udn 9737966 01:40)=統一投顧協理陳晏平/台新投顧協理范婉瑜看好晶圓代工/ABF/光通訊/海運/金融；(6)避險與作帳(udn 9738161 01:57 / 9737963 01:42)=法人★未具名建議一高二低(高殖利率低本益比低基期)點名永豐金/台新新光金/緯創 另10檔集團作帳股點名緯創/仁寶；(7)高檔不追高三題材(udn 9738145 09/06 23:31 王奐敏)=機器人盟立2464/NB PC微星2377/塑化石化台化1326 無評等；另就市論勢群益投顧副總裁曾炎裕(udn 9737951)與42家營收攻頂稿統一投顧黎方國/華南投顧呂仁傑(udn 9738259)談升息機率 半導體廠務工程五強(漢唐/亞翔/帆宣/洋基/聖暉)在手訂單逾8800億創新高 台積電3奈米Q3單季產值估破4000億；來源如上
2026-09-07,－(近24小時無新券商觀點),－,萬潤(6187),半導體－封裝自動化設備(自選股),無新評等,無新目標價,自選股本場次(週一早盤 窗口09/06 19:10至09/07 08:10)追蹤；經ctee /search/萬潤(159則 最新個股稿仍為08/28在手訂單至明年Q2)＋ctee /search/目標價鏈式跳轉＋工商09/07日報全版＋經濟日報story側欄(推進至09/07 03:30)＋鉅亨網個股頁新聞快訊(無09/05後更新)＋WebSearch專搜交叉查核 無任何新券商評等或目標價 亦無任何個股新聞提及(09/01-09/04僅在外資近5日賣超列表出現代碼)；既有紀錄不變=瑞銀1700(08/18) 高盛1550(07/10) 美銀1500(07/27) 高盛1800(04/23) 大摩1580 摩根大通1450 富邦800；★★重大待補已解=09/01收盤價1375元(經鉅亨網個股頁昨收欄位回推確認) 連續多場次缺口結案；完整序列=08/31收1345 09/01收1375 09/02收1340(今開1360高1410低1335) 09/03收1300 09/04收1305(+5 +0.38% 今開1345高1360低1280)；★09/04三大法人逐筆買賣超因網頁截斷未取得(列待補)；來源goodinfo/cnyes 6187 + ctee search 萬潤 + money udn + WebSearch
2026-09-07,瑞銀證券 UBS 艾藍迪Randy Abrams（★具名）,外資,大立光(3008),光學鏡頭－手機鏡頭/CPO光通訊FAU,★賣出（由「買進」直接降評 跳過中性 調降2級）,5000（基本情境 原文稱維持不變 前值★未載）／樂觀9000 悲觀2500,工商時報09/07 11:49＋經濟日報09/07 17:45(盤後完整版)＋udn 09:48(盤中版僅稱歐系券商)；★本系統近期首見重大降評 當日跌停6660(-10.00%)成交1973張 光電類股指數重挫3.3%為當日最弱族群；論點=(1)股價自4月漲242% 目前達2027預估獲利35倍PE 遠高於歷史13-18倍 (2)市場對CPO的FAU進展過度樂觀 Q3末才啟動樣品線 整合PMLA與FA/AOET V-groove及康寧光纖 需數個季度提升良率 還須通過康寧/Senko/AuthenX驗證 第三代光學組件2028才實現 (3)占營收8成的最大旗艦客戶拉貨量至多持平 折疊機鏡頭規格保持相似 手機本業受記憶體漲價逆風 (4)以7-8月營收推算9月需月增73%才能達市場預期季增36-38% (5)競爭者天孚通信與垂直整合的Coherent 大立光推完整方案恐與整合夥伴利益衝突；EPS估2026 190元 2027 214元(盤後稿)／盤中稿載188/214/250 ★兩稿不一致；評價方法=手機鏡頭15倍PE CPO基準情境50倍PE假設市占40%；目標價較9月初高點7995折價37.5%；風險=★前值目標價與前次評等日期未載 ★樂觀9000悲觀2500區間相差3.6倍顯示CPO能見度極低 同日09:42另有★未具名法人稿方向相反(8月營收50.12億 月增2.76%年減16.23% Q3累計達成率52%低於旺季進度 估EPS 195/205 建議拉回布局) 09/09蘋果發表會為短線變數；已做個股摘要 260907_瑞銀證券_大立光3008.docx；來源ctee 20260907700824-430201 + 20260907700582-430201 + 20260907701183-430201 + money udn 9739795 + 9738625
2026-09-07,滙豐證券 HSBC（★具名）,外資,聯電(2303),半導體－晶圓代工(成熟製程),買進（★原文未載係新評/調升/維持）,212（前值★未載）,經濟日報09/07 17:19；論點=Q2獲利超越預期 產能利用率持續轉佳 加上調升資本支出以支援半導體需求 前景看好；8月營收250.44億(月增5% 年增30.7%)為2022/10以來近四年新高；同稿花旗與摩根士丹利亦表看好但★兩家皆未載評等與目標價；大和資本預測聯電2027Q1起特定製程節點(尤其AI相關)調漲2-5%；★未具名法人估2027營收年增22.8% EPS上修至7.33元 以212對7.33計約28.9倍PE(本系統回算)；09/07收143漲停(+10.00%)成交33.17萬張/466.99億 貢獻大盤約56點 以143回算+48.3%(本系統回算)；風險=★前值/前次評等日期/報告日期全未載 ★無EPS預估無評價基準 當日已鎖漲停追價風險 成熟製程面臨中國同業產能與價格競爭本則未討論；已做個股摘要 260907_滙豐證券_聯電2303.docx；來源money udn 9739735 + 9738844
2026-09-07,美系外資（★未具名 原文用詞美系外資/外資/法人）,外資,聯發科(2454),半導體－IC設計/AI ASIC,★未載（原文僅稱法人看好AI成長前景）,7000（原文稱「最高看至」 前值★未載）,經濟日報09/07 11:14；論點=輝達斥資35億美元認購聯發科39億美元海外CB(Alphabet與其他機構參與其餘約4億美元) 合作由AI ASIC延伸至機櫃級AI系統；導入NVLink Fusion並取得NVLink/NVHBM相關IP授權 爭取CSP的AI ASIC訂單競爭力提升；首款AI加速器ASIC來自Google預計今年Q4量產 蔡力行重申今年資料中心相關營收目標超過20億美元不變；外資認為若大型CSP專案持續落地 2028年ASIC營收仍有上修空間；09/07收4760(+345 +7.81%)盤中一度漲停4855 貢獻大盤近186點 以4760回算+47.1%(本系統回算)；既有序列=麥格理10000(09/01) 法人5625(09/06) 花旗6800 摩根大通5600 大摩5588 大和5200；風險=★券商名/評等等級/前值全未揭露 7000僅為最高一家無中位數或家數分布 ★輝達認購案持股比例/轉換價/轉換條件/是否稀釋EPS均未載 麥格理10000遠高於本則顯示市場預估發散度極大 Q4 20億美元為既有目標重申非新增 09/06場次法人5625與25倍PE回算不符疑點尚未結案；已做個股摘要 260907_美系外資_聯發科2454.docx；來源money udn 9738859
2026-09-07,摩根大通（★具名 ★既有報告重述 非本場次新調整）,外資,南亞(1303),塑化／電子材料－CCL 銅箔 玻纖布 PTFE,優於大盤（維持）,350（前值300 待確認 ★係09/03既有紀錄之重述）,工商時報09/07 11:14 由市場分析師王倚隆(老王 非券商)轉述解讀；論點=PTFE超低介電損耗利於高速高頻傳輸 被視為高階AI伺服器可能材料 南亞已累積玻纖強化PTFE預浸體與多層細線路加工專利；小摩預估全球伺服器出貨2026年+22% 2027年加速至+25%；南亞CCL產能利用率已達90%以上 高階M7+ CCL營收占比由2026H1不到8%提升至2027H2逾50%；小摩估南亞2026/2027淨利分別成長20%/68% 看好2027年ROE突破40%創歷史新高；籌碼=8月以來至09/04外資賣超 投信加碼48913張 自營加碼3268張 股價自7月底最低135.5至09/01一度衝250新天價 一個多月漲85%；風險=本篇未給EPS數字(09/03稿有13.38/24.18元) PTFE加工困難與良率挑戰未量化 輝達Rubin Ultra是否真採PTFE仍屬市場傳聞未證實 ★小摩前值300係由09/03稿推得本篇未明寫；★既有紀錄重述 不另建摘要；來源ctee 20260907700772-430201
2026-09-07,美系大行（★未具名）,外資,欣興(3037)／南電(8046),PCB載板－ABF/FC-BGA,重申正向（★非標準評等用語 未載Buy/Outperform等級）,★未載,經濟日報09/07 10:12；論點=(1)Broadcom是在確保FC-BGA載板供應來源 而非將載板生產內製化 對欣興/南電影響有限 (2)T-glass供應問題在更多供應商通過認證後有望於2027年緩解 由原物料成本推動漲價的BT若2027年趨於平緩並不意外 (3)券商對產業觀察仍聚焦ABF載板供應吃緊 交期拉長 LTA需求增加 預期在既有廠區內增加產能；09/07欣興收949(+5.21%)站回5日線 南電回升約1085(+2.5%)但短中期均線反壓仍蓋頂 臻鼎-KY收501(+8.21%)；風險=★券商完全未具名 無目標價 無EPS預估 原文末段語意跳接疑為被動元件段落誤植(待確認)；★無TP不另建摘要；來源money udn 9738677
2026-09-07,－(法人／投顧／分析師 無評等或無目標價),－,台積電(2330)／信驊(5274)／欣興(3037)南電(8046)景碩(3189)臻鼎(4958)金像電(2368)／AI供應鏈17檔／統新(6426)／友達(2409)群創(3481)／鴻海(2317),市場－產業與籌碼背景,無評等或無目標價,無,方向性/背景7則合併 不另建摘要；(1)台積電=瑞銀/花旗/美銀/高盛清一色看好但★全數未給評等與目標價 瑞銀預期2027年初先進製程可能調價5-10% 花旗指CoWoS持續售罄 高盛上調美中2026-2028 CSP資本支出 估美系CSP 2028年總資本支出高達1.14兆美元 暗喻AI泡沫無需擔憂(udn 9739735)；(2)ABF載板族群=前政府基金操盤手黃豐凱(ctee 700739 10:53)認為TOPPAN偏高密度細線路ABF 與Ibiden定位不同 不等於全面取代台廠 較像博通建自有In-house供應鏈；南電BT漲不動不等於要降價且BT非營收占比最高 中長線仍有機會；景碩營收創高擴產積極 和碩調節持股涉入沒市場想像深 反成法人重新布局首選；欣興投信因公司治理疑慮觀望但外資持續買進 屬留校察看非基本面翻空；臻鼎/金像電洗產地受惠多屬短線想像；(3)摩爾投顧江國中(ctee 700454 08:41)點名AI供應鏈17檔=台積電/日月光投控/南亞科/華邦電/欣興/南電/京元電/家登/眾達-KY/上詮/華星光/聯亞/鴻海/廣達/緯創/緯穎/金像電 全無評等無TP 附免責聲明；(4)信驊(ctee 700758 11:05 udn 9738612)=8月營收16.26億(月增6.69% 年增118.42%)連10個月創高 前8月101.68億(年增74.49%) 董座林鴻明指Q4營收66-68億毛利率67-68% Q4起漲價雙位數 ASP明年有機會上看20美元 2027在手訂單已超過今年全年營收 能見度看到2028年 當日漲停19215距天價19880僅665元；(5)老AI拉回(ctee 700865 11:59)=上週五外資買超榜仁寶69366張/鴻海26407/緯創23925/英業達13444/廣達12836 09/07全數熄火 仁寶盤中跌逾5%最低39.2 鴻海翻黑最低252.5 廣達/緯創/英業達跌1-3%；(6)統新(6426)(udn 9739297 14:11)=濾光片漲停創新高296元 法人看好訂單能見度可望看到明年 產線接近滿載 新產線明年Q1到位 無券商名無TP；(7)面板雙虎(udn 9739717 17:11)=友達資產活化(新加坡L4B廠87.53億售予威騰)並布局透明顯示與μLED光通訊(2027H2逐步落地) 群創CarUX併購Pioneer完成交割 市場預期車用營收翻倍；另生技(ctee 700627)共信-KY/漢達/泰合/藥華藥 群光(ctee 701393)切入美國機器人新創供應鏈 鴻海(ctee 700475)理財達人陳重銘個人觀點非券商；來源如上
2026-09-07,－(近24小時無新券商觀點),－,萬潤(6187),半導體－封裝自動化設備(自選股),無新評等,無新目標價,自選股本場次(週一盤後 窗口09/07 08:10至19:10)追蹤；經鉅亨外資評等表ratediff.aspx(★本場次確認可讀非JS空殼 全表12頁 最新一筆為20260903 無6187任何列 且券商欄全顯示Factset非具名)＋鉅亨6187個股新聞頁＋Goodinfo 6187＋WebSearch專搜(萬潤6187目標價/新聞券商評等9月/9月7日焦點股)交叉查核 無任何新券商評等或目標價 亦無任何新聞提及；既有紀錄不變=瑞銀1700(08/18) 高盛1550(07/10) 美銀1500(07/27) 高盛1800(04/23) 大摩1580 摩根大通1450 富邦800；★行情(Goodinfo 09/07)=收1370(+65 +4.98%) 開1320高1400低1310 振幅6.9% 成交2393張(5321筆 均張0.45)/32.5億；三大法人+64.4張(外資+36.1★終止連5賣翻買 投信+50連3買 自營-21.8)；融資融券與外資持股比09/07欄位尚未公布(待補)；★資料源提醒=鉅亨/HiStock/Yahoo股市/玩股網個股報價頁本場次全為09/04或更早快取 唯Goodinfo有09/07盤後資料 判定Goodinfo為本場次個股行情最可靠入口；來源goodinfo 6187 + cnyes ratediff + cnyes 6187 + WebSearch
2026-09-08,麥格理證券 Macquarie（★具名）,外資,南亞(1303),塑化／電子材料－CCL 銅箔 電子級玻纖布,優於大盤（★初評 初次納入研究範圍）,424（★外資圈新天價）／無前值(初評),工商時報09/08 03:00見報；★本場次最大事件 外資圈對南亞新天價；論點=垂直整合(玻纖紗→玻纖布→銅箔→CCL一條龍)為關鍵優勢 全球第三大電子級玻纖布生產商；與日本日東紡Nittobo策略合作確保取得稀缺低介電常數Low-Dk材料 鞏固M8以上等級CCL地位；全球PCB市場2025年成長16.7%達858億美元 動能可支撐至2027年；★獲利結構轉向=電子材料由2024年虧損轉為貢獻集團今年約85%營業利益 獲利核心已由傳統塑化移轉至電子材料；2027年起新增CCL與玻纖產能可再推升毛利率；EPS估2026年14.1元(年增2375%)/2027年21.2元(年增約50%)/2028年26.7元；09/07收230.5(+5.0 +2.22% 成交75938張 來源Goodinfo)回算+83.9%(本系統回算)；★424÷2027年EPS21.2＝恰為20.0倍 疑以20倍2027 EPS定價 原文未載 列查證；隱含PE 2026年30.1倍(本系統回算)；既有序列=摩根大通優於大盤350(09/03 前值300待確認 小摩EPS估13.38/24.18元 與麥格理14.1/21.2差異達12% 顯示市場分歧大)；風險=★原文未載評價方法無風險段落 2026年EPS年增2375%係自極低基期跳升不具延續性 獲利集中電子材料(占營益85%)成AI供應鏈高Beta標的 Low-Dk依賴日東紡單一來源 股價自7月底135.5至09/01衝250新天價一個多月漲逾80% 初評落在漲勢末段追價風險；★09/07收盤價原文未載 由Goodinfo補齊；已做個股摘要 260908_麥格理證券_南亞1303.docx；來源ctee 20260908700102-439901 + goodinfo 1303
2026-09-08,高盛證券（★具名）＋某金控旗下投顧（★未具名）,外資＋內資,緯創(3231),電子代工－AI伺服器ODM／PC,買進（內外資均給買進 ★未載新評/調升/維持）,★「股價可超越280元」（模糊表述 非精確目標價）／前值★未載,工商時報09/08 03:00見報；論點=管理層表示依客戶預測AI伺服器需求2027年將進一步成長；★關鍵訊號=即使記憶體成本推升AI機櫃單位售價倍增 客戶仍持續投資機櫃且不減少出貨量 代表DRAM漲價對AI伺服器出貨量殺傷力低於市場疑慮；下半年一般伺服器需求持平 PC出貨量下滑但售價提高使PC營收持平(漲價抵銷量縮)；下半年將有新企業客戶與CSP客戶加入且商業條件較既有客戶更佳；GB300轉換至VR200比預期順利 管理層指下半年毛利率優於上半年；金控投顧估EPS 2026年18.08元(較2025年9.04元成長100%)/2027年24.03元(年增約33%)；09/07收197.0(-1.0 -0.51% 成交65694張 來源Goodinfo)以280回算+42.1%(本系統回算 ★因目標價本身為模糊值僅供參考)；隱含PE 2026年15.5倍/2027年11.7倍(本系統回算)；風險=★最大缺口為高盛精確目標價全文未載 原文僅稱可超越280元 究竟是高盛TP/金控投顧TP/編輯部推論未區分 本系統不視為正式目標價；★金控投顧完全未點名；★未載評等異動方向與前次TP；★未給營收預估；ODM結構風險=售價因記憶體成本倍增 若固定加成計價則營收膨脹但毛利率可能稀釋 管理層未給具體數字；PC量縮價漲屬防守性描述；籌碼面09/07逆勢收黑 前一交易日為外資買超第三大且法人週買超113.62億 短線籌碼擁擠；★09/07收盤價原文未載 由Goodinfo補齊；已做個股摘要 260908_高盛證券_緯創3231.docx；來源ctee 20260908700273-439901 + goodinfo 3231
2026-09-08,凱基投顧／「法人」（★歸屬含糊 未明確區分）,內資,信邦(3023),電子零組件－連接器／線束(實體AI 人形機器人 無人機 低軌衛星),買進（持續看好 ★未載新評或維持）,398／前值★未載,工商時報09/08 03:00見報；論點=管理層重申2026/2027/2028年營收目標分別360-365億/410-420億/500億元以上 隱含2025-2028年營收CAGR達17%(原文載明)；人形機器人為核心題材 目前與五家美國人形機器人新創客戶合作 進度符合預期；客戶端出貨目標2026年1萬台/2027年2萬台/2028年20萬台(★2028年十倍跳升為估值故事核心假設)；★但貢獻節奏務實=人形機器人業務估僅占2027年營收1%/2028年營收6% 券商並未當成近期獲利來源而是長期選擇權；無人機/低軌衛星/AI資料中心均在初期階段 為更長線動能；09/07收339.5(-0.5 -0.15% 成交1465張 開343高348低338.5 來源Goodinfo)回算+17.2%(本系統回算)；風險=★398元機構歸屬不明 原文在凱基投顧與另一未具名法人之間交代含糊 引用需保留；★未給EPS預估與評價基準 無法用獲利回推驗證；★未載前值與評等日期；客戶出貨目標是客戶的目標而非信邦訂單 2028年20萬台係新創客戶自身規劃 人形機器人產業尚無任一家達成萬台級量產 達成風險極高；五家客戶皆美國新創 融資/量產/存活率均為變數；新興應用原文明言仍在初期 短期不具營收貢獻卻已反映在評價；09/07成交僅1465張且股價-0.15% 流動性與動能遠低於同日AI主流股 題材熱度與股價表現落差；★09/07收盤價原文未載 由Goodinfo補齊；已做個股摘要 260908_凱基投顧_信邦3023.docx；來源ctee 20260908700273-439901 + goodinfo 3023
2026-09-08,★未具名法人（工商時報權證專欄 外資/內資未載）,★未載,鴻海(2317),電子代工－AI伺服器ODM／機櫃組裝,買進（★未載新評/調升/維持）,327／前值★未載,工商時報09/08 03:00見報(權證專欄)；★來源警示=券商完全未具名 原文附「權證投資必有風險」免責聲明 研究深度與利益迴避程度應大幅打折 327元不宜視為正式券商目標價；論點=8月營收9217億元(月減2.61% 年增51.98%)為單月歷史次高與歷年同期新高 前八月累計6.51兆元(年增39.73%)；★客戶結構關鍵變化=法人看好Neocloud類客戶未來有望直接尋求ODM合作 跳過既有品牌/CSP中介層 管理層已證實今年底有新雲端客戶開始貢獻；ASIC新一代平台有望切入L11櫃組裝(價值鏈往上移動 整櫃組裝單櫃營收與技術門檻高於單純板卡代工)；CPU LPU機櫃2027年開始放量 估2027年出貨櫃數約達2.8萬櫃；09/07收256.0(平盤0.00% 成交34027張 開258.5高259低252.5 來源Goodinfo)回算+27.7%(本系統回算)；★既有序列落差=日系外資435(09/05) 美系外資400(09/05) 均遠高於本則327 顯示市場預估發散度大 原文未說明評價基準年度 兩家機構名稱仍待查證；風險=★未載EPS預估/前值/評價基礎 327元無可驗證推導路徑；★未載評等異動方向與前次報告日期；2.8萬櫃為單一數字預估 未載單櫃營收與市占假設無法檢驗；Neocloud直接ODM屬趨勢推論 管理層僅證實今年底有新雲端客戶貢獻 金額與毛利結構未揭露；籌碼面09/07收平盤 前一交易日為外資買超第三大(26407張) 09/07已見資金熄火(盤中一度翻黑最低252.5)；★09/07收盤價原文未載 由Goodinfo補齊；已做個股摘要 260908_未具名法人_鴻海2317.docx；來源ctee 20260908700276-439901 + goodinfo 2317
2026-09-08,★未具名法人（工商時報權證專欄 外資/內資未載）,★未載,大銀微系統(4576),精密機械／半導體設備－高精度定位平台 線性馬達,買進（★未載新評/調升/維持）,280／前值★未載,工商時報09/08 03:00見報(權證專欄)；★來源警示=券商完全未具名 權證專欄附免責聲明 280元不宜視為正式券商目標價；★本系統首度為該檔建立個股資料夾(此前僅在09/06凱基/群益投顧營收三增方向性清單中被提及 從未有具體評等紀錄)；論點=8月營收4.27億元創歷史單月新高(月增16.35% 年增98.05% 年增接近翻倍為本則最硬證據)；利多一=半導體設備需求強勁 估今年營收年增56.7% 2027年再年增30.8% 兩年連續高成長；利多二=高精度定位平台交期已拉長至半年以上(交期拉長為設備業定價權先行指標) 後續具漲價空間；產業定位=高精度定位平台與線性馬達為半導體前段檢測與後段先進封裝設備關鍵次系統 直接受惠CoWoS/SoIC擴產與AI資本支出循環；09/07跳空上漲收247.0(+9.0 +3.78% 開250高258低245 盤中最高258創06/02以來新高 成交6096張 來源Goodinfo)回算+13.4%(本系統回算)；風險=★未載EPS與評價基礎 上檔空間僅+13.4% 在無評價依據下更像技術面整數關卡而非估值結論；★未載前值與評等異動方向 本檔「新舊目標價與券商名」已列本系統長期待補項目至今未解；營收基數極小(單月4.27億) 年增98%係自低基期跳升 設備業訂單具批次性 單月創高不等於趨勢確立需連續2-3個月驗證；交期拉長半年以上同時是產能不足訊號 若無法及時擴產訂單可能流向競爭者(THK 上銀集團內其他事業體)；與上銀(2049)同屬卓永財家族集團 關係人交易與集團內資源配置為長期治理議題 本則未觸及；流動性偏低且股價已跳空至波段新高 追價風險偏高；已做個股摘要 260908_未具名法人_大銀微系統4576.docx；來源ctee 20260908700276-439901 + goodinfo 4576
2026-09-08,瑞銀證券 UBS 艾藍迪Randy Abrams（★具名 ★既有紀錄重述 非本場次新調整）,外資,大立光(3008),光學鏡頭－手機鏡頭／CPO光通訊FAU,★賣出（09/07由買進直接降2級 跳過中立）,5000（★本場次補=原文稱維持不變 前值5000係2026年7月報告）／樂觀9000 悲觀2500,09/08見報完整版(工商時報03:00 ctee 20260908700097-439901 ＋經濟日報03:06 udn 9740344)；★該筆評等已於09/07盤後場次收錄 本場次不重複計列為新增 僅補充新揭露細節；★本場次新增細節=(1)目標價5000元原文稱「維持不變」 前值同為5000元來自2026年7月報告(前次評等日期仍未載) (2)EPS維持2026年190元/2027年214元 ★純評價面降評 獲利預估完全未動 (3)7-8月合計營收101億元 僅達市場Q3預估值的53% Q3達標難度偏高 以7-8月推算9月需月增73%才能達市場預期 (4)股價4月以來已勁揚242% 目前達2027年預估獲利35倍PE 遠高於歷史長期13-18倍 (5)CPO技術面=以V型槽結合PMLA自動化組裝將光線由PIC精準導入光纖 市場對其精密度與已取得一項FA設計給予正面回饋 但本季底才啟動樣品產線 仍需數季改善良率 並須取得康寧/Senko/合聖科技AuthenX等整合商認可 (6)競爭=天孚通信TFC與具垂直整合能力的Coherent 第三代光學組件預計2028年才能實現 (7)推動完整解決方案可能與整合夥伴產生利益衝突 (8)手機本業因記憶體缺貨落後 最大旗艦客戶新機產量預期頂多與去年持平 折疊iPhone鏡頭規格無明顯升級；09/07收6660跌停(-740 -10.00% 跌破7000關卡) 外資09/07賣超258張連三賣；以5000回算-24.9% 樂觀9000回算+35.1% 悲觀2500回算-62.5%(本系統回算)；★樂觀與悲觀相差3.6倍顯示CPO能見度極低；★2026年EPS前場次有188/190兩版本 本場次為190元 仍待定於一；不另建摘要(09/07已產260907_瑞銀證券_大立光3008.docx)；來源ctee 20260908700097-439901 + money udn 9740344 + 9740357
2026-09-08,★未具名美系外資（工商時報權證專欄）,外資,國巨*(2327),電子零組件－被動元件(MLCC 鉭質電容 電阻 電感),重申正向看法（★非標準評等用語 未給買進/優於大盤等制式評等）,★未載,工商時報09/08 03:00見報(權證專欄 中國信託證券為權證發行商)；論點=AI相關商機已擴及MLCC 鉭質電容 電阻 電感各大產品線 ★AI產品營收占比衝上16% 預估仍有機會攀高；受惠7月漲價品項範圍擴大 AI商機延伸至鉭質電容與NPO 加上交期拉長與LTA長期供應協議需求增加 國巨預期將在既有廠區內增加產能；7月新一波漲價涵蓋MLCC 鉭質電容及其他電容器 ★占總營收比重約50%；09/07收589(+27 +4.8% 成交71287張/420億 09/07盤後場次紀錄)；既有序列=花旗08/14 1450 大摩07/23 1465 高盛07/30 1280 多家外資09/04 1450重述；風險=★券商未具名 ★無目標價 ★無制式評等 未載EPS/營收預估 權證專欄附免責聲明；★無TP不另建摘要；來源ctee 20260908700282-439901
2026-09-08,－(近24小時無新券商觀點),－,萬潤(6187),半導體－封裝自動化設備(自選股),無新評等,無新目標價,自選股本場次(週二早盤 窗口09/07 19:10至09/08 08:10)追蹤；★經ctee /search/萬潤(158則全文可讀 最新個股稿仍為08/28在手訂單至明年Q2)＋ctee即時新聞牆(至09/07 18:58)＋money.udn/udn domain限定搜尋＋cnyes.com/twstock/6187個股新聞快訊區＋MoneyDJ(最新08/27櫃買業績發表會)＋Goodinfo三頁(K線/三大法人/融資券)＋CMoney/玩股網/HiStock/Yahoo股市＋WebSearch專搜交叉查核 無任何新券商評等或目標價 亦無任何個股新聞提及；既有紀錄不變=瑞銀1700(08/18) 高盛1550(07/10) 美銀1500(07/27) 高盛1800(04/23) 大摩1580 摩根大通1450 富邦800；★行情(Goodinfo 09/07)=收1370(+65 +4.98%) 開1320高1400低1310 振幅6.90% 成交2393張/32.5億 成交筆數5321均張0.45 現股當沖率51.3%(前一交易日54.1%)；三大法人(張)=外資+36(★連5賣後轉買) 投信+50(連3買) 自營-22 合計+64(連4賣後轉買)；★★本場次補齊兩項缺口=外資持股32554張 持股比33.15%(09/04為33.1%)；融資餘額3398張(-37 融資買239賣276 使用率13.8%) 融券餘額52張(+14 融券賣14) 券資比1.53% 資券互抵2張 資券當沖0.08%；對照09/04=融資3435(-43) 融券38(-2) 券資比1.11% 現股當沖54.1%；★數據面解讀(非券商觀點)=股價+4.98%但融資續減37張 融券反增14張 現股當沖仍逾五成 這根長紅偏向法人回補＋當沖點火 散戶槓桿並未跟進；年累計(至09/07)=外資+12821張(13.05%) 投信+11801張(12.01%) 自營-217張 三大法人合計+24404張(24.84%)；★下一個觀察點=8月營收尚未公布(最新為7月10.55億 月增4.17% 年增73.44% 前七月48.21億 年增42.72%) 依慣例應於09/10前發布 為接下來48小時觀察點；★入口發現=Goodinfo同代號不同頁快取各自獨立 ShowK_Chart的09/07列外資持股%/融資/融券欄位為空(該頁這幾欄更新較慢 勿誤判取不到) 須改打ShowMarginChart(融資券完整)與ShowBuySaleChart(外資持股張數與持股比)；stock.ltn.com.tw純JS渲染對web_fetch無效 建議自入口清單移除；cnyes個股頁的個股新聞區塊常渲染成不相干個股公告(本次回傳寶雅面額變更) 不可信賴為新聞覆蓋來源 只取即時報價欄位；來源goodinfo 6187 (ShowK_Chart/ShowBuySaleChart/ShowMarginChart) + cnyes 6187 + ctee search 萬潤 + WebSearch
2026-09-08,美系外資（★未具名 原文用詞美系外資/美系券商）,外資,全新(2455),光通訊－化合物半導體磊晶(InP CW Laser EML 矽光子),買進（維持）,793（前值505 ★調升+57.0%）,工商時報09/08 14:08(ctee 20260908701207 本場次最晚一則券商稿)＋經濟日報09/08 10:14(udn 9740809)；★本場次唯一目標價調升；論點=8月營收4.71億(月增11.56% 年增71.16%)連兩月創單月新高 前8月28.18億(年增35.87%)；7-8月營收優於預期反映AI資料中心光通訊需求強勁＋InP基板供應改善＋客戶與產品滲透率提高；預期營收逐月成長至年底 Q3/Q4分別季增44%/23%；矽光子CW Laser EML等高毛利占比提高 7月淨利率由Q2的22%升至27(★原文漏植百分號)；調升2026-2028淨利預估12%/18%/30%；udn稿另載上修2026-28全球光收發模組出貨量預估21%/31%/31% 800G+上調31%/39%/36% 1.6T+上調29%/61%/50% 並上修全新EPS至6.84/11.4/17.7元；公司端前7月稅後盈餘4.0867億 EPS 2.82元；09/08收515(+15 +3.00% 成交4522張 HiStock)回算+54.0%(本系統回算)；★★評價基礎矛盾=udn稱以69x今年PE評價 但6.84x69=472≠793；793÷11.4(2027EPS)=69.6倍才吻合 疑為69倍2027EPS而非今年 原文用詞待確認；★兩報上修口徑不一致(工商稱淨利12/18/30% udn給EPS絕對值)；★券商未具名 ★前值505報告日期未載；已做個股摘要 260908_美系外資_全新2455.docx；來源ctee 20260908701207-430201 + money udn 9740809
2026-09-08,美系外資（★未具名）,外資,智邦(2345),網通－高速乙太網路交換器(400G/800G),優於大盤 Overweight（維持）,3500（維持 前值★未載）,工商時報09/08 11:06(ctee 20260908700927)；論點=8月營收408.72億(月增約4% 年增59%)★首度突破400億再創單月新高；7+8月合計803.45億 已達該外資Q3預估1208.83億的66% 達市場共識1143.21億的70%；該外資估Q3營收1208.83億(季增27% 年增66%)高於共識；★供應鏈調查=因高階零組件昂貴 智邦正與客戶協商改採客戶寄售Consignment模式 可能壓低表面營收成長但有利產品組合與毛利率；下半年動能=既有與新客戶由400G全面升級至800G 主要客戶新一代AI加速器產品進入全面爬坡；★評價方法=以2027年預估EPS 30倍本益比評價(3500÷30=隱含2027EPS約116.7元 本系統回算)；09/08收1955(-145 -6.90% 成交5568張 HiStock)回算+79.0%(本系統回算)；風險=★券商未具名 ★2027EPS絕對金額未載 ★前值與前次評等日期未載 ★寄售模式對營收量化影響未載(未來營收將與過去不可直接比較) ★毛利率預估未載；★★最大反差=維持3500隱含+79%但當日重挫6.90% 8月營收創高與股價嚴重背離 報告未回應此疑慮；已做個股摘要 260908_美系外資_智邦2345.docx；來源ctee 20260908700927-430201
2026-09-08,美系外資（★未具名）,外資,臻鼎-KY(4958),PCB載板－mSAP高階光模組PCB/BT/ABF,買進（維持）,925（維持 前值★未載）,工商時報09/08 11:21(ctee 20260908700955 同篇涵蓋台光電2383與台燿6274)；★核心預估=1.6T及以上光模組市場2026-2028年CAGR達94% 由2026年8億美元成長至2028年29億美元；★關鍵瓶頸判斷=mSAP已成1.6T光模組供應鏈關鍵瓶頸 該類產品價格年初迄今漲逾30% 1.6T光模組mSAP毛利率通常在40%-45%以上；臻鼎擁PCB業界領先BT/mSAP技術與最積極擴產計畫 預期未來兩年產能擴大5倍；mSAP占臻鼎營收比重由2026年約2%提升至2027/2028年約8%/10%以上；高階AI PCB與ABF載板需求強勁可帶來顯著利潤率提升；09/08收505(+4 +0.80% 成交32509張HiStock／Goodinfo記33443張★兩站不一致)回算+83.2%(本系統回算)；風險=★券商未具名 ★無EPS無評價倍數無目標價推導基礎(925元怎麼來完全未交代 為本則最大缺口) ★前值與前次評等日期未載 ★整體毛利率預估未載(僅給mSAP單一產品線40-45%)；mSAP占營收2026年僅約2% 兌現期落在2027-2028；產能擴大5倍為擴產計畫非已實現產出 原文未給時程；價格漲逾30%若同業跟進擴產 2027年後毛利率能否維持存疑；09/08僅收+0.80%對+83%上檔反應冷淡；已做個股摘要 260908_美系外資_臻鼎-KY4958.docx；來源ctee 20260908700955-430201
2026-09-08,美系外資（★未具名）,外資,台光電(2383),銅箔基板CCL－高階AI PCB材料,買進（維持）,10200（維持 前值★未載）,工商時報09/08 11:21(ctee 20260908700955 與臻鼎-KY同篇 臻鼎為主標的)；論點=主軸為1.6T及以上光模組市場2026-2028年CAGR 94%(8億→29億美元)帶動材料需求；台光電受惠2027/2028年新增CCL產能開出與市占率進一步提升；高階AI PCB與ABF載板需求前景強勁可帶來顯著利潤率提升空間；產業背景=mSAP已成1.6T關鍵瓶頸 價格年初迄今漲逾30% 毛利率40-45%以上；09/08收5340(-155 -2.82% 開5500高5550低5315 成交1317張 鉅亨)回算+91.0%(本系統回算)；風險=★券商未具名 ★★本則對台光電著墨極少 整篇主標的是臻鼎 台光電僅以受惠新增產能與市占提升一句帶過 目標價10200既無EPS無評價倍數無營收預估無前值 可驗證性極低 引用應大幅打折 ★前值與前次評等日期未載(歷史另有野村證券8015元 機構不同不可直接比較) ★新增CCL產能規模時程與市占提升幅度皆未量化；高階CCL面臨南亞/台燿/聯茂同步擴產 南亞近期獲小摩350與麥格理424雙看好為直接競爭者 原文未討論；09/08下跌2.82%與買進評等及+91%上檔背離；已做個股摘要 260908_美系外資_台光電2383.docx；來源ctee 20260908700955-430201
2026-09-08,美系外資（★未具名）,外資,台燿(6274),銅箔基板CCL－高階AI PCB材料,買進（維持）,3010（維持 前值★未載）,工商時報09/08 11:21(ctee 20260908700955 與臻鼎-KY同篇 臻鼎為主標的)；論點=同台光電 受惠2027/2028年新增CCL產能開出與市占率提升；主軸1.6T以上光模組市場2026-28 CAGR 94%；mSAP價格年初迄今漲逾30% 毛利率40-45%以上；09/08收1345(-25 -1.82% 成交4724張 HiStock)回算★+123.8%(本系統回算 為本場次上檔空間最大一檔)；風險=★券商未具名 ★★與台光電同樣問題且更嚴重=整篇主標的是臻鼎 台燿僅一句帶過 目標價3010無EPS無評價倍數無營收預估無前值 而隱含上檔卻高達+123.8% 資訊密度與目標價幅度嚴重不對稱 引用應大幅打折 ★前值與前次評等日期未載 ★新增CCL產能規模時程與市占提升幅度未量化；台燿在高階CCL市占與技術位階低於台光電 若M8以上認證進度落後則市占提升前提不成立 原文未提供客戶認證進度佐證；南亞具玻纖紗→玻纖布→銅箔→CCL一條龍垂直整合 同期獲小摩350麥格理424 為直接競爭壓力 本則未討論；09/08下跌1.82%與超過一倍上檔空間明顯背離；已做個股摘要 260908_美系外資_台燿6274.docx；來源ctee 20260908700955-430201
2026-09-08,美系外資（★未具名）,外資,川湖(2059),伺服器機構件－滑軌Rail Kit/機箱結構件,建議加碼（維持）,15000（維持 前值★未載）,工商時報09/08 09:27(ctee 20260908700715)；論點=8月合併營收64.66億(月增0.92% 年增344.42%)再創單月歷史新高 前8月291.53億(年增163.96%)；本季迄今營收已達該外資Q3預估的66% 符合預期；除大型雲端業者GPU與ASIC伺服器需求外 多元應用專案亦開始貢獻；結構性論點=伺服器市場擴張＋機櫃設計複雜度提高＋滑軌套件滲透率上升 三者共同推升單機價值content value per box；公司端執行副總王俊強稱川湖是最純的AI股比IP股還IP股 客戶分散達數百家 2026下半年至2027-2029可期待；09/08★跌停收12520(-1385 -9.96% 成交1126張 HiStock)回算+19.8%(本系統回算)；風險=★券商未具名 ★無EPS無營收金額預估無評價倍數(15000如何推導完全未交代) ★前值與前次評等日期未載 ★毛利率預估未載(高毛利機構件廠 毛利率為評價核心變數卻完全未提)；★★本場次最大反差=報告09:27發布維持加碼與15000 但當日以跌停12520作收 8月營收年增344%極強數字未能撐住股價 顯示市場擔憂已不在營收本身(可能為評價過高/機構調節/滑軌競爭者進入) 本則完全未回應；★歷史紀錄另有川湖15500一筆(出處待查)與本次15000不同 是否同機構調降或不同機構待釐清；年增344%自極低基期跳升 2027年起基期墊高後成長率必然收斂 原文未提示；客戶分散幾百家為公司說法非券商查證 與伺服器滑軌高度集中於少數ODM/CSP專案的產業結構有落差；已做個股摘要 260908_美系外資_川湖2059.docx；來源ctee 20260908700715-430201
2026-09-08,高盛證券 Goldman Sachs（★具名 ★本場次唯一具名券商）,外資,上詮(3363),光通訊－CPO光纖陣列單元FAU,買進,★原文未載,經濟日報09/08 14:23(14:52更新 udn 9741522 記者秦鈺翔)；論點=FAU已於Q3開始出貨帶動營收成長 公司對相關業務保持樂觀；在AI伺服器機櫃需求攀升及FAU規格升級推動下將迎來強勁獲利成長 高盛預估營收成長力道將在2027年下半年進一步加速；管理層對AIDC光通訊網路趨勢正面 預期上詮受惠CPO交換器終端需求由scale out走向scale up；技術護城河=隨資料傳輸速度提升 FAU通道數增加進入門檻提高 上詮研發與高精度製造能力形成競爭優勢；★獲利預估=隨FAU出貨放量毛利率逐步回升 預估2028年毛利率有望擴張至37.9%；09/08收711(-12 -1.66% 開728高749低707 成交4093張 鉅亨)；風險=★最大缺口為全文未載目標價 僅有評等 缺乏價位錨點可操作性有限 ★無EPS無營收預估無評價倍數 ★未載評等變動方向(新評/調升/維持皆未載)；★★基期問題=上詮7月自結每股淨損0.29元(09/04紀錄)公司仍在虧損 獲利成長論述全建立在FAU未來放量 且毛利率目標指向2028年 兌現期相當遠；與大立光在FAU/CPO直接競爭 瑞銀09/07降評大立光時明確指出FAU樣品線本季底才啟動 需數季提升良率 還須通過康寧/Senko/合聖科技AuthenX驗證 第三代光學組件2028才實現 同一組產業風險同樣適用上詮但高盛未提示；既有競爭者天孚通信TFC與垂直整合的Coherent 原文未討論；09/08在買進評等發布當日仍收黑 市場反應平淡；★前一則高盛對上詮紀錄為260808_高盛_上詮3363.docx 本次是否為調整原文未交代；已做個股摘要 260908_高盛_上詮3363.docx；來源money udn 9741522
2026-09-08,摩根大通（★具名 ★既有紀錄重述＋查證結案）／麥格理（★具名 既有紀錄重述）,外資,南亞(1303),塑化／AI電子材料－PTFE CCL 銅箔 玻纖布,小摩優於大盤（維持）／麥格理優於大盤（初評）,小摩350（★前值300 本場次原文確認 查證結案）／麥格理424（無前值 初評）,經濟日報09/08 16:19(17:34更新 udn 9741821 記者魏興中)；★兩筆評等均已於先前場次收錄 本場次不重複計列為新增 僅補新揭露細節與完成查證；★★查證結案=小摩前值300元經本場次原文確認為300→350調升(先前為由09/03稿推得之待確認項)；新增細節=(1)市場預期輝達Rubin Ultra NVL576交換器板可能改用PTFE加M9/M10半固化片混合方案 而非純M10 CCL 帶動PTFE關注度 但市場普遍忽略南亞在PTFE的長期紀錄 (2)南亞自2021年起產品目錄即含微波元件用低介電PTFE CCL 過去10年取得玻纖布增強PTFE prepreg/CCL製造 低分子量PTFE粉末添加 多層/細線路板加工等多項專利 (3)★小摩因銅箔及CCL市場供需加速緊繃 加工費與價格調漲 將2026/2027年稅後純益預測分別上調20%與68% (4)★麥格理認為南亞由傳統化工廠轉型為AI電子材料龍頭 垂直整合＋產品組合優化 預估2026-2028年淨利CAGR達38%；同日8月營收創50個月新高年增46.7% 電子材料營收占比升至59.8%；09/08收235(+4.5 +1.95% 成交64353張 CMoney)以小摩350回算+48.9% 以麥格理424回算+80.4%(本系統回算)；風險=★麥格理未載舊目標價與EPS絕對值 ★小摩未載EPS金額僅載上調幅度 ★兩家評等等級用詞相同但未載評等變動與否(麥格理為給予)；★不另建摘要(麥格理424已於09/08早盤產260908_麥格理證券_南亞1303.docx)；來源money udn 9741821
2026-09-08,－(法人／投顧／分析師 無評等或無目標價),－,上銀(2049)／創意(3443)／穎崴(6515)／鴻勁(7769)／中鋼(2002)／緯創(3231)／聯電(2303)／大立光(3008),市場－產業與個股背景,無評等或無目標價,無,方向性/背景8則合併 不另建摘要；(1)★上銀2049=美系外資★未具名(ctee 20260908700773 09:54)維持正向看法(非制式評等)無TP 8月營收27.08億(月增0.98% 年增42.3%)前8月192.77億(年增23.03%) Q3迄今79.96億年增33%已達其Q3預估67% 研磨級滾珠螺桿能見度6個月接單看到明年Q1 線軌交期拉長至4-5個月 年底研磨級產出可增20%線軌增10-15% 預期今明年EPS 9.77/11.77元 09/08收350(-14.5 -3.98%)；(2)★創意3443=★未具名(原文稱法人/投顧法人 ctee udn 9741296 13:01)上修2027獲利預估並同步調高目標價逾40%幅度★但新舊數字皆未揭露 8月營收58.4億創新高 估Q3營收季增約15% Q4季增接近50% CSP客戶第八代ASIC的CPU與TPU配置比例提升2026年底放量 已爭取更多3奈米產能 2027年出貨預估由250萬顆上修至350萬顆 大陸車用客戶2026年營收挹注可望上修二至三倍 2奈米HBM4 PHY串聯＋共同封裝光學在台積電COUPE平台認證中 09/08收5960(+25 +0.42%)；(3)穎崴6515=花旗證券★具名(udn 9740911 10:49)無評等無TP 8月營收17.1億(月增6.58% 年增233.37%)創高連三月刷新 前8月98.1億年增97.88% Q3迄今33.1億已達花旗預測75%市場共識78%大幅超預期 仁武廠一期產能按計畫爬坡 ★測試插座交貨週期由通常8週延長至13-14週且可能再拉長 引腳數增加與測試複雜度推升ASP 09/08漲停收7700(+700 +10.00%)；(4)鴻勁7769=國泰期貨投資顧問部(同篇udn 9740911)無評等無TP Q3受惠AI GPU及ASIC客戶後段測試需求 ATC Handler及Cold Plate出貨動能延續 美系TPU客戶開始導入大型測試設備 上修Q3營收預估2.4%至152.08億(季增10.2%) 09/08收6970(+405 +6.17%)；(5)中鋼2002=群益投顧(udn 9740955 11:02)無評等無TP 10月及Q4盤價主要鋼種平均漲500-600元/噸 熱軋冷軋鋼板鋼捲漲600元 7月獲利如預期下滑但鋼價可逐漸築底 鐵礦砂約99美元/噸在90-100震盪近一周轉強 ★但明言全球鋼鐵需求展望仍偏弱鋼價持續上漲機會不大 待觀察中國同業生產與出口；(6)緯創3231=金控旗下投顧★未具名(ctee 20260908700781 11:05)本篇無評等無TP GDR最終定價每單位58.88美元 發行2500萬單位代表2.5億股 每股約186.24元較09/07收197折價約5.5% 總募資14.72億美元(約460億元) 新股約占現有股本7.29% 募資用於AI伺服器擴產外幣購料 09/08跳空開低最低182.5盤中跌逾7% 主因套利＋稀釋非需求轉弱 法人估2026 EPS 18.08元(較2025年9.04元翻倍)2027年24.03元 ★未交代EPS是否已計入稀釋 09/08收186.5(-10.5 -5.33% 成交121930張)；(7)聯電2303=★未具名(具名個人分析師劉尚哲 未載所屬券商 ctee 20260908700552 09:23)無評等無TP 8月營收250.45億(月增5.04% 年增30.71%)創近47個月新高歷史單月第三高 前8月1786.59億年增14.66% Q3晶圓出貨估季增7-9% 12吋產能提升至132.5萬片 稼動率可望站上90% 毛利率回升至34-36% 矽光子已開始出貨加上CPO Intel 12奈米平台切入網通工控車用 能見度延伸至2027年 ★文中若2027 EPS達10元以20倍PE估算有機會挑戰200元係推導語非券商正式目標價 09/08收137(-6 -4.20% 成交214608張)且為外資賣超冠軍63878張終止連3買；(8)大立光3008=歐系外資(=瑞銀 本篇未具名 udn 9741199 12:18)★該降評已於09/07盤後場次收錄 本場次僅補充=證券分析師張陳浩(★未載所屬券商)認為外資報告屬短線影響 報告本身亦點出樂觀情境9000元 主張拉回月線是絕佳買點 09/08開6430盤中高6660低6350 收6500(-160 -2.40%)；來源如上
2026-09-08,－(近24小時無新券商觀點 ★但8月營收公布),－,萬潤(6187),半導體－封裝自動化設備(自選股),無新評等,無新目標價,自選股本場次(週二盤後 窗口09/08 08:10至19:10)追蹤；★經ctee /search/萬潤(頁面新鮮 即時新聞跑到09/08 19:03 萬潤最新個股稿仍為08/28在手訂單至明年Q2)＋Goodinfo新聞及公告區(查詢區間08/09-09/08 最新條目09/02鉅亨盤勢文 萬潤相關最新08/27業績發表會公告)＋cnyes /twstock/6187/news/stock(快取停09/07)＋CMoney＋WebSearch三輪交叉查核 無任何新券商評等或目標價 亦無任何09/08當日個股新聞；既有紀錄不變=瑞銀1700(08/18) 高盛1550(07/10) 美銀1500(07/27) 高盛1800(04/23) 大摩1580 摩根大通1450 富邦800；★★本場次最重要發現=8月營收已公布 11.09億元(1108737仟元) 月增5.13% ★年增103.06%(去年同月5.46億) 1-8月累計59.29億(5929498仟元) 累計年增51.11% 內部一致(4820761+1108737=5929498) ★連3個月站上10億並創單月新高 年增率首度破百(7月為+73.44%)；★但未找到任何報導此則營收的新聞稿(ctee無 Goodinfo公告區無 鉅亨營收速報僅收資本額≥50億公司 萬潤資本額9.81億結構性不會出現) 數字來自CMoney營收表原文 確切公告時點無法自原文證實 僅能推定為09/08或稍早且在09/10法定期限前；★行情(cnyes/HiStock雙來源)=收1385(+15 +1.09%) 開1355高1435低1350 振幅6.20% 成交3519張/49.36億 均價1402.65 週轉率3.58% 內外盤1443/1637(46.85%/53.15%) 市值1359.98億 本益比70.67 ★盤中一度攻抵1435(漲停1505未觸及)但尾盤收1385留50元上影線；★三大法人(HiStock chips.aspx 表頭明載2026/09/08)=外資+128張(連2買) 投信+380張(連4買 09/03起累計+519張) 自營+32張(自買+15 避險+17) 合計+540張；★數據面解讀(非券商觀點)=年增率由+73.4%跳升至+103.1%但股價僅收+1.09%且留長上影線 籌碼上反而是投信大買380張 營收利多與股價反應落差明顯；★待補=09/08外資持股張數與持股比(最新09/07的32554張/33.2%) 09/08融資融券(櫃買資券數據晚於19:10更新 09/07基準融資3398張 融券52張 券資比1.53%) 09/08當沖率；★入口發現=HiStock為本場次最有價值入口(09/08三大法人完整含自營自買/避險拆分 頁尾時戳19:15) 但★HiStock快取逐頁不同步 頁面上本地時間13:30已收盤會騙人 須三件事一起看(頁尾時戳在13:30後＋三大法人表最後一列是09/08＋個股期貨標9/8/2026)；★Goodinfo三頁本場次ShowK_Chart與ShowBuySaleChart皆停09/07 ShowMarginChart provenance無法成立完全打不進去 本場次Goodinfo對6187失效降為次要；★CMoney同站不同子頁快取差異大 ?s=revenue新鮮(已有8月營收) ?s=margin-trading最新僅到09/07 ?s=institutional嚴重落後停09/03 ?s=institutional-target為JS渲染空殼對抓目標價無效；★鉅亨8月營收速報(news/id/6600119)結構性不含萬潤 往後不必為萬潤打這條路；來源cnyes 6187 + histock 6187 + cmoney 6187 + ctee search 萬潤 + goodinfo 6187 + WebSearch
2026-09-09,摩根士丹利 Morgan Stanley（★具名）,外資,南電(8046),PCB載板－ABF/FC-BGA BT,正向投資評等（維持 ★原文未載優於大盤等制式評等字樣）,2460（★前值未載）,工商時報09/09 03:00見報(modified 06:54)；★★機構歸屬更正結案=本系統既有紀錄長期列為「南電 大和2460」並在待補項中 本場次原文明確載明2460為摩根士丹利 大和資本為1550 既有紀錄機構歸屬有誤 本場次更正；論點=(1)博通法說提及在新加坡與夥伴建置載板產能 大摩調查後認定係指2024/3起與日本Toppan合資的AST 目的在確保FC-BGA供應而非轉自製 對南電欣興供應地位影響有限(拆解利空為本篇主軸) (2)2025下半年以來漲價主要由T-glass 黃金 銅原物料成本推動 大摩原即預期T-glass供應限制今年見高峰 2027年起隨更多供應商通過認證逐步緩解 故漲價後續趨平不意外(★偏中性提醒) (3)產業利空背景=欣興洗產地疑雲遭檢調搜索 南亞暫不對BT載板漲價；09/08收1025(-25 -2.38% 開1065高1075低1015 成交6092張/63.25億 來源CMoney)回算★+140.0%(本系統回算 為本場次上檔空間最大)；風險=★未給EPS ★未給評價倍數或估價基礎 ★未給前值與前次報告日期 2460隱含+140%卻無任何可驗證推導路徑；★★與同篇大和1550相差910元(59%)且對同一變數(BT/T-glass漲價能否延續)給出相反判斷 顯示ABF供需能見度低 市場分歧極大；大摩論點本質是拆解利空非提出新成長動能 屬防守性報告；報告正向但09/08收黑-2.38%；已做個股摘要 260909_摩根士丹利＋大和資本_南電8046.docx；來源ctee 20260909700076-430201 + cmoney 8046
2026-09-09,大和資本證券 Daiwa（★具名）,外資,南電(8046),PCB載板－ABF/FC-BGA BT,正向投資評等（★未載評等字樣 未載新評/維持）,1550（★前值未載）,工商時報09/09 03:00見報(同篇 20260909700076)；★★與大摩看法直接相反=大和認為兩家主要業者逐步縮減BT產能 供需結構將再轉緊 BT單位售價將再加速上漲；而大摩預期T-glass供應2027年緩解 漲價趨平 記者未調和兩方假設；09/08收1025(-25 -2.38%)回算+51.2%(本系統回算)；風險=★未給EPS ★未給評價倍數 ★未給前值與前次報告日期 ★連評等等級用詞都未載(僅稱正向)；BT產能縮減為供給面推論 原文未載縮減業者名稱 產能數字與時程 無法檢驗；★同一檔兩家外資目標價差910元 引用單一數字風險高；已併入個股摘要 260909_摩根士丹利＋大和資本_南電8046.docx；來源ctee 20260909700076-430201 + cmoney 8046
2026-09-09,摩根士丹利／大和資本／花旗環球／美銀／摩根大通（★五家具名 但未逐家拆分目標價）,外資,欣興(3037),PCB載板－ABF/PCB/HDI,正向投資評等（維持/重申 ★原文未載制式評等字樣）,合理股價區間1068～1500（★未逐家拆分 ★前值未載）,工商時報09/09 03:00見報(同篇 20260909700076 + 700078)；論點=(1)大摩拆解博通利空 認定新加坡載板產能為與Toppan合資的AST 目的在確保FC-BGA供應非轉自製 對欣興影響有限 (2)8月營收177.46億(月增9.18% 年增56.26%)連六個月新高 前八月1143.35億(年增34.16%) (3)稼動率=高階ABF 90%以上 BT 80-85% PCB/HDI 85-90% 全線接近滿載 (4)法人估Q3營收季增約2成 Q4再雙位數季增 (5)udn同日稿另載AI營收占比目標=載板由去年40%拉到今年60% PCB由55-60%拉到65-70% 整體今年目標60%以上 下半年有望到70%；Q2 ABF載板營收比重由上季49%拉高至52% 該產品線營收季增22% 年增51% 下半年售價滾動式調漲＋稼動率提升＋良率改善有助毛利率；09/08收954(+5 +0.53% 開964高975低939 成交17047張/163.12億 來源CMoney)回算+12.0%～+57.2%(本系統回算)；風險=★★1068-1500為五家外資推測合理股價區間 原文完全未標明哪家對應哪個數字 亦未載評等等級 EPS 評價倍數與前值 區間跨度432元(40%)難以當單一操作依據；★欣興洗產地疑雲遭檢調搜索 09/07場次曾記投信因公司治理疑慮觀望但外資持續買進 本篇未量化評估此治理風險；大摩(漲價趨平)與大和(BT再加速漲價)對欣興營收彈性隱含假設不同；稼動率已達90%以上代表產能為上限 後續成長須靠擴產與售價 原文未提供擴產時程與資本支出；09/08僅+0.53%對區間上緣+57%反應冷淡；已做個股摘要 260909_五家外資_欣興3037.docx；來源ctee 20260909700076-430201 + 20260909700078-430201 + money udn 9742288 + cmoney 3037
2026-09-09,瑞銀證券 UBS 陳玟瑾（★具名 台股策略暨非科技產業）,外資,豐泰(9910),製鞋代工,★升評「買進」（明確為升評 ★前次評等未載）,推測合理股價90（★前值未載）,工商時報09/09 03:00見報(modified 06:57)；★本場次唯一升評 與同篇來億-KY降評構成製鞋族群配對交易(多豐泰 空來億)；論點=(1)豐泰受制Nike庫存去化與產品重整導致訂單縮減 產能利用率偏低＋生產基地移轉拖累營益率 評價已殺至接近谷底 (2)★★評價數據為本場次唯一給出明確倍數與標準差者=目前僅2027年預估本益比14倍 較2015年以來平均值低1.6個標準差 (3)獲利已於今年2月觸底 之後連續五個月逐步改善 但市場對Nike訂單展望信心不足 股價尚未反映 (4)動能=Nike新款訓練鞋與籃球鞋豐泰為主要供應商之一；Salomon訂單估雙位數成長；東南亞工廠員工熟練度提升營益率續回升 (5)★獲利預估=2027年EPS 5.04元 2028年EPS 5.65元(連兩年雙位數百分比增長) 以90元回算隱含2027PE約17.9倍 2028約15.9倍(本系統回算)；記者附註該分析師年中升評自行車雙雄成功帶動法人資金；09/08收71.8(+2.0 +2.87% 開71.0高73.4低70.7 成交3705張/2.67億 來源CMoney)回算+25.3%(本系統回算)；風險=★2026年EPS未載(僅2027/2028) ★90元評價倍數推導未載 ★前次評等與前值未載；論點高度綁定單一客戶Nike 訂單回升取決於Nike自身庫存去化與產品週期 豐泰無法主導 原文未提供Nike庫存水位或訂單能見度量化數字；「較歷史均值低1.6標準差」屬均值回歸論述 若製鞋代工產業結構性利潤率下移則歷史均值不再適用；生產基地移轉拖累何時結束未給時程 員工熟練度提升為定性描述；流動性偏低(3705張/2.67億)；已做個股摘要 260909_瑞銀證券_豐泰9910.docx；來源ctee 20260909700101-430201 + cmoney 9910
2026-09-09,瑞銀證券 UBS 陳玟瑾（★具名 台股策略暨非科技產業）,外資,來億-KY(6890),製鞋代工,★★降評「中立」（明確為降評 ★前次評等未載）,★原文完全未載目標價（無新值亦無前值）,工商時報09/09 03:00見報(同篇 20260909700101)；★★本場次唯一降評；降評理由為基本面利多已反映 下半年成長恐低於預期 而非公司出現營運瑕疵；論點=(1)第2季財報因高毛利產品占比提高 毛利率擴張而優於預期 瑞銀承認短期表現好但視為已反映 (2)★核心空方理由=占營收45%-55%的休閒鞋需求放緩 下半年獲利成長可能低於預期 (3)2027-2028年成長取決於既有客戶市占提升或取得新客戶訂單二選一 目前兩者皆無明確能見度 (4)★配對交易結構=同一分析師同日升評豐泰至買進目標價90元；09/08收162(-4 -2.41% 開166高166低160.5 成交僅318張/0.52億 來源CMoney)★無目標價無法計算上檔空間；風險=★★最大缺口為完全沒有目標價(新值與前值皆無) 沒有EPS預估 沒有評價倍數 沒有前次評等等級 降評訊號明確但缺乏任何價位錨點 可操作性有限；★休閒鞋占營收45%-55%為區間值非精確數字 原文亦未提供需求放緩的量化證據(訂單能見度月數 客戶庫存水位)；成長條件外部化(取決於市占或新客戶)等於承認目前無法預測 這類表述通常伴隨後續進一步下修可能；流動性極低(僅318張)降評訊息價格衝擊可能被放大；★需追蹤前次評等與前次目標價以判斷降評實際幅度；已做個股摘要 260909_瑞銀證券_來億-KY6890.docx；來源ctee 20260909700101-430201 + cmoney 6890
2026-09-09,★未具名法人（工商時報A31權證專欄 原文全篇僅稱法人 無券商名）,內資（依權證專欄慣例推定 ★原文未載）,志聖(2467),半導體設備－封裝/烘烤/壓合設備,買進（★新評/調升/維持皆未載）,750（★前值未載）,工商時報09/09 03:00見報(modified 07:19 A31權證專欄)；★來源警示=券商完全未具名 權證專欄有發行商利益關係 750元不宜視為正式券商目標價；論點=(1)觸媒=台積電年度OIP生態系論壇首站9/23於美國矽谷登場 (2)★需求時點務實=台積電美國AP9廠建廠與設備安裝推進中 但實質設備需求預計2028-2029年才浮現 屬長線題材非近期營收貢獻 (3)★第二催化劑=2028年量產目標的CoPoS 先進封裝由晶圓型CoWoS轉向面板型CoPoS 將使志聖每單位產能設備需求提升逾1倍 (4)★獲利預估=未來三年獲利年複合成長率CAGR達81%；09/08收610(-9 -1.45% 開622高637低605 成交1131張/7.04億 來源CMoney)回算+23.0%(本系統回算)；風險=★★券商未具名且出自權證專欄 ★無EPS無評價倍數無本益比基礎無前值 750元完全無可驗證推導路徑 ★81% CAGR起訖年度未界定(2026-2028或2027-2029 基期年為何皆未載)無法檢驗；★★兌現期偏遠=AP9設備需求指向2028-2029 CoPoS量產目標2028年 兩大論點實質營收貢獻都在兩年以上 目前股價已先行反映；CoPoS是否真能取代/補充CoWoS尚屬產業路線之爭 台積電未公開承諾時程 設備需求提升逾1倍為法人推估未載計算基礎；★本系統歷史待補項有志聖755元券商名與評等文字待查 本次為750元 數字接近但不同 仍無法確認是否同一機構 亦無法判斷是調降5元或另一家獨立估值；09/08收黑-1.45%市場無明顯反應；已做個股摘要 260909_未具名法人_志聖2467.docx；來源ctee 20260909700301-430203 + cmoney 2467
2026-09-09,★未具名法人（工商時報A31權證專欄 原文全篇僅稱法人 無券商名）,內資（依權證專欄慣例推定 ★原文未載）,新應材(4749),半導體特殊化學材料－表面改質劑Rinse BARC EBR,買進（★新評/調升/維持皆未載）,950（★前值未載）,工商時報09/09 03:00見報(同篇 20260909700301 A31權證專欄)；★來源警示=券商完全未具名 權證專欄有發行商利益關係 950元不宜視為正式券商目標價；論點=(1)★核心護城河=晶圓代工客戶表面改質劑Rinse獨家供應商 應用於40奈米以下製程 (2)★量的驅動邏輯=製程複雜化使Rinse產品使用層數與表面積同步增加 帶動單片晶圓用量提升 屬製程微縮＝耗材用量增加的結構性受惠 (3)★近期動能=N2(2奈米)今年下半年進入關鍵放量期 N2專用BARC(抗反射層)與EBR(邊緣去光阻)出貨同步增溫 (4)加上業外轉投資收益 營收與毛利率逐季攀升 今年獲利挑戰歷史新高 (5)2027年多座先進製程廠產能開出延續需求動能；09/08收780(-7 -0.89% 開801高814低780★收在當日最低 成交703張/5.58億 來源CMoney)回算+21.8%(本系統回算)；風險=★★券商未具名且出自權證專欄 ★無EPS無評價倍數無營收預估無前值 950元無任何推導基礎；★本系統歷史待補項有麥格理新應材確切目標價(僅知8字頭) 本次950為9字頭 與麥格理不同 可能為另一家機構或麥格理已上調 原文無從判斷 需併同追蹤；★獨家供應商為本則最核心假設 但原文未載該客戶名稱 未載獨家合約年限 亦未載是否已有第二供應商認證中 獨家地位一旦鬆動評價前提即改變；業外轉投資收益被列為獲利動能之一 但業外收益品質低於本業 原文未拆分本業與業外貢獻比重；客戶集中度風險未討論 單一晶圓代工客戶N2放量時程直接決定營收曲線；流動性偏低(703張)且當日收在最低價780 量價未配合多方觀點；已做個股摘要 260909_未具名法人_新應材4749.docx；來源ctee 20260909700301-430203 + cmoney 4749
2026-09-09,永豐金證券（★副標具名 ★內文改稱本國投顧/法人未再具名）,內資,上銀(2049),傳動元件／自動化－滾珠螺桿 線性滑軌,維持「買進」（原文明寫維持）,431（★前值未載）,工商時報09/09 03:00見報(modified 07:19 A31權證專欄 副標明列永豐金證券)；論點=(1)8月營收27.08億元(★原文僅給絕對值未載年增率 09/08場次紀錄為月增0.98% 年增42.3%) (2)★研磨級滾珠螺桿能見度長達六個月 預估年底產出可增加20% (3)★交期為定價權先行指標=線軌產品交期已拉長至四～五個月 產能可成長10%-15% (4)傳動元件市場需求熱絡 廠商產能利用率提升 價格調漲 營收獲利將逐季增長 (5)★獲利預估=2026年EPS 10.41元 2027年EPS 13.46元(隱含年增約29%) 以431回算隱含2027PE約32.0倍(本系統回算非原文) (6)產業面=自動化供需格局今年明顯改善 受惠中國財政政策與十五五規劃刺激 及歐洲非車用應用需求大幅回升 (7)★匯率加分=同日「日圓升值 工具機3族群可受惠」稿(20260909700084)點名上銀為日圓升值受惠股；09/08收350(-14.5 -3.98% 開367高367低349★近當日最低 成交2847張/10.14億 來源CMoney)回算+23.1%(本系統回算)；風險=★★EPS預估分歧=09/08場次收錄的美系外資(未具名)估2026/2027 EPS為9.77/11.77元 永豐金為10.41/13.46元 2027年差距達14% 兩家對訂單能見度轉化為獲利的效率假設明顯不同 引用須註明出處；★431元對應本益比基礎與評價年度原文未載 前次目標價與前次報告日期亦未載；★內文未再具名 僅副標掛永豐金證券 權證專欄有發行商利益關係 可信度應打折；交期拉長同時是產能不足訊號 若無法及時擴產訂單可能流向THK NSK等日系競爭者 原文未提供擴產資本支出與時程；中國十五五財政刺激為政策依賴型需求 未做敏感度分析；★量價背離=報告維持買進隱含+23%上檔 但09/08重挫-3.98%並收近當日最低 盤中高低差18元(5.2%)；日圓升值為雙面刃 若Carry Trade平倉引發全球去槓桿 高評價工具機股同樣承壓(同日第一金投顧黃詣庭提示)；已做個股摘要 260909_永豐金證券_上銀2049.docx；來源ctee 20260909700310-430203 + 20260909700084-430201 + cmoney 2049
2026-09-09,★未具名法人（經濟日報權證專欄 原文僅稱法人 文末國泰證券提供係權證發行商非評等出具方）,★未載,日月光投控(3711),半導體封測－先進封裝 CPO PLP,維持「買進」,★原文未載,經濟日報09/09 01:02(udn 9742309 記者崔馨方整理 窗口內)；論點=(1)★產業邏輯=AI晶片效能競爭已由先進製程微縮 延伸至封裝架構 互連頻寬 I/O功耗與整體電源效率 價值往封裝端移轉 (2)加速先進封裝 CPO(共同封裝光學)及PLP(面板級封裝)技術布局 (3)★定位轉變=由傳統封測龍頭轉型為AI/HPC先進封測平台型公司 (4)2026年營運主軸由LEAP先進封測大幅放量帶動 (5)★唯一量化錨點=新產能於2027年陸續放量 LEAP營收占比提升至20.5% (6)Full Process與高階測試業務規模擴大 營業槓桿效應顯現 帶動毛利率 營益率及EPS持續改善；09/08收618(-3 -0.48% 開619高623低608 成交12777張/78.76億 來源CMoney)★無目標價無法計算上檔空間；風險=★★最大缺口為完全沒有目標價 有維持買進評等卻無任何價位錨點 可操作性有限；★券商名稱完全未具名 內外資別亦未載 出自權證專欄(國泰證券為權證發行商)研究深度與利益迴避程度應打折；★無EPS絕對值無營收預估無毛利率數字 全篇僅LEAP營收占比20.5%一個量化數字且指向2027年；毛利率營益率EPS持續改善為定性描述 未給改善幅度或基期；CPO與PLP均為布局階段技術 未載認證進度 客戶名單或量產時程 同期瑞銀對大立光CPO/FAU分析指出光學組件第三代要2028年才實現 同組產業時程風險同樣適用；LEAP占比20.5%意味2027年仍有近八成營收來自傳統封測與測試 成長彈性受既有業務稀釋 原文未討論；★歷史待補項「日月光投控大型投顧目標價」至今未解 本則同樣未提供 缺口延續；09/08收黑-0.48%市場反應平淡；已做個股摘要 260909_未具名法人_日月光投控3711.docx；來源money udn 9742309 + cmoney 3711
2026-09-09,摩根大通（★具名 ★既有紀錄重述）／麥格理（★具名 既有紀錄重述）,外資,南亞(1303),塑化／AI電子材料－PTFE CCL 銅箔 玻纖布,小摩優於大盤（維持）／麥格理優於大盤（★未載新評或維持）,小摩350（前值300 調升 本場次原文再次確認）／麥格理424（★前值未載）,經濟日報09/09 01:02重刊於權證版(udn 9742306 原稿udn 9741821 09/08 16:19)；★兩筆評等均已於先前場次收錄 本場次不重複計列為新增 僅補充；小摩=將2026/2027年稅後純益預測分別上調20%與68% 理由為銅箔及CCL市場供需加速緊繃 近期加工費與價格調漲；市場預期輝達Rubin Ultra NVL576交換器板可能改用PTFE加M9/M10半固化片混合方案 而非純M10 CCL；南亞自2021年起產品目錄即含微波元件用低介電PTFE CCL 過去10年取得玻纖布增強PTFE prepreg/CCL製造 添加低分子量PTFE粉末 多層/細線路板加工等多項專利；麥格理=南亞從傳統化工廠轉型為AI電子材料龍頭 垂直整合為核心競爭優勢 產品組合優化 預估2026-2028年淨利CAGR達38%；09/08收235(+4.5 +1.9%)以小摩350回算+48.9% 以麥格理424回算+80.4%(本系統回算)；風險=兩家目標價落差74元 麥格理未揭露前值與EPS數字 小摩未給EPS絕對值僅給上修幅度 輝達Rubin Ultra採PTFE混合方案仍屬市場預期未經輝達證實 為論點核心不確定性；★不另建摘要；來源money udn 9742306 + 9741821
2026-09-09,多家外資（目標價彙整 ★非當日新報告）,外資,台積電(2330)／鴻海(2317),半導體代工／電子組裝－蘋果供應鏈,內外資法人多給予正向評級（★未載個別評等與變動方向）,台積電=麥格理4200(最高)/花旗3800/里昂3700；鴻海=高盛400與花旗400(最高)/美銀 瑞銀 滙豐等300以上（★全數未載前值與報告日期）,經濟日報09/09 01:05(udn 9742304 記者魏興中 權證版 窗口內)；★係目標價盤點非當日新報告 不計為本場次新增評等；★★部分待補結案=歷史待補項「鴻海美系外資400之機構名」本場次確認為高盛與花旗；★台積電新增麥格理4200為目前紀錄最高 但歷史待補項「台積電3115法人名」仍未解；論點=(1)蘋果首款折疊機iPhone Ultra主晶片為自研A20 Pro 採台積電2奈米製程 (2)iPhone 18 Pro系列同樣搭載A20 Pro 2奈米 效能可望提升10-15% 為看好台積電關鍵因素之一 (3)法人估折疊iPhone 2026/2027年銷量分別達600萬/1400萬支 (4)折疊iPhone可望於2027年成為全球第二大折疊手機品牌 市占率達24% (5)iPhone 18 Pro銷售量2026/2027年可達2.34億/2.26億支 (6)iPhone主要晶片由台積電代工 鴻海組裝；台積電09/08收2470(+10 +0.41%)逆勢上漲 鴻海收小黑；風險=★全部未載前值 未載評等變動方向 未載報告日期 無法判斷哪幾家是本窗口內新出；★iPhone 18 Pro 2027年銷量(2.26億)低於2026年(2.34億) 原文未解釋此衰退；★不另建摘要；來源money udn 9742304
2026-09-09,－(法人／投顧／分析師 無評等或無目標價),－,鴻海(2317)台積電(2330)奇鋐(3017)新日興(3376)／華邦電(2344)／金像電(2368)／中砂(1560)／南亞(1303)晶碩(6491)／大立光(3008)玉晶光(3406)／閎康(3587)宏碁(2353)系微(6231)穎崴(6515),市場－產業與個股背景,無評等或無目標價,無,方向性/背景8則合併 不另建摘要；(1)★凱基投顧具名(ctee 20260909700240 03:00)無評等無TP=折疊iPhone售價估2000-2500美元(其他品牌多為1500-2000)採台積電A20 Pro 2奈米；銷量估2026年600萬支/2027年1400萬支 2027年可望成全球第二大折疊手機品牌市占24%；折痕規格=競品已取得50萬次折疊認證(壽命5年以上) 肉眼不易看出折痕需低於60μm 市場評估折疊iPhone應可達150μm以內；iPhone 18 Pro=A20 Pro 2nm效能提升10-15% 前鏡頭18MP→24MP 5G數據機改用Apple自研C2晶片對iPhone毛利率貢獻約0.4個百分點 Pro Max電池容量+9-10% 因記憶體成本上揚售價估較前代高200美元 有助毛利率維持40%以上 下半年僅推Pro系列初期備貨5000-6000萬支；★第5檔標的內文未點名；(2)華邦電2344(台新證券提供 udn 9742301)=Q2獲利締新猷優於預期 全球DRAM供應商將資源轉向HBM及先進DRAM 壓縮DDR4及成熟製程位元供給 客製化記憶體價格全年維持高檔 NOR Flash全球市占第一 SLC NAND全球第三 AI伺服器/低軌衛星/AI Camera/邊緣AI Gateway/機器人添動能；(3)金像電2368(udn 9742288)=8月營收103.84億(月增3.7% 年增76.4%)連兩月破百億 前八月640.58億(年增71.2%) 下半年台灣產能目標較去年增50% 泰國產能開出後可望年增五至六倍 稼動率滿載；(4)中砂1560(ctee 20260909700307 副標掛兆豐證券但內文僅稱法人)=8月營收8.99億(月增1.44%)單月新高 Q3以來17.85億已達本土投顧預估本季66% 全年營收有望首度挑戰百億 三大觀察重點為能否反映鑽石碟成本增加/晶圓事業部產品組合轉變/半導體PCB設備廠能見度是否延伸到工具機砂輪需求；(5)南亞1303＋晶碩6491(ctee 20260909700304 本土投顧)=南亞7月自結EPS 0.4元回推營益率15.67%略優於預估15.21% 8月營收306.01億創50個月新高(月增0.09% 年增46.75%) 7月電子材料營收占比達57%(★與09/08紀錄59.8%口徑不同 待確認) CCL玻纖稼動率近滿載報價續漲；晶碩8月7.5億(月增0.64% 年增18.88%)估Q4營收22.8億逐季創高；(6)日圓升值受惠族群(ctee 20260909700084 永豐投顧總經理黃柏棠 第一金投顧董事長黃詣庭)=受惠工具機/自動化/被動元件/鋼鐵/自行車/隱形眼鏡 點名上銀 大銀微系統 亞崴 程泰 東台 國巨* 華新科 中鴻 大成鋼；受害為以日圓計價進貨者(光學鏡頭 精密零組件 部分半導體材料與設備代理商)；風險為Carry Trade平倉失控導致全球去槓桿 高評價科技股首當其衝；黃詣庭指日銀若釋出連續升息訊號日圓將朝150靠攏；(7)三本柱配置(ctee 20260909700234 第一金投顧黃詣庭 富邦投顧陳奕光)=金融股兩大動能為資本利得轉化為配息活水＋金融股晉升類AI概念股(銀行對AI供應鏈放款 壽險與證券自營持有大量AI受惠股) 傳產看好貨櫃航運(雙十一拉貨)與低基期生技 ★風險=若長天期美債殖利率突破5%將面臨估值重估與資金抽離；富邦投顧副總陶治瑋專欄(700242)指AI企業資本支出占美國GDP比重仍低於3% 9月FOMC升息機率已升至6成 美國公共債務達40.1兆美元約5-6個月後接近41.1兆舉債上限 預期先進封裝/CPO/測試設備三領域產能吃緊；(8)其他=大立光3008＋玉晶光3406(udn 9742308 僅導言 蘋果新品帶動台系鏡頭廠下半年營運升溫)；新日興3376(udn 9742299 折疊iPhone轉軸出貨動能可望轉強)；閎康3587 8月5.65億(月增0.4% 年增17.8%)連六月創高 前八月41.96億(年增17.6%)；宏碁2353 8月301.8億(月增12.2% 年增38.4%) 雙鴻8月營收月減16%；系微6231入列Arm Total Design for Physical AI首波夥伴 09/08漲停235元鎖死；穎崴6515 8月17.06億(月增6.58% 年增233.37%)連三月新高 前八月98.10億(年增97.88%) 09/08漲停7700元 下一目標半年線約8138元；台指期夜盤(udn 9742393 富邦期貨曹富凱/台新期貨)=聯發科為電子權值重要多頭指標 外資近期重新站回買方 期貨避險與偏空力道收斂 但散戶追多動能已降溫 反而降低短線籌碼凌亂風險 技術面先觀察47000點整數關卡支撐；來源如上
2026-09-09,－(近24小時無新券商觀點),－,萬潤(6187),半導體－封裝自動化設備(自選股),無新評等,無新目標價,自選股本場次(週三早盤 窗口09/08 19:10至09/09 08:10)追蹤；★經ctee /search/萬潤(即時新聞欄已到09/08 19:03 萬潤最新個股稿仍為08/28在手訂單至明年Q2)＋Goodinfo StockAnnounceList(區間08/10-09/09 萬潤相關最新為Anue 08/27 15:24)＋news.cnyes.com/tag/萬潤＋CMoney＋WebSearch交叉查核 無任何新券商評等或目標價；既有紀錄不變=瑞銀1700(08/18) 高盛1550(07/10) 美銀1500(07/27) 高盛1800(04/23) 大摩1580 摩根大通1450 富邦800；★窗口內唯一新增內容(非券商觀點)=鉅亨營收速報〈萬潤(6187)8月營收11.09億元年增率高達103.06%〉發布時間09/08 19:50 落在窗口內 內文8月營收11.09億 年增103.06% 月增5.13% 1-8月累計59.29億 累計年增51.11% 數字與09/08盤後場次已收錄者完全一致 不構成新資訊；該稿另附近5日籌碼=三大法人合計+383張 外資-119 投信+487 自營+15；★★既有經驗修正=「鉅亨營收速報只收資本額≥50億公司 萬潤資本額9.81億結構性不會出現」判定不成立 本場次萬潤確有速報且在窗口內 往後應把news.cnyes.com/tag/萬潤列為固定入口；★行情(09/08 cnyes/Goodinfo/HiStock/wantgoo交叉一致)=收1385(+15 +1.09%) 開1355高1435低1350 振幅6.2% 成交3519張/49.36億 均價1402.65(cnyes一般交易)／含盤後定價為3668張/51.46億 成交筆數7927(Goodinfo StockDetail/HiStock)★兩者皆對 建議固定採cnyes 3519並註記；連3漲+85元/+6.54%；市值1359.98億(cnyes)／1360.94億(wantgoo) PER 70.67-71.02 PBR 15.83；★★本場次補齊全部缺口=外資持股32871張/持股比33.47%(09/07為32554張/33.15% 來源Goodinfo StockDetail 日期標09/08)★註張數增幅317張大於當日外資買超128張 係Goodinfo持股口徑與買賣超口徑本就不同(含轉換/轉讓調整)不換算；融資餘額3464張(+66 前日3398 使用率14.1%) 融券餘額51張(-1 前日52 使用率0.21%) 券資比1.47%(前日1.53%) 資券互抵5張 資券當沖率0.14%；現股當沖2007張 當沖率54.72%(前日1227張/51.26%) 買進28.1億賣出28.2億 當沖損益+281萬 平均盈虧1400.1元；借券賣出202張 還券47張 淨增+155張 借券賣出餘額2724張(前日2569)；三大法人09/08=外資+128 投信+380 自營+32(自買15+避險17) 合計+540張(HiStock chips.aspx表最後一列09/08 並經鉅亨速報近5日籌碼反算驗證)★來源分歧=Goodinfo StockDetail同日給投信+352/合計+512 少28張 三方比對支持HiStock的+380/+540 判定Goodinfo投信欄為異常值；★數據面解讀(非券商觀點)=股價僅+1.09%卻留50元上影線 融資小增66張 當沖率升至54.72% 借券賣出續增155張 籌碼呈現當沖與借券並行 方向未明；投信連4買(09/03起)；★09/09盤前資料=無(窗口08:10結束早於08:30試撮 各站09/09皆無任何報價法人或資券數字)；★入口發現=(1)★★Goodinfo StockDetail.asp?STOCK_ID=6187為本場次最佳單頁 標題明載日期09/08 一頁同時給齊行情＋三大法人＋外資持股張數/持股比＋融資融券＋券資比＋現股當沖 可省3-4次fetch 往後個股補值優先打這頁 (2)Goodinfo StockAnnounceList.asp(帶START_DT/END_DT/STOCK_ID)為新聞＋公告合併時序清單 涵蓋到09/09 比cnyes個股頁可靠很多 (3)HiStock chips.aspx?no=6187&m=mg頁尾時戳09/09 08:14:56 融資券/借券/當沖三張表都已到09/08 本場次靠這頁補齊全部資券欄位 (4)★Goodinfo ShowBuySaleChart本場次只到09/07(頁內目前股價還寫1370) 同站StockDetail已09/08 再次驗證Goodinfo逐頁快取獨立 本場次這頁無用 (5)★cnyes QFII.aspx?code=6187只到09/04 落後2個交易日 為本場次最陳舊入口 建議自清單移除 (6)wantgoo institutional-investors/trend只到09/07 有外資估計持股/持股比重欄位結構最好用但更新慢一天 只適合回補前一日 (7)★HiStock個股概況頁histock.tw/stock/6187同一頁不同區塊快取不同步=三大法人區塊09/08 融資券區塊明寫更新時間09/07 券商分點09/07 籌碼集中度09/04 不可只看頁尾時戳 (8)cnyes個股頁的個股新聞區塊再次渲染成不相干個股(本次全是旭源8421公告) 既有經驗完全成立 只取即時報價欄位；來源goodinfo 6187 StockDetail/StockAnnounceList + histock 6187 chips m=mg + cnyes 6187 + news.cnyes tag 萬潤 + cmoney 6187 + ctee search 萬潤 + wantgoo 6187 + WebSearch
2026-09-09,★未具名（原文全篇僅稱「美系外資」）,外資,勤誠(8210),電子零組件－伺服器機殼／機櫃,維持加碼（原文字「維持加碼評等不等」疑誤植）,1600（維持 前值1600）,工商時報09/09 11:37發布(modified 12:41 ctee 20260909701104-430201)；★本場次窗口09/09 08:10-19:10 週三盤後；論點=(1)8月營收24.57億(月持平 年增41%) (2)本季迄8月營收83.68億(季增7% 年增48%)達該外資Q3預測值59% 相較市場共識87.63億(季增12% 年增55%)則達56% (3)★外資據此認為Q3營收將略低於先前預估 受供應鏈管理短期波折影響 市場短期情緒料維持低迷 (4)惟管理層對下半年樂觀 GPU/ASIC伺服器及通用伺服器需求強勁帶動機箱機櫃訂單 營運仍是股價催化劑 (5)據此維持加碼與1600不變；09/09收916(+9 +0.99% 開907高931低901 成交1442張 來源聚財網today.asp StockKind=23230「台股09日收盤行情表」)回算+74.7%(本系統回算)；風險=★★評等與短期判斷方向不一致 一面維持加碼與1600 一面明言Q3營收將低於預估且市場情緒低迷 原文未說明為何短期下修不影響評價 亦未交代Q3預估是否已調整 為本則最大邏輯缺口；★券商完全未具名無法追蹤歷史調整軌跡；★無EPS無毛利率無評價倍數無前次報告日期 1600推導路徑完全無法驗證；★Q3營收預估絕對金額未載 僅知83.68億達其預估59% 回推約141.8億(本系統回算) 市場共識回推約149.4億 兩者差約5%；★★既有序列對照=1790 1685 1600(08/10記為FactSet共識值) 1450(瑞銀08/19首次覆蓋) 1400(永豐金08/12) 1335 本次1600落在既有區間高端 ★且與08/10記錄之FactSet共識值數字相同 需留意是否為共識值被誤植為單一機構目標價；供應鏈管理短期波折為定性描述 未說明是缺料/良率/客戶拉貨遞延 無法評估持續期間；流動性偏低1442張；已做個股摘要 260909_美系外資_勤誠8210.docx；來源ctee 20260909701104-430201 + wearn today.asp 23230
2026-09-09,★未具名（原文全篇僅稱「投顧法人」「法人」）,★未載（用語慣指內資投顧 惟原文未明示 不逕自歸類）,信驊(5274),半導體－IC設計(BMC伺服器遠端管理晶片),★未載評等文字（動作為調升）,★★原文完全未載數字（標題掛目標價但全文無金額 前值亦未載）,經濟日報09/09 11:04:03發布(modified 11:07:34 udn.com/news/story/7252/9743351)；★窗口內；論點=(1)8月營收16.2億元 已連續十個月改寫單月歷史新高 7、8月合計營收進度超越財測進度 (2)封測廠及載板漲價恐壓縮毛利率 但仍將優於原先預期 (3)★Q4受惠AST2700開始轉換至Eglass 出貨量明顯攀升 加上有機會再度漲價 預估單季營收可望大幅季增約40% 毛利率維持相對高檔 (4)★市占率已達80% 成本可有效轉嫁 (5)AST2700明年出貨比重先估15%~20% (6)AST2800預計2028年中試產 2029年供貨 採6奈米；09/09收18605(-615 -3.20% 開19565高19575低18100 成交424張 來源聚財網today.asp StockKind=23010)★無目標價數字無法計算上檔空間；風險=★★本則最大缺口=標題與內文均稱調高目標價但全文沒有出現任何目標價數字 亦無前值無評等等級無EPS無本益比倍數 方向明確但完全沒有價位錨點 可操作性極低；★券商未具名；★對照既有紀錄2026/08/11曾收錄外資上調信驊今年至2028年獲利預估10%~15% 目標價上看20000元以上(同樣未具名) 本次為投顧法人 兩者是否同一機構 本次調升後數字是否仍在20000以上皆無從判斷 歷史待補項「信驊外資調升目標價之券商名與新舊數字(台新投顧轉述)」延續未解；★★量價背離=調升消息11:04發布 當日股價卻重挫-3.20%收18605 盤中最低18100 收盤接近當日低點 日內振幅1475元(約7.5%) 市場對利多無反應甚至反向；Q4單季營收季增約40%為唯一量化成長預估 但未給營收絕對金額亦未給對應EPS；有機會再度漲價為條件句非既成事實 未載漲價幅度時點或客戶接受度；毛利率風險雙向(封測載板漲價壓縮 vs 維持高檔)原文未量化淨影響；成本轉嫁能力建立在80%市占 未討論客戶自研BMC或第二來源導入之長期風險；AST2800指向2028試產2029供貨 兌現期遠；流動性偏低424張；已做個股摘要 260909_未具名投顧法人_信驊5274.docx；來源udn 9743351 + wearn today.asp 23010
2026-09-09,大和資本證券 Daiwa（★具名 ★★機構歸屬查證更正 非新增評等）,外資,南電(8046),PCB載板－ABF/FC-BGA BT,買進（依09/03外部佐證重申買進 ★09/09 12:31本篇未載評等文字）,2460（前值2444 ★前值來自09/03外部佐證 本篇未載）,"工商時報09/09 12:31(ctee 20260909701018-430201 標題「大摩挺ABF、博通衝擊有限！南電終止連8跌衝漲停 欣興一度重返千元」)；★★★本場次核心事件=南電2460券商歸屬查證更正 本系統09/09早盤場次曾依當日03:00見報稿將2460由大和更正為摩根士丹利 本場次取得三則獨立佐證後判定該次更正錯誤 予以撤回；逐字證據=(1)東森財經09/03 12:31(fnc.ebc.net.tw/fncnews/stock/217471)「大和資本決定重申南電『買進』評等 並將12個月目標價由2,444元微幅調升至2,460元」同篇載2026年EPS微幅下修4%至18.82元 2460係以未來一年預估EPS乘以維持不變的49倍目標本益比計算得出 (2)工商時報09/04 03:00(20260904700073-430201)「大和資本證券力挺指出…將推測合理股價升至2,460元 潛在漲幅超過1.2倍」同篇並列大和EPS模型2026~2028年分別18.82/62.05/114.13元 (3)工商時報09/09 03:00(20260909700076)「摩根士丹利、大和資本證券均看好南電後市 推測合理股價各為2,460元與1,550元」★此句為2460=大摩判定之唯一依據 (4)工商時報09/09 12:31本篇「大和並看好ABF載板朝更大尺寸、更多層數發展 加上BT供需失衡 將成為南電後續成長動能 將目標價上修至2460元」★本篇全文未出現1550 大摩段落亦不含任何目標價數字；★判定=2460歸屬大和資本 三源一致且其中兩源附可驗證推導鏈(前值2444 2026EPS18.82 49倍PE) 而03:00稿僅一句並列句法無推導無前值可交叉檢驗 研判為記者並列順序誤植；★連帶=本系統長期紀錄「南電 大和2460」原本即為正確；★新增待補=摩根士丹利對南電之目標價數字目前無可靠來源；★另註1550在工商時報2026/07/02稿中係花旗環球給南電的價位 與03:00稿把1550掛在大和名下亦不相符 該句整體可信度偏低；本篇大和論點=南電日前法說表示近期原物料漲價壓力趨緩 第四季暫無調漲BT載板價格計畫 但大和認為隨兩大業者持續縮減BT產能 供需缺口仍會擴大 BT載板ASP後續有望重新走高 因此維持2027年價格預期不變 加上ABF朝更大尺寸更多層數發展 將成為南電後續成長動能；同篇大摩觀點(★無目標價)=調查後認定博通新加坡載板產能係2024/3起與Toppan合資的AST 目的在確保FC-BGA供應而非轉自製 對南電欣興既有供應地位衝擊有限 漲價動能則因T-glass供應2027年起緩解而可能趨穩；09/09收1110(+85 +8.29% 盤中一度漲停 終止連8跌 開1075高1125低1065 成交12102張 來源聚財網today.asp StockKind=30021 並經cdata.asp?kind=8046 115/09/09列交叉驗證完全一致)以2460回算+121.6%(本系統回算)；風險=★本篇未載評等文字未載前值未載EPS 所有可驗證數字均來自其他日期稿件 跨稿拼接引用需註明出處；★★同篇兩家外資對同一變數給出相反判斷(大和=BT供需再轉緊ASP再加速上漲 大摩=T-glass 2027緩解漲價趨平)ABF/BT供需能見度低分歧極大；★大和的空方對手是公司自己=南電法說明言Q4暫無調漲計畫 大和等於對公司指引持不同意見 若Q4確實未漲價則2027年價格預期面臨下修風險；兩大業者持續縮減BT產能為供給面推論 未載業者名稱產能數字與時程無法檢驗；49倍PE偏高且係未來一年預估EPS滾動口徑 EPS由2026年18.82跳升至2027年62.05、2028年114.13 成長曲線極陡 目標價對EPS兌現時點高度敏感 且2026年EPS已曾下修4%；產業利空背景延續(欣興洗產地疑雲遭檢調搜索 南亞暫不對BT載板漲價)；09/09股價已大漲8.29%反映此觀點 短線追價風險提高；★因2460數字先前已收錄(09/09早盤 當時歸屬大摩)本場次不重複計為新增評等 僅作機構歸屬更正與論點補充；已做個股摘要 260909_大和資本_南電8046.docx；來源ctee 20260909701018-430201 + 20260909700076-430201 + 20260904700073-430201 + fnc.ebc.net.tw 217471 + wearn today.asp 30021 + cdata 8046"
2026-09-09,－(法人／投顧／分析師 無評等或無目標價),－,台積電(2330)聯發科(2454)日月光投控(3711)鴻海(2317)廣達(2382)／光通訊CPO-NPO／欣興(3037)／京鼎(3413)／大量(3167)華邦電(2344)光聖(6442)上詮(3363)波若威(3163)聯亞(3081)華星光(4979)／大立光(3008)／友達(2409)群創(3481)／飛捷(6206)／家登(3680)光罩(2338),市場－產業與個股背景,無評等或無目標價,無,方向性/背景10則合併 不另建摘要；(1)★瑞銀證券具名(ctee 20260909701149-430201)=全球最看好11檔晶片股名單中點名5家台廠=台積電2330 聯發科2454 日月光投控3711 鴻海2317 廣達2382；預估Q3 DDR價格季增22% NAND合約價漲20% 記憶體供不應求延續至2027年 2026全球半導體營收上看1.63兆美元；★未給個股評等與目標價 (2)★花旗環球Atif Malik團隊具名(ctee 20260909701071-430704)=關注焦點由CPO轉向NPO NPO 2027年導入2028年大規模部署 雷射器與光纖被形容為下一個HBM CPO瓶頸在測試產能年產僅數千至1萬台需擴100倍；未點名台股個股 (3)欣興3037(udn 9743083 09:39)=★外資與投信對洗產地風暴冷靜以對 一致認為主要是PCB產品而非ABF載板 對基本面及財務數字影響有限 不改變正向看法 8月營收177.46億(月增9.2% 年增56.3%) 今年AI營收占比目標60%以上(載板AI占比去年40%→今年計劃60%) 09/09收993(+39 +4.09%)；(4)台新投顧總經理黃文清具名(ctee 20260909701426-430201)=超級央行周市場觀望量能偏低 認為升息屬預防性質對多頭實質衝擊有限 操作宜重個股輕指數 48K仍有機會 看晶圓代工/ABF載板/光通訊/海運/金融 (5)摩爾投顧江國中具名(ctee 20260909700734-430205)=AGI算力軍備競賽拉回布局名單=台積電 聯發科 大量3167 華邦電 光聖6442 上詮3363 波若威3163 聯亞3081 華星光4979；稱台積電2026全年資本支出預估由520-560億美元提高至600-640億美元；★另稱法人大幅上修聯發科未來EPS與目標價但未給任何數字 (6)鈞弘資本沈萬鈞具名(ctee 20260909700942-430201)=聯發科真正關鍵是取得台積電先進製程與封裝產能＋Google TPU ASIC 認為大立光正在複製聯發科前一階段的故事 近期外資調降大立光評等不宜單純解讀為看空 (7)分析師黃靜雪 王兆立(★具名個人未載所屬 ctee 20260909700584-430201 / udn 9743654)=集邦稱9月電視面板報價全面止跌 Q3電視面板採購季增15%；★惟王兆立提醒友達賣廠獲利屬一次性業外 本業無結構性改善 34元前高難度高；今年法人合計賣超近49萬張 股價已漲逾1倍 (8)京鼎3413(udn 9744249 16:20)=受邀元大證券2026年第3季投資論壇 2026Q2合併營收63億(季增13.3% 年增21.1%)創單季新高 上半年118.61億(年增17.8%) 泰國春武里廠7月起放量 下半年可望優於上半年；★元大未給評等或目標價 內容為公司自述 (9)★未具名法人 飛捷6206(ctee 20260909701247-430201)=8月營收5.83億年增62.18% 前8月45.43億年增30.08% 法人指出即便Q4為傳統淡季 公司目標2026下半年與上半年五五波 優於市場預期 (10)家登3680 光罩2338(udn 9743314 10:55)=台積電攜ASML推進12吋High NA EUV光罩 兩檔跳空漲停(573元 41.5元) 耗材供應鏈訂單能見度拉長至2028年；來源如上
2026-09-09,－(近24小時無新券商觀點),－,萬潤(6187),半導體－封裝自動化設備(自選股),無新評等,無新目標價,自選股本場次(週三盤後 窗口09/09 08:10至19:10)追蹤；★經WebSearch六組query＋news.cnyes.com＋cnyes twstock 6187＋histock 6187新聞列表＋goodinfo交叉查核 無任何新券商評等或目標價；既有紀錄不變=瑞銀1700(08/18) 高盛1550(07/10) 美銀1500(07/27) 高盛1800(04/23) 大摩1580 摩根大通1450 富邦800；★行情09/09=收1330(-55 -3.97%) 開1410 高1425 低1325(來源聚財網stock.wearn.com/a6187.html meta明寫「2026/09/09 收盤1330」 並經winvest.tw 5日均線1338.00反推(1300+1305+1370+1385+1330)/5內部自洽佐證)；★★成交張數來源分歧=2967張(聚財網09/09) vs 2844張(HiStock stock/6187表頭09/09) 兩站皆標09/09 兩者並列不取捨 需第三來源仲裁；成交金額待補(無任何09/09來源提供)；市值1306.89億(winvest明確標註2026/09/09)；本益比09/09待補；★三大法人09/09(HiStock表格標更新時間2026.09.09 頁尾時戳19:17:14 兩判準一致)=外資-583 投信+4 自營-7(自買-1 避險-6) 合計-586張；外資賣超1天終止連2買 投信自09/03起買超5天累計+495張；★融資融券 券資比 資券當沖率 現股當沖率 借券賣出餘額 外資持股張數與持股比 09/09全部待補(所有可存取來源於19:10前仍停在09/08)；09/08參考值=融資3464張 融券51張 券資比1.47% 借券賣出餘額2724張 現股當沖率54.72% 外資持股32871張/33.47%；★★★資料品質重大發現(需修正前場次判定)=HiStock對09/08三大法人數字已自行修正 09/08當日快取版為投信+380/合計+540 09/09版改為投信+352/合計+512 與Goodinfo一致 ★前場次判定「Goodinfo投信欄為異常值 三方比對支持HiStock的+380/+540」應予推翻 實際是HiStock盤後先給暫定值隔日再修正 往後對HiStock當日盤後法人數字應視為暫定值 不可用來否定Goodinfo；★數據面解讀(非券商觀點)=股價連3漲後今日收黑-3.97% 外資由連2買轉為單日賣超583張 投信買超動能大幅收斂至僅+4張(連5買但幾近持平) 8月營收年增103.06%的利多在兩個交易日內已由市場回吐 量價與籌碼皆未能延續；★券商分點(HiStock標09/08)=賣超 國票-敦北法人-117 美商高盛-111 花旗環球-57 新加坡商瑞銀-50；買超 富邦+375 港商野村+177 統一-南京+130；★入口新鮮度=★★聚財網stock.wearn.com/a6187.html本場次為行情最快入口(meta直接寫收盤日期與價格)建議升格為行情首選 但同站acredit.asp(資券)與foreign.asp(外資持股)落後一日 netbuy.asp嚴重落後至115/08/17不可用；★★winvest.tw/Stock/Symbol/Comment/6187市值標09/09 均線與收盤自洽 可作收盤價交叉驗證第二來源；★★histock.tw/stock/6187頁尾19:17:14為本場次唯一09/09三大法人來源 但★同一頁的融資融券與借券區塊自帶「更新時間:2026.09.08」 區塊各自有獨立時戳必須逐區塊看；★histock chips.aspx?no=6187&m=mg頁尾標09/09 08:14:56但資料末列09/08=「頁尾時戳新資料舊」典型案例 兩判準缺一不可；★★cmoney.tw/forum/stock/6187本場次為09/09約09:13盤中快照(顯示成交1380/最低1370/總量1425/均價1397.47)★絕不可當收盤用 新判準=看側欄貼文時戳(比看同學都在看更直接)；★cnyes twstock 6187明寫市場收盤09/08不可用 且個股新聞區塊再次渲染成旭源8421 該bug完全成立；★goodinfo StockDetail與StockAnnounceList本場次遭web_fetch provenance阻擋 多次搜尋無法讓URL進入結果集 前場次「最佳單頁」本場次無法使用；★goodinfo ShowBuySaleChart停09/07整站落後兩日；★pchome megatime 302導向set_cookie.php回傳空白 建議加入黑名單；★Yahoo股市/nstock.tw沿用黑名單；★另記09/08成交量分歧 HiStock/CMoney記3668張 cnyes記3519張；來源wearn a6187 + winvest 6187 + histock 6187 + histock chips m=mg + cnyes twstock 6187 + news.cnyes tag 萬潤 + goodinfo 6187 + WebSearch
2026-09-10,本土金控法人（★未具名）,內資,台積電(2330),半導體－晶圓代工,強力買進（★未載新評/調升/維持）,3220（前值★未載）,2026年EPS估106.83元(+61.3%)、2027年140.11元(+31.2%)；A16製程Q4商業量產；已做個股摘要；來源wantrich 20260910900002
2026-09-10,本土金控法人（★未具名）,內資,日月光投控(3711),半導體－封測/先進封裝,買進（★未載新評/調升/維持）,840（前值★未載）,2026年EPS估18.36元(+97.2%)、2027年29.57元(+61.1%)；PowerSiP配線功率損耗12%減半至6%；已做個股摘要；來源wantrich 20260910900002
2026-09-10,本土金控法人（★未具名）,內資,中砂(1560),半導體材料－鑽石碟,買進（★未載新評/調升/維持）,840（前值★未載）,鑽石碟需求；★原文未揭露EPS預估與評價假設；已做個股摘要；來源wantrich 20260910900002
2026-09-10,本土金控法人（★未具名）,內資,昇陽半導體(8028),半導體材料－再生晶圓,買進（★未載新評/調升/維持）,290（前值★未載）,再生晶圓需求；★原文未揭露EPS預估；已做個股摘要；來源wantrich 20260910900002
2026-09-10,摩根士丹利＋美銀證券＋花旗環球（★三家具名）,外資,致茂(2360),半導體設備－測試/光電測試CPO,★原文未載制式評等（用字「同步看好未來成長」）,★模糊表述「股價預期上看3字頭」（前值★未載）,8月營收56.32億創高 7-8月累計達共識77%；外資估2026-28EPS 46.73/80.05/100.11元；CPO 7月起貢獻營收 2027年可能成長數倍；已做個股摘要；來源ctee 20260910700215
2026-09-10,★未具名外資（摩根士丹利具名評論營運）,外資,旺矽(6223),半導體設備－探針卡/CPO,★原文未載,★模糊表述「8000元以上」（前值★未載）,8月營收20.48億 月增13%年增70%高於大摩預估；★管理層展望保守股價恐有壓；Insertion 3按計畫Q4出貨；已做個股摘要；來源ctee 20260910700215
2026-09-10,金控旗下投顧研究機構（★未具名）,內資,宏捷科(8086),化合物半導體－VCSEL/InP,買進（★未載新評/調升/維持）,150（前值★未載）,VCSEL估今年/2027營收占比6%/8% 年增80%/59%；InP 2/3/4吋與客戶共同開發 顯著貢獻2028年後；已做個股摘要；來源ctee 20260910700288
2026-09-10,晨星 Morningstar（★具名 研究機構非券商）,★未載,聯發科(2454),IC設計,★★降評「賣出」（明確為降評）,4000（前值★未載）,★本場次唯一降評 且遠低於市場主流目標價(亞系外資10000/歐系6500/內資5100-5625)；當日股價跌85元收4625元；已做個股摘要；來源udn 9745066
2026-09-10,高盛證券（★具名）,外資,全新(2455)/上詮(3363)/惠特/高明鐵/光焱,光通訊－PIC/CPO,無（產業觀點 未給個股評等）,無,半導體展拜訪八家廠商歸納六大趨勢：PIC規模化、測試為CPO最早受惠環節、KGD、自動化耦合、FAU與雷射規格升級、CMP拋光液；來源udn 9744765
2026-09-09,FactSet分析師調查（7位 ★未具名）,外資,文曄(3036),半導體通路/IC通路,★原文未載,300（前值★未載；★8月同類報導為310）,2026年EPS中位數26.41→26.62元(最高30.02/最低22.33)；2027年中位數31.51元；已做個股摘要；來源cnyes 6601459
2026-09-09,FactSet分析師調查（5位 ★未具名）,外資,環宇-KY(4991),半導體－三五族化合物/光通訊,綜合評級積極樂觀6位/中立0/悲觀0（★人數與樣本數不一致 待確認）,663（前值630 ★調升+5.24%；最高710最低531）,8日收493元 近5日跌9.37%落後半導體類指數(+1.78%)；已做個股摘要；來源cnyes 6601259
2026-09-09,凱基投顧（★具名）,內資,禾伸堂(3026),被動元件－MLCC/AI伺服器NP0,增持（維持）,1000（前值950 ★調升）,估今明2年營收168億/279億 毛利率26.6%/39.3% EPS 14.85/39.73元；AI伺服器NP0市占44%/48%；已做個股摘要；來源wantrich 20260909900144
2026-09-09,統一投顧（★具名）,內資,國巨*(2327),被動元件－MLCC/鉭質電容,買進（重申）,688（前值★未載）,8月營收163.32億連6月新高 月增1.2%年增51.8% Q3達成率69%；估今明2年EPS 18.95/27.53元；★與花旗環球1450元差距逾一倍；已做個股摘要；來源wantrich 20260909900144
2026-09-09,花旗環球（★具名）,外資,國巨*(2327),被動元件－MLCC/鉭質電容,買進（維持）,1450（前值★未載）,7月漲價遍及MLCC與鉭質電容 Q4有更顯著上行潛力；示警需求復甦慢於預期等四大下行風險；★與統一投顧688元差距逾一倍；已做個股摘要；來源wantrich 20260909900144
2026-09-09,龍頭券商旗下投顧（★未具名 報告日9/8）,★未載,華城(1519),重電－輸配電設備,買進（★未載新評/調升/維持）,860（前值★未載）,族群6檔自高點回跌18-32%；2025年實質民間資本年增26%至2.2兆元 輸發配電設備年增12%；IEA估2030年資料中心耗電破1000TWh CAGR15%；已做個股摘要；來源wantrich 20260909900001
2026-09-09,龍頭券商旗下投顧（★未具名 報告日9/8）,★未載,中興電(1513),重電－輸配電設備/GIS,買進（★未載新評/調升/維持）,200（前值★未載）,同份重電報告中與華城同為僅有兩檔買進；★原文未提供個股層級財務預估；已做個股摘要；來源wantrich 20260909900001
2026-09-09,龍頭券商旗下投顧（★未具名 報告日9/8）,★未載,亞力(1514),重電－配電盤/電力設備,持有（★同份報告中相對保守）,113（前值★未載）,評等低於華城與中興電；★原文未提供個股層級財務預估；已做個股摘要；來源wantrich 20260909900001
2026-09-09,龍頭券商旗下投顧（★未具名 報告日9/8）,★未載,東元(1504),重電－馬達/電機電力設備,持有（★同份報告中相對保守）,80（前值★未載）,評等低於華城與中興電；士電(1503)與宏于未評等；已做個股摘要；來源wantrich 20260909900001
2026-09-09,本土法人（★未具名 報告日9/8）,內資,聯電(2303),半導體－晶圓代工(成熟製程),買進（★未載新評/調升/維持）,169（前值★未載）,估Q3晶圓出貨季增7-9% 產能利用率約90% 單季EPS上看1.47元；全年毛利率35% EPS 7.72元；★同期彙整報導稱目標價區間120-138元 數字待確認；已做個股摘要；來源wantrich 20260909900002
2026-09-09,FactSet分析師調查（11位 ★未具名）,外資,中信金(2891),金融－金控,★原文未載,73.5（前值★未載）,2026年EPS中位數4.28→4.31元(最高4.46/最低3.78)；2027年中位數4.52元；已做個股摘要；來源cnyes 6602379
2026-09-08,Factset彙整（★未具名 鉅亨外資評等統計表）,外資,聚陽(1477),紡織－成衣代工,加碼,255（前值265 ★★調降）,★本場次補收錄；表列現價198元；降價不降評；已做個股摘要；來源cnyes ratediff.aspx
2026-09-08,Factset彙整（★未具名 鉅亨外資評等統計表）,外資,萬海(2615),航運－貨櫃,加碼,105（前值101 ★調升）,★本場次補收錄；表列現價112元★已越過目標價；SCFI 9/4報3590.05點連六周漲創逾兩年新高；已做個股摘要；來源cnyes ratediff.aspx
2026-09-09,高盛證券（★具名）,外資,台股大盤,市場－大盤策略,★★調升：中性→優於大盤Overweight,指數目標54000點（前值★未載）,估2026年台灣企業整體EPS年增62%；★出自彙整報導 原報告發布日未載 數字待確認；來源wantrich 20260909900329
2026-09-09,瑞銀證券 UBS（★具名）,外資,台積電(2330)/聯發科(2454)/日月光投控(3711)/鴻海(2317)/廣達(2382),半導體－記憶體/產業觀點,重申偏好（產業觀點 未給個股評等）,無,7月全球晶片銷售月減9.8%(記憶體-16.3%)係產能不足非需求轉弱；估Q3 DDR價格季增22% NAND合約價漲20% 供不應求延續至2027年；來源ctee 20260909701149
2026-09-10,統一投顧（★具名）,內資,健鼎(3044),PCB－伺服器/記憶體板,★原文未載評等（用字「青睞」「看好」）,★未載,Q2毛利率首度突破30% 單季獲利再創新高；預估今年記憶體業務營收年增逾50%；來源ctee 20260910700288
2026-09-10,★未具名法人（工商時報權證專欄）,★未載,聯茂(6213)/華通(2313),CCL/PCB－AI材料,無評等,無,聯茂無錫廠資本支出105億元 月產能2026年底570萬張升至2029年底915萬張 M6以上占比30%→2028年50%；華通1.6T光模組Q4放量；來源ctee 20260910700285
2026-09-10,★未具名法人（工商時報權證專欄）,★未載,長榮(2603)/萬海(2615),航運－貨櫃,★未載評等,★未載,9/4 SCFI 3590.05點連六周漲創逾兩年新高；法人估長榮Q3 EPS上看16.83元、萬海Q3 EPS約5.9元；來源ctee 20260910700291
2026-09-10,★未具名美系外資（★既有紀錄重述 09/09已收錄1600元）,外資,勤誠(8210),電子零組件－伺服器機殼,重申正向看法（維持）,★本篇未載（09/09已收錄1600）,8月營收24.6億元續創同期新高；本季營收達成預估數56%略低於預期 研判為供應鏈暫時性問題；馬來西亞新廠Q4爬坡、越南2027H1量產；來源ctee 20260910700297
2026-09-10,金控龍頭旗下投顧（★未具名）,內資,萬潤(6187),半導體－封裝自動化設備(自選股),★未載評等（僅列受惠標的）,★未載,SEMICON Taiwan 2026報告點名志聖(2467)/萬潤/弘塑(3131)為先進封裝與異質整合持續投資主要受益者；★本場次萬潤無新評等無新目標價；來源wantrich 20260910900003
2026-09-10,★未具名法人,★未載,大成鋼(2027),鋼鐵－金屬通路,無評等,無,8月營收123.8億元年增46%月減1.8%符合預期 法人估今年EPS上看5.5元；來源udn 9743202
2026-09-10,★未具名法人,★未載,九豪(6127)/同欣電(6271),電子陶瓷基板/封裝,無評等,無,陸廠三環集團陶瓷封裝基座漲價10-15% 11/1生效 台廠可望受惠並有轉單商機；來源udn 9744779
2026-09-10,大和資本 Daiwa（★具名）,外資,欣銓(3264),半導體－晶圓測試,買進（★初評／首次覆蓋）,340 元（前值－（初評，無前值））,自車用／工業測試成功轉型為 AI、HPC 晶圓測試領導者。 已做個股摘要；來源 9746485
2026-09-10,摩根大通 J.P. Morgan（★具名）,外資,國巨(2327),被動元件－MLCC／鉭質電容,優於大盤（★未載新評／調升／維持）,1、030 元（前值★原文未載）,日系廠商第 3 季有可能出現部分 MLCC 短缺，部分製造商已計劃第 4 季調漲價格 20%－30%。 已做個股摘要；來源 9746754
2026-09-10,美銀證券 BofA（★具名）,外資,緯創(3231),電子代工－AI 伺服器 ODM,買進（重申）,265 元（★調升）（前值238 元）,8 月營收創新高並突破 4、000 億元；AI 伺服器機架出貨量約較上月翻倍。 已做個股摘要；來源 20260910900302-420101；9745851；9745501
2026-09-10,摩根士丹利 Morgan Stanley（★具名，報告日 2026-09-09）,外資,廣達(2382),電子代工－AI 伺服器 ODM,增持 Overweight（★未載新評／調升／維持）,★原文未載（前值★原文未載）,8 月 GB200/300 機櫃產量月增 27% 至 8、400 櫃（鴻海 2、600、廣達 2、500－2、550、緯創 2、300－2、400）。 已做個股摘要；來源 20260910900302-420101；9745501
2026-09-10,宏遠投顧／玉山投顧／富邦投顧／中信投顧（★四家具名）,內資,群聯(8299),記憶體－NAND 控制 IC 與模組,買進（維持）／中信投顧：維持增加持股,宏遠 3、726 元｜玉山 2、970 元｜中信 2、785 元｜富邦 2、730 元（前值★四家皆★原文未載前值）,Q2 毛利率由 61.31% 升至 65.31%，單季 EPS 118.57 元，上半年 EPS 187.19 元（約 18 個股本）。 已做個股摘要；來源 20260910900219-420101
2026-09-10,群益投顧（★具名）,內資,新日興(3376),機構件－折疊機軸承 Hinge,買進（★未載新評／調升／維持）,242 元（前值★原文未載）,與美系客戶開發折疊螢幕 Hinge 多年，為 Hinge 供應商之一。 已做個股摘要；來源 9745402；9747061
2026-09-10,群益投顧（★具名）,內資,奇鋐(3017),散熱－伺服器水冷,買進 Buy（★未載新評／調升／維持）,4、360 元（前值★原文未載）,水冷散熱產品出貨成長，伺服器與網通領域展望佳。 已做個股摘要；來源 9745402；6602889；20260910900176-420101
2026-09-10,群益投顧（★具名）,內資,大立光(3008),光學－手機鏡頭,買進（維持）,★原文未載（前值★原文未載）,受惠 iPhone 18 Pro 可變光圈鏡頭；iPhone 18 多樣光學系統規格更新。 已做個股摘要；來源 9745402；6602889
2026-09-10,★未具名法人（工商時報權證專欄）,★原文未載,志聖(2467),半導體設備－先進封裝,買進,750 元（前值★原文未載）,美國 AP9 廠建廠與設備安裝推進，實質設備需求預計 2028－2029 年浮現。 已做個股摘要；來源 20260909700301-430203
2026-09-10,★未具名法人（工商時報權證專欄）,★原文未載,新應材(4749),半導體材料－特殊化學品,買進,950 元（前值★原文未載）,為晶圓代工客戶表面改質劑（Rinse）獨家供應商，應用於 40nm 以下製程，層數與表面積增加帶動用量。 已做個股摘要；來源 20260909700301-430203
2026-09-10,高盛證券 Goldman Sachs（★具名，分析師 Allen Chang、Verena Jeng、張博凱）,外資,鴻海(2317),電子代工－蘋果供應鏈／AI 伺服器,買進，並列入「確信買入名單 Conviction List」,★原文未載（前值★原文未載）,iPhone Duo 起價 1、999 美元，低於三星 Galaxy Z Fold 8 Ultra 的 2、099.99 美元，在記憶體成本高企下仍具競爭力，可望打開大眾市場。 已做個股摘要；來源 9747061；6602889；20260910900302-420101
2026-09-10,高盛證券 Goldman Sachs（★具名）,外資,南亞(1303),塑化－電子材料／銅箔基板,買進，並列入「確信買入名單 Conviction List」,★原文未載（前值★原文未載）,高盛將南亞列入大中華區蘋果供應鏈確信買入名單，與鴻海同列。 已做個股摘要；來源 9747061；6602889；9746083
2026-09-10,★未具名美系外資（高盛同期亦列買進）,外資,台達電(2308),電源供應－AI 電源／蘋果供應鏈,維持買進,★原文未載（前值★原文未載）,列為 iPhone Duo 六大受惠股之一（與臻鼎-KY、新日興、台光電、大立光、奇鋐並列）。 已做個股摘要；來源 20260910900176-420101；6602889；20260910900589-420101
2026-09-10,FactSet 分析師調查（6 位，★未具名）,外資,台塑(1301),塑化－石化,積極樂觀 5 位／保持中立 2 位／保守悲觀 0 位（★人數與樣本數不一致，待確認）,75 元（★調升 +3.45%）（前值72.5 元）,目標價中位數由 72.5 元調升至 75 元，最高 80 元、最低 60.4 元。 已做個股摘要；來源 6602504；9746083
2026-09-10,FactSet 分析師調查（17 位，★未具名）,外資,信驊(5274),IC 設計－伺服器 BMC,★原文未載,22、500 元（前值★原文未載）,2026 年 EPS 中位數由 189.62 元上修至 194.98 元（最高 217.02 元／最低 173.58 元）。 已做個股摘要；來源 6602505
2026-09-10,FactSet 分析師調查（6 位，★未具名）,外資,玉晶光(3406),光學－手機鏡頭,積極樂觀 3 位／保持中立 2 位／保守悲觀 1 位,700 元（★調升 +3.32%）（前值677.5 元）,目標價中位數由 677.5 元調升至 700 元，最高 1、050 元、最低 410 元。 已做個股摘要；來源 6603986
2026-09-10,FactSet 分析師調查（10 位，★未具名）,外資,富世達(6805),機構件－折疊機軸承,★原文未載,2、650 元（前值★原文未載）,2026 年 EPS 中位數由 61.16 元上修至 61.85 元。 已做個股摘要；來源 6602380
2026-09-10,FactSet 彙整（★未具名，鉅亨外資評等統計表，評等日 2026-09-09）,外資,華通(2313),PCB－HDI／蘋果供應鏈,★原文未載（統計表評等欄空白）,322.5 元（前值★原文未載（統計表舊目標價欄空白））,鉅亨外資評等統計表列新目標價 322.5 元，表列現價 228 元，隱含上檔空間約 41%。 已做個股摘要；來源 ratediff.aspx
2026-09-10,FactSet 彙整（★未具名，鉅亨外資評等統計表，評等日 2026-09-09）,外資,臻鼎-KY(4958),PCB－軟板／蘋果供應鏈,★原文未載（統計表評等欄空白）,682.5 元（前值★原文未載（統計表舊目標價欄空白））,鉅亨外資評等統計表列新目標價 682.5 元，表列現價 502 元，隱含上檔空間約 36%。 已做個股摘要；來源 ratediff.aspx；20260910900176-420101；6602889
2026-09-10,野村投信（★具名）,內資,台股大盤,市場－大盤策略,無（大盤觀點）,無,2026 年台股 EPS 年增預估上修至 74%，為連續第 8 個月上修；輝達 Vera Rubin 預計 Q3 末至 Q4 初大量出貨。 來源 6602706
2026-09-10,第一金投顧 黃詣庭／台新投顧 黃文清（★具名）,內資,台股大盤,市場－大盤策略,無（大盤觀點）,無,第一金：國際股市觀望濃厚，上市櫃營收即將全數公布，短期牽動行情，績優股仍是資金焦點。台新：建議避開高估值、依賴外部融資、財務體質差的標的；半導體 AI 基礎設施概念股中長線趨勢仍佳，拉回可加碼。研判季底前台股維持 45、000－48、000 點震盪。 來源 20260910700218-430201
2026-09-10,統一證券／國票證券（★具名）,內資,台股大盤,市場－大盤策略,無（大盤觀點）,無,統一證券：台股中長多架構並未遭破壞，僅點名強勢股（光罩、家登、玉晶光、聯一光、新纖、世紀*），無個股評等與目標價。國票證券：台股震盪整理後有望再次挑戰前高。 來源 f1a.aspx?a=0c3cb10a-b3ef-4cef-9a60-07420ee60198&c=MB090000
2026-09-10,★未具名投顧法人,★未載,台塑(1301)／台塑化(6505)／南亞(1303),塑化－石化／煉油／電子材料,★原文未載,★★標題稱「上修三檔目標價」但內文完全未列數字，待確認,煉油利差維持歷年同期新高（美國煉廠開工率 98%、成品油庫存低）；相對看好電子材料與業外轉投資獲利大幅成長的南亞，以及受惠煉油利差的台塑化。 來源 9746083
2026-09-10,★未具名法人（市場評估）,★未載,國巨*(2327)／華新科(2492),被動元件－MLCC,無評等,無,村田製作所發出 EOL 通知，2026 會計年度逐步停產部分消費級常規（GRM、GRJ）與車規（GCM、GCJ、GCG）MLCC 料號，台廠可望承接轉單；法人估台、陸 MLCC 廠 Q4 報價平均漲 10%－20%，華新科 MLCC 營收占比達 42%。車規認證期需 6－18 個月。 來源 20260910701043-430201；9746754
2026-09-10,摩爾投顧 蔡慶龍（★具名）,內資,全新(2455),化合物半導體－磷化銦磊晶片,★原文未載,★原文未載,8 月營收 4.71 億元、月增 11.56%、年增 71.16%，連兩月創單月新高；光電子營收占比由 7 月 40.1% 升至 8 月 46.1%；1.6T 光偵測器已出貨、EML 小量出貨、400G VCSEL 量產；投入約 6.5 億元增購兩台磷化銦 MOCVD 設備。 來源 20260910701008-430205
2026-09-10,萬寶投顧 蔡明彰（★具名）,內資,聯亞(3081)／全新(2455)／茂迪(6244)／廣達(2382),光通訊－矽光子／CPO,★原文未載,★原文未載,矽光子模組滲透率 2026 年估 10%、2028 年 18%；CPO 目前僅 0.5%－1%，2028 年估 9%、2030 年 35%。 來源 20260910900005-420101
2026-09-10,摩爾投顧 陳昆仁、林漢偉（★具名）,內資,台達電(2308),AI 電源－HVDC,★原文未載,★原文未載,輝達 HVDC 非立刻全面切入 800V，先由 400V 展開；正負 400V 與 800V 新品 2026 Q3 量產、Q4 出貨，大量放量要等 2027 年。台達電 9/10 重摔 105 元。 來源 20260910900589-420101
2026-09-10,★未具名法人,★未載,光聖(6442),光通訊－被動元件／AI 資料中心,★原文未載,★原文未載,8 月合併營收 16.28 億元、月增 32.44%、年增 152.24%，歷史次高；資料中心相關營收占比逾 8 成，產能滿載、多數產線兩班制；客戶訂單能見度延伸至 2026 年底。 來源 20260910700234-430502
2026-09-10,★未具名（業界觀察／供應鏈）,★未載,華新科(2492)／信昌電(6173),被動元件－MLCC,無評等,無,華新科 8 月營收 45.69 億元、月增 2.8%、年增 45.5%，為 2018 年 11 月以來單月新高，前八月 299.41 億元、年增 22.1%；信昌電創近五年單月新高。9/10 華新科漲 4.5% 收 334 元。 來源 20260910700238-430502；9746754
2026-09-10,高盛證券（★具名）,外資,iPhone Duo 供應鏈 11 檔,蘋果供應鏈－綜合,買進（鴻海、南亞另列確信買入名單）,★原文未載,11 檔名單：台積電(2330)、鴻海(2317)、新日興(3376)、奇鋐(3017)、全新(2455)、大立光(3008)、南電(8046)、景碩(3189)、臻鼎-KY(4958)、台光電(2383)、台達電(2308)。營收曝險：新日興對蘋果 75%－85%、大立光 45%－50%、鴻海 30%－35%。新一代均熱板利多 AVC、AAC；後置可變光圈利多大立光。 來源 9747061；6602889
2026-09-11,高盛證券 Goldman Sachs（★具名）,外資,台積電(2330),半導體－晶圓代工,★原文未載評等（維持推測合理股價）,"3,100 元（維持）（前值3,100 元）","8月營收5,148億元、月增10.1%，首度突破5,000億元創單月新高；高盛與經營管理階層對談後指台積電對長期毛利率56%以上目標依然堅定；視AI為長達多年超級大趨勢且仍處非常早期。已做個股摘要；來源 20260911700088-430201"
2026-09-11,凱基投顧（★具名）,內資,台積電(2330),半導體－晶圓代工,買進,"3,200 元（前值★原文未載）",考量技術領先優勢且先進製程產能吃緊延續，預期先進與成熟製程皆具調漲空間。已做個股摘要；來源 20260911700088-430201
2026-09-11,★未具名投顧法人,★未載,台積電(2330),半導體－晶圓代工,★原文未載,★原文未載（原文稱以本益比20倍看有挑戰「3字頭」實力，非正式目標價）,法人預估Q3營收季增幅可望超過15%、優於法說釋出的12%；今年EPS至少100元起跳，2027年仍有3成增長。已做個股摘要；來源 20260911700089-430201
2026-09-11,美銀證券（★具名）,外資,緯創(3231),電子代工－AI伺服器ODM,買進（★本篇未載評等，09/10已收錄買進）,265 元（★既有紀錄重述，09/10已收錄）,"8月合併營收4,600.65億元、月增49.3%、年增166.5%首破4,000億；AI伺服器機櫃出貨量約較7月倍增，Q3營收預估上調11%；估今年EPS 16.14元、2027/2028為19.53/24.44元。來源 20260911700226-430201"
2026-09-11,摩根士丹利 Morgan Stanley（★具名）,外資,緯創(3231)/廣達(2382),電子代工－AI伺服器ODM,重申看好雙強；布局順位緯創優先於廣達,★原文未載,"GB200/300機架8月出貨8,400台、月增27%（緯創2,300-2,400、廣達2,500-2,550、鴻海約2,600）；預估全年伺服器出貨較去年成長100%；緯創7-8月營收達Q3共識75%、廣達達71%（大摩預估值81%），原估全年約1.79萬台機櫃出貨量可能進一步上調。來源 20260911700226-430201"
2026-09-11,金控旗下投顧（★未具名）,內資,華碩(2357),電腦及週邊－AI伺服器/AI PC,買進,★原文未載,AI伺服器客戶涵蓋CSP、Neo cloud與主權AI，伺服器營收中9成由AI貢獻，預期伺服器今年全年營收成長150%；AI PC Q2已占消費型筆電營收30%；ProArt P16/P14首波預購一空、Q4出貨。已做個股摘要；來源 20260911700289-430203
2026-09-11,國泰證期研究（★具名）,內資,富世達(6805),機構件－快接頭QD/軸承,★原文未載（持續看好後市）,★原文未載,GB300快接頭出貨維持高檔、VR200逐步量產，QD應用由Switch Tray延伸至Compute Tray與Rack Manifold；AWS Trainium 3水冷快接頭開始小量出貨；法人預期Q3營運創單季新高。來源 20260911700289-430203
2026-09-11,台新證券（★具名，內文稱「法人」）,內資,強茂(2481),功率半導體,買進,205 元（前值★原文未載）,漲價效應主要自Q3開始顯現，下半年高毛利率車用及AI需求較好；小訊號及TVS自Q3放量出貨至AI伺服器客戶；今年AI相關功率元件營收將翻倍成長；2027年氣冷及水冷相關功率元件開始放量。已做個股摘要；來源 20260911700298-430203
2026-09-11,群益金鼎證券（★具名）,內資,力成(6239),半導體－封測/先進封裝FOPLP,★原文未載,★原文未載,已建立四大PLP技術平台並交付5.5x光罩尺寸AI加速器；記憶體與AI需求使產能緊張；已切入CPO處產品驗證階段；今年與2027年台灣先進封裝產能已由AMD等客戶訂滿。來源 20260911700301-430203
2026-09-11,★未具名法人,★未載,凱基金(2883),金融－金控,買進,40 元（前值★原文未載）,擁人壽、證券獲利雙引擎將優先受惠投資市場熱度，各子公司資本充足；推估2027年配發1.8元現金股利、現金殖利率逾5%；股市上漲與台幣利率上揚將帶動淨值大幅提升。已做個股摘要；來源 20260911700295-430203
2026-09-11,★未具名法人,★未載,玉山金(2884),金融－金控,買進,★原文未載,玉山銀核心營運動能強勁、玉山證受惠台股價量俱揚與經紀市占率提升；9/1完成與三商美邦人壽股權交割，躍升台灣第五大金控。已做個股摘要；來源 20260911700295-430203
2026-09-11,★未具名法人,★未載,力積電(6770),半導體－成熟製程晶圓代工,★原文未載,90 元（前值★原文未載）,股價與記憶體族群連動度高，考量成熟製程同步復甦且目前股價位於低檔可布局，目標價上看90元；同日外資買超近4萬張。已做個股摘要；來源 20260911700364-430201；20260911700223-430201
2026-09-11,★未具名法人,★未載,光罩(2338),半導體－光罩,★原文未載,★原文未載,近期股價主要反映High NA EUV、12吋光罩規格升級題材；8月營收4.94億元、月減2.16%、年減8.95%，營收面尚未明顯轉強；Q2 EPS 0.12元較去年同期虧損1.85元明顯改善。來源 20260911700245-430204
2026-09-11,高盛證券（★具名）,外資,美光/SK海力士/SanDisk/三星電子（★原文未載代號）,半導體－記憶體DRAM/NAND,★原文未載,★原文未載,高盛認為記憶體產業最嚴峻下行階段可能已過去，美光與SanDisk已突破夏季下降趨勢；半導體波動率自7月高峰回落、避險基金持股部位仍偏低，資金可能進一步回流；惟股價突破仍需基本面與獲利支持。來源 20260911700139-430704
2026-09-11,★未具名法人（引集邦TrendForce數據）,★未載,威剛(3260)/創見(2451)/十銓(4967)/宜鼎(5289)/宇瞻(8271)/群聯(8299),記憶體－NAND模組,無評等,無,鎧俠執行長太田裕雄稱「記憶體價格漲夠了」重創NAND Flash概念股；法人指鎧俠Q2全球NAND市占13.6%與美光15.1%差距不大，主力客戶含蘋果、輝達。來源 20260911700232-430201
2026-09-11,★未具名業界／供應鏈,★未載,國巨(2327)/華新科(2492),被動元件－MLCC,無評等,無,村田EOL停產通知涉GRM、GRJ、GRT、GXM、GXT、GCM、GCJ、GCG、ZRA九系列部分規格，最後接單2028/3/31、最終出貨2029/3/31；業界估停產系列恐占村田營收10-20%，台廠國巨、華新科為轉單受惠第一排。來源 20260911700096-430502
2026-09-11,高盛證券（★具名）,外資,全新(2455)/上詮/惠特/高明鐵/光焱科技（後四家★原文未載代號）,光通訊－PIC/CPO,★原文未載,★原文未載,高盛於半導體展拜訪八家廠商後歸納六大趨勢：PIC規模化擴展、測試成為CPO最早受益環節、利用KGD縮短測試時間、自動化耦合生產成趨勢、FAU與雷射規格持續升級、AI驅動CMP拋光液需求成長。來源 money.udn 9744765
2026-09-11,★未具名法人,★未載,光聖(6442),光通訊－AI資料中心,★原文未載（樂看）,★原文未載,★09/10已收錄，本則為補充：Q2稅後純益8.9億元、EPS 11.21元；訂單能見度持續拉長，法人樂看下半年營運將更勝上半年。來源 20260911700292-430203
2026-09-11,高盛證券（★具名，大中華科技團隊）,外資,蘋果供應鏈11檔（★既有紀錄補充）,蘋果供應鏈－綜合,買進（11檔均建議買進）,★原文未載,"高盛預估iPhone Duo 2026年出貨量基準情境1,400萬支、樂觀上看3,500萬支，高於IDC的1,000萬支與本土法人600-700萬支，為法人圈最樂觀。來源 money.udn 9747061"
2026-09-11,高盛大中華科技團隊（★具名）＋IDC（市調機構）,外資,折疊機產業（蘋果/三星/華為/小米）,智慧型手機－折疊機,★原文未載,★原文未載,"IDC預估今年全球折疊機出貨2,290萬台、年增12.6%，2027年增幅17.9%、市場可達2,700萬台；iPhone Duo大陸起售價人民幣15,999元高於華為、小米同類產品的10,999元，華為Q1大陸折疊機市占近6成。來源 20260911700072-430704"
2026-09-11,★未具名法人,★未載,新日興(3376)/台積電(2330)/鴻海(2317)/大立光(3008)/玉晶光(3406),蘋果供應鏈－機構件/光學,★原文未載,★原文未載,iPhone Duo轉軸由100多個零件精密組裝、支援多角度懸停，新日興長期深耕精密鉸鏈為規格升級主要受惠業者；Duo與18 Pro/Pro Max均採2奈米A20 Pro晶片；18 Pro主鏡頭首度導入實體可變光圈，大立光、玉晶光受惠。來源 20260911700078-430201
2026-09-11,永豐投顧 黃柏棠／第一金投顧 黃詣庭／玉山投顧 陳正偉／統一投顧／統一投信／永豐投信（★六家具名）,內資,台股大盤,市場－大盤策略,無（大盤觀點）,"永豐投顧：短線44,000-48,000點區間震盪；第一金投顧：年底前高點仍上看5萬點之上",永豐投顧黃柏棠：11日美8月核心CPI為短線分水嶺，若月增高於0.2%將壓抑高本益比科技股評價。第一金投顧黃詣庭：下半年為「慢牛」格局，上市櫃今年全年獲利預估上修至7.7兆元、2027年上看9.5兆元。玉山投顧陳正偉：操作以中小型股為主，聚焦CCL、ABF、散熱及探針卡，持股比重維持6成以下。統一投顧：低接不追高、選中大型AI權值股。統一投信：出貨量提升/規格升級/缺料漲價三大動能助攻Q4。永豐投信：輝達平台邁向Vera Rubin帶動供應鏈技術升級。來源 20260911700101-430201；20260911700364-430201；20260911700223-430201；20260911700361-430201
2026-09-11,美系大行／美系券商（★未具名）,外資,大立光(3008),光學－手機鏡頭/CPO,★下調評等（原文僅載「下調評等」，未載新舊等級）,★調升（原文未載數字）,★★本場次最重大：上修獲利預估同時下調評等，理由為股價已反映CPO題材；肯定iPhone 18 Pro/Pro Max可變光圈ASP高於傳統鏡頭、與大客戶共同開發新型潛望式鏡頭。為09/07瑞銀降至賣出5000元後光學族群5個交易日內第二次降評。已做個股摘要；來源 udn 9748020
2026-09-11,美系大行／美系券商（★未具名）,外資,玉晶光(3406),光學－手機鏡頭/CPO,★下調評等（同上，未載新舊等級）,★調升（原文未載數字）,同篇一併下調評等；可變光圈規格升級受惠但評價已反映CPO關注。★股價（09/10表列1060元）高於09/10 FactSet共識目標價700元約51%。已做個股摘要；來源 udn 9748020
2026-09-11,FactSet 分析師調查（10 位，★未具名）,外資,中砂(1560),半導體材料－鑽石碟/再生晶圓,★原文未載（本篇僅列EPS與TP）,860 元（★調升 +0.58%）（前值855 元，取自同系列前篇，待確認）,2026年EPS中位數由14.84元上修至14.95元（最高16.28/最低13.3）；2027/2028中位數21.05/27.02元；09/11收733元隱含上檔約17%。與09/10本土金控法人買進840元方向一致。已做個股摘要；來源 cnyes 6604228
2026-09-11,大型本國投顧（★未具名）,內資,精測(6510),半導體－測試介面/探針卡/測試板/BIB,★原文未載,★調升（原文未載數字與前值）,GPU/TPU測試板與自駕晶片探針卡為2027年主要營收貢獻；下一代GPU測試板2027H1量產、自駕探針卡Q2與新一代TPU測試板Q3接續挹注；CPU工程探針卡已少量出貨、BIB缺料排除為評價重估催化劑；法人估2027年營收年增幅有機會高於2026年。已做個股摘要；來源 udn 9748491
2026-09-11,美系券商（★未具名）,外資,聯電(2303),半導體－晶圓代工/矽光子/先進封裝,重申正向（★未載制式等級）,★原文未載,產能利用率接近90%、客戶訂單能見度由兩個月延伸至年底；ASP每漲1%毛利率約改善0.5-0.6個百分點；新加坡12吋矽光子專用產能約14個月後就緒，先進封裝為第三個結構性成長動能。來源 udn 9748039
2026-09-11,美系券商（★未具名）,外資,台積電(2330),半導體－晶圓代工,重申正向（★未載制式等級）,★原文未載,點出獲利六大關鍵：新製程爬坡/定價/成本/產品組合/產能利用率/匯率；重申長期毛利率56%以上目標不變；亞利桑那一期廠良率已與台灣相當並開始獲利，估五年後約30%的N2及更先進產能位於海外。★同日已收錄高盛3100元與凱基3200元，本則為補充。來源 udn 9748104
2026-09-11,美系外資（★未具名）,外資,世芯-KY(3661),半導體－ASIC設計服務/先進封裝,★原文未載,★原文未載,高通與AWS合作偏AI推論用客製晶片，與世芯參與之Trainium4（訓練＋推論）定位不完全相同，短期對既有Trainium專案實質影響有限；看好AI晶片尺寸放大帶動CoWoS/CoPoS/EMIB-T等2.5D先進封裝產能至2028年仍可擴充。09/11一度觸跌停3650元、創8/19以來波段新低，本周跌約13%。來源 udn 9748217；ctee 20260911701082-430201
2026-09-11,美系外資（★未具名）,外資,惠特(6706),光電量測設備－矽光子/CPO,★原文未載,★原文未載,"點名看好光引擎組裝系統與CPO相關檢測設備實力，已供貨矽光子元件貼合機，具FAU與Lens耦合校準及多通道量測能力；8月營收7,762.8萬元年增120.5%、前八月4.8億元；法人預期下半年代工訂單逐月增溫。09/11大盤跌755點而惠特逆勢漲停137.5元、量增至6,101張。★惠特首次以個股身分收錄（09/10-09/11既有紀錄為高盛CPO產業觀點點名）。來源 udn 9748805"
2026-09-11,★未具名分析師／法人,★未載,緯穎(6669),電子代工－AI伺服器ODM/AI ASIC,正向（★未載制式等級）,★原文未載（僅載EPS預估）,"8月營收1,443.1億元創單月新高、7-8月優於市場預期；Q3通用型與ASIC各半、Q4起ASIC超越通用型；AWS T3水冷Q4出貨、單價為氣冷3-4倍以上；為台廠ODM中ASIC比重最純者；上修全年EPS至339.4元。來源 udn 9748132"
2026-09-11,凱基投顧（★具名，引用Fundstrat）,內資,台股大盤／AI硬體族群,市場－大盤與族群策略,維持中長期正向；建議逢回布局,無（大盤觀點）,主要AI企業PEG約僅1倍，明顯低於2000年網路泡沫3.1倍與2007年房市1.6倍；Fed利率約3.75%仍低於市場估4-5%名目中性區間，殖利率曲線亦未倒掛。判斷行情延續關鍵在CSP資本支出動向。未來兩個月聚焦輝達Rubin Ultra帶動新一輪硬體升級：散熱/電源供應器/銅箔基板/ABF載板/導軌/光通訊，另加IC設計服務/先進封裝/高速傳輸供應鏈/測試介面。★與同日已收錄之凱基投顧台積電買進3200元為不同報告。來源 udn 9748189；ctee 20260911701000-430201
2026-09-11,★未具名法人,★未載,鴻海(2317)/廣達(2382)/英業達(2356)/光聖(6442),AI伺服器代工／光通訊－Google TPU供應鏈,看好（★未載制式等級）,★原文未載,外媒報導黑石即將採購的Google TPU數量遠高於5月成立合資公司時披露規模（首期50億美元、2027年上線500MW）；法人看好TPU商業化擴張帶動上述台廠供應鏈營運動能持續成長。來源 udn 9749098
2026-09-11,★未具名大型法人機構,★未載,聯發科(2454)/創意(3443)/世芯-KY(3661)/祥碩(5269)/譜瑞-KY(4966),IC設計－AI ASIC,看好（★未載制式等級）,★原文未載,第4季最顯著的提升將來自AI ASIC多數進入量產貢獻階段，且後續專案多已敲定。★原文為訂戶付費內容，僅取得導言段落，論點細節待補。來源 udn 9749242
2026-09-11,元大投顧（★具名）,內資,台股資金面／新台幣,總經－匯市與利率,無（總經觀點）,無,美8月PPI年增5.4%、月增0.4%高於市場預期推升升息預期；美10年期公債殖利率逼近5%關卡加深避險情緒。新台幣終場貶9分收31.638元，台北外匯經紀成交值爆29.38億美元天量，為主要亞幣中最弱（韓元反彈逾0.4%、日元升0.2%）。來源 cnyes 6604635
2026-09-11,資深證券分析師 簡伯儀（★具名，未載所屬機構）,內資,台股大盤,市場－大盤策略,無（大盤觀點）,無,"量能萎縮主因美國經濟數據陸續公布、市場恐轉向升息，將推升企業經營成本並不利全球經濟，造成投資人觀望。09/11大盤收46,184.85點跌755.64點(-1.61%)、成交7,219億元，周線收黑366.28點；電子股跌1.93%占成交比重75.3%，金融股逆勢漲1.12%。台積電收2410元跌1.63%、聯發科收4585元跌2.86%。來源 cnyes 6604504"
2026-09-11,國內法人（★未具名）,內資,華擎(3515)/永擎(7711),電腦及週邊－伺服器主板,無評等,無,華擎8月營收38.19億元月減42.2%年增3.3%、前八月338.98億元年增16.9%；永擎8月21.54億元寫同期新高但月減58.1%。雖展望理想仍受單月營收腰斬與大盤走弱衝擊，09/11華擎跌逾6%、永擎跌停531元。來源 ctee 20260911701593-430201
2026-09-12,摩根士丹利 Morgan Stanley（大摩）（★具名）,外資,大立光(3008),光學－手機鏡頭/CPO,優於大盤 → 中立（★降評，新舊等級均已確認）,"7,100 元（前值 4,836 元，調升+46.8%）","★★本場次最重大：CPO題材熱情過度燃燒、股價一個月內大漲，估值已偏離基本面故降評；惟同步大幅調升目標價（上修獲利＋下調評等之少見組合）。認為股價已提前反映FAU全球市占逾30%預期，該業務最快2027Q2甚至2028年才量產。8月營收50.12億元月增3%為四個月最佳、9月出貨動能將超越8月。09/11收6,660元跌60元，隱含上檔約6.6%。★本則補完09/11盤後以「美系大行(未具名)」登記之紀錄。已做個股摘要；來源 money.udn 9749625"
2026-09-12,摩根士丹利 Morgan Stanley（大摩）（★具名）,外資,玉晶光(3406),光學－手機鏡頭/CPO,下調（★原文僅載「評級雙雙下調」，未明確載出新舊等級文字，待補）,910 元（前值 425 元，調升+114.1%）,"★★同篇一併降評；受惠iPhone 18 Pro/Pro Max導入可變光圈主相機、鏡頭均價提高可帶動出貨與獲利。★關鍵：目標價調升逾一倍後仍低於09/11收盤價1,060元約14%（目標價仍在現價之下），與大立光(目標價高於現價6.6%)方向相反。09/11收1,060元跌10元。已做個股摘要；來源 money.udn 9749625"
2026-09-12,★未具名法人,★未載,台光電(2383)/台燿(6274)/聯茂(6213)/騰輝電子-KY(6672),PCB上游材料－銅箔基板CCL,★原文未載（看好下半年營運續升溫）,★原文未載,AI伺服器需求推升高階PCB用量、帶動CCL產值，四大廠將受惠漲價效益。台光電8月營收201.4億元月增4.8%年增129.8%，單月首度突破200億，主因M9等高階CCL出貨提高；聯茂8月營收50.44億元月增6.2%年增97.9%創單月新高，Q2稅後純益12.79億元季增306.6%年增204.2%、EPS 3.52元。來源 money.udn 9749299
2026-09-12,★未具名法人,★未載,日月光投控(3711),半導體－封測/先進封裝,正向（★未載制式等級）,★原文未載,廠房與設備資本支出各再加碼10億美元，目標2027年先進封測營收翻倍；今年LEAP業務營收展望由原估35億美元上修至「超越35億美元」；8月封測及材料業務營收512.87億元月增7.9%年增53.1%。另向關聯企業牧德採購AOI/AVI等設備3.34億元因應產能擴充。來源 money.udn 9749367
2026-09-12,玉山投信 杜欣霈（★具名，中小型股基金經理人）,內資,台股大盤,市場－大盤策略,無（大盤觀點）,"第4季指數區間 43,000～49,000 點","以17～18倍預期本益比推估，第4季大盤落在43,000~49,000點區間機率較大。第2季台股企業獲利創新高，AI供應鏈受惠產品組合優化及漲價效應，ASP與毛利率顯著提升。選股核心配置AI（雲端AI零組件、半導體建廠/先進封測設備、矽智財、測試介面、光通訊），傳產看好電力相關供應鏈。來源 money.udn 9749306"
2026-09-12,★未具名法人,★未載,台塑(1301)/國喬(1312)/台達化(1309)（★後二檔代號為整理者補註）,石化－泛用樹脂,★原文未載,★原文未載,國際油價站上每桶100美元（09/10 NYMEX輕油結算102.48美元漲6.69%、ICE布蘭特107.63美元漲6.34%），帶動泛用樹脂報價走高：近一周ABS漲每公噸60美元、PS漲20美元、PP漲45美元、PVC漲10美元。法人認為中國擴大內需政策加上下游「金九銀十」旺季，後市原料有望再拉漲。來源 money.udn 9749312
2026-09-12,投資達人 葉育碩（★具名，非券商機構）,－,台股大盤,市場－大盤策略,無（大盤觀點）,無,指美8月CPI僅是短線小關卡，真正風險在油價推升的通膨壓力（美伊地緣政治緊張、國際油價飆漲、美8月PPI年增5.4%高於預期5.3%）；提醒下月通膨數據恐因油價大漲而轉差，油價後續走勢才是「大魔王」。來源 ctee 20260911701824-430201
2026-09-12,謝金河（財經媒體人，非券商）＋彭博拆解數據,－,台積電(2330)/台達電(2308)/智邦(2345)/奇鋐(3017)/雙鴻(3324)/健策(3653)/欣興(3037)/南電(8046)/景碩(3189)/台光電(2383)/台燿(6274)/金居(8358)/聯茂(6213)/川湖(2059)等15檔,AI伺服器供應鏈－綜合,無（產業觀察）,無,"彭博拆解輝達Vera Rubin NVL72機櫃造價780萬美元（GPU 396萬、CPU 18萬、記憶體/儲存200.16萬美元）；黃仁勳通知2027年伺服器漲幅將超過15%。四大CSP資本支出合計7,450億美元（Amazon 2,200/Google 2,050/微軟1,900/Meta 1,445億），遠超獲利、自由現金流轉負為市場隱憂。台灣上半年淨利3.67兆元年增95.3%、對美出口成長逾60%。來源 ctee 20260912700012-430502"
2026-09-12,台積電 先進封裝副總 何軍（公司高層，非券商）,－,台積電(2330)/志聖(2467)/長興(1717)/致茂(2360),半導體－先進封裝/設備材料,無（產業資訊）,無,於SEMICON Taiwan提出「系統技術協同最佳化(STCO)」，盼建立標準化、模組化平台讓材料設備商提前參與先進封裝開發。背景為AI晶片開發週期由兩年一代縮短至一年一代（雲端ASIC甚至一年兩代），材料只能沿用1-2個世代（過去可用10-20代）。已透過SEMICON 3DIC聯盟結合應材、志聖、長興材料、致茂推動標準化模組；長期於高雄白埔產業園區建先進封裝研發驗證基地。來源 ctee 20260912700014-430501
2026-09-12,理財周刊 洪寶山（財經媒體，非券商）,－,長興(1717)/新應材(4749)/台光電(2383)/台特化(4772)/中砂(1560),半導體材料－電子材料,無（產業觀察）,無,Qnity於SEMICON Taiwan指AI晶片效能越來越取決於晶片之間怎麼連，材料需在量產前2-4年介入共同設計。長興高階先進封裝材料量產毛利率預期可達50%（公司平均24.8%），規劃2026年底單月營收占比推升至4~5%；新應材KrF光阻劑進入客戶驗證末期、有機會2026年底至2027年小批量出貨；台光電全球HDI材料市佔達70%。來源 ctee 20260912700013-430502
2026-09-12,Aletheia Capital（★具名・外資獨立研究機構）,外資,旺矽(6223),半導體－高階測試介面／探針卡,★原文未載制式評等（列入該機構「Alpha 超額報酬投資組合」）,"12,000 元（原文載「維持」；本系統既有最近紀錄10,000元＝08/15由4,000上調、08/24媒體引述仍為10,000，由10,000調升至12,000之實際日期待確認）","★★本場次最重大：可望橫掃NVIDIA Vera CPU與Mellanox訂單。台灣競爭對手已徹底失去Vera CPU(TB500)業務且未獲准參與下一代TB600專案；Mellanox方面旺矽幾乎獨占ConnectX/SpectrumX/QuantumX三款網路設備訂單並已開展下一代專案，競爭對手再次被排除。★機構分歧大：大摩8,000(08/24重申)、大和8,415(08/28初評)、花旗7,200(08/28)。已做個股摘要；來源 udn 9750287"
2026-09-12,富邦投顧 陳奕光（★具名）,內資,台股大盤,市場－大盤策略,整理過後仍登高在望,"下周區間45,900～47,578點",五大潛在利多：新台幣走勢偏升、上市櫃營收續創新高、台積電Q3營收達高標可期、8月出口824億美元改寫新高、外資醞釀軋空行情；另10/16進入費波南係數第55天轉折。來源 ctee 20260912700055-430201
2026-09-12,第一金投顧 黃詣庭（★具名）,內資,台股大盤,市場－大盤策略,不宜追高、建議適度降低持股比重,"未來一周區間45,200～47,500點",三大壓力：Fed 9/15-16利率決策會議、美長天期公債殖利率持續攀升、原油價格走高推升通膨預期。8月上市櫃營收突破6兆元創新高顯示基本面堅實，惟量能不足攻堅不易。來源 ctee 20260912700055-430201；20260912700152-430201
2026-09-12,康和證券投資總監 廖繼弘（★具名）,內資,台股大盤,市場－大盤策略/技術面,短線轉弱整理、中期區間震盪,"區間45,220（季線）～47,500點","日RSI與9日KD向下、成交量與月均量走低，短期支撐看月線上下；9周KD仍向上、月線季線仍緩升。09/08未攻過的47,578點成為短線壓力。觀察變數：國際油價、美10年期公債殖利率是否突破5%、Fed是否升息。來源 ctee 20260912700055-430201"
2026-09-12,★未具名法人,★未載,南亞科(2408),半導體－記憶體DRAM,★原文未載（正面）,★原文未載,2026全年市況正面、價格走勢逐季向上，Q3毛利率上揚；主要DRAM大廠持續將產能轉向HBM等高階產品，南亞科逐步成為DDR4最大供應商。本周三大法人買超155.98億元居次。來源 ctee 20260912700152-430201
2026-09-12,★未具名法人,★未載,台積電(2330)/南亞科(2408)/力積電(6770)/欣興(3037)/致茂(2360)/精測(6510)/大量(3167)/信驊(5274)/聯電(2303)/富喬(1815)/聯詠(3034)/中砂(1560)/全新(2455)/陽明(2609)/富世達(6805),市場－選股名單（抗震股）,★原文未載,★原文未載,"篩選7、8月營收年月雙增、股價穩站月線、本周獲三大法人買超之15檔。台積電8月營收5,148.05億元首度突破單月5,000億、月增10.1%年增53.32%，本周三大法人買超218.36億元居冠；南亞科加碼155.98億元居次。涵蓋晶圓代工/記憶體/PCB/半導體設備/航運/光通訊。來源 ctee 20260912700152-430201"
2026-09-12,杜金龍（★具名，台股資深分析師・非券商機構，節目口頭觀點）,－,台積電(2330)/群創(3481)/大立光(3008)/玉晶光(3406)/川湖(2059)/台股大盤,市場－大盤與個股（非券商）,最看好台積電（★非制式評等）,"台積電短線3,000元、長線5,000元(2028年)；群創短線52.3元、再挑戰前波高點72元；台股2027/5目標53,000點、高點上看60,000點、2028年2-5月挑戰80,000點","將本波由「末升段」重新定義為「主升段」延續至2027年5月，理由為今年上市公司獲利估增約60%、明年約39%，今年GDP估11%、明年6%。自述7月大跌時持股由5成提高至95%、目前保有約5成。大立光近8,000元但EPS未同步大幅提升、短線需消化漲幅；玉晶光獲利成長較穩定。★非券商報告僅供參考。已做個股摘要；來源 ctee 20260912700425-430201"
2026-09-12,凱基投顧（★具名）,內資,富喬(1815),電子材料－玻纖布,★原文未載（正面）,★原文未載,Q2 EPS 1.45元、季增84%且由虧轉盈，上半年EPS 2.24元已賺贏去年全年；單季毛利率逼近4成，今年高階玻纖布占比拚70%。來源 ctee 20260912700042-430201
2026-09-12,群益投顧研究部副總裁 曾炎裕（★具名）／萬寶投顧 蔡明彰（★具名）,內資,彰銀(2801)/台新新光金(2887)/陽明(2609)/長榮航(2618)/潤泰新(9945)/富喬(1815)/臻鼎-KY(4958)等15檔,市場－族群策略（金融/航運）,看好（★未載制式等級）,★原文未載,曾炎裕：金融族群獲利強勁推升明年股利配發空間，中長期資金Q3末至Q4啟動布局，看好彰銀、台新新光金。法人篩出三大法人由賣轉買、KD轉正向之15檔作為09/11重挫近千點後的反彈卡位名單。來源 ctee 20260912700042-430201
2026-09-12,IDC（國際研調機構）,－,緯創(3231)/鴻海(2317)/廣達(2382)/英業達(2356)/神達(3706)/華碩(2357)/技嘉(2376),AI伺服器－伺服器代工,無評等（研調數據）,無,"Q2全球伺服器市場規模1,663億美元、季增35.7%年增52%，創IDC統計以來單季新高（出貨量僅年增15.4%，主因ASP提升）。GPU加速器伺服器874億美元年增28.1%占52.6%；CSP自研ASIC/FPGA等其他加速器275億美元、年增237.6%。ODM Direct營收年增35.2%落後大盤、占比自60.6%收斂至53.9%；Dell市占13.4%居首。來源 ctee 20260912700125-430502"
2026-09-12,凱基投顧董事長 朱晏民（★具名）,內資,AI基礎建設供應鏈,AI伺服器－產業策略,★原文未載,★原文未載,Vera Rubin才剛進入小量生產，資本市場焦點已提前轉向預計2027年Q2後量產的Rubin Ultra；關鍵不只GPU效能，而是Rubin Ultra將重新定義AI資料中心建置模式。★付費牆僅取得導言。來源 money.udn 9749613
2026-09-12,國泰世華銀行（★具名）,內資,台股大盤／AI伺服器族群,總經－出口與資金面,長線不看淡、拉回為布局機會,無（總經觀點）,8月出口824億美元創單月新高、年增41%；電子零組件出口322億美元年增58%，已逼近資通訊的331億美元。台灣五大AI伺服器代工商7、8月營收年增74%，尚未見成長放緩；總經利空造成的拉回反而是布局機會。來源 money.udn 9750033
2026-09-12,★未具名法人／外資買盤,★未載,精誠(6214)/華經(2468)/驊宏資(6148)/創泓科技(7714),資訊服務－資安,★原文未載,★原文未載,黃仁勳09/10於高盛科技論壇點名網路安全為AI繼程式設計後的下一個重大應用，輝達與思科、Palantir、CrowdStrike合作開發AI驅動資安工具。09/11資安概念股逆勢走揚，華經/驊宏資/創泓爆10-30倍量攻漲停；精誠收188.5元創歷史新高、8月營收59億元月增24.36%年增61.91%、上半年EPS 6.15元，外資當日買超866張。來源 ctee 20260912700160-430201；20260912700066-430704
2026-09-12,TrendForce（研調）＋★未具名法人,★未載,友達(2409)/彩晶(6116)/群創(3481),面板,★原文未載（法人對Q4保守）,★原文未載,TrendForce：Q3主要品牌電視面板採購量估季增15%、9月電視面板價格有望全面持平；筆電面板Q3品牌採購動能估季減15-20%。友達8月營收231.02億元年減5.86%月增13.40%、彩晶9.34億元月增7.1%年增8.0%、群創186.97億元年增0.02%月減1.02%。法人預期面板廠Q3營收小幅季減、Q4營運仍保守。來源 ctee 20260912700165-430502
2026-09-12,資深分析師 張林忠（★具名，未載所屬機構）,內資,緯創(3231)/聯電(2303)/力成(6239)/群創(3481),市場－選股方法,★原文未載,★原文未載,美8月CPI月增0.4%年增3.4%均符預期，市場押注Fed下周升息1碼機率由近7成升至9成以上。選股三指標：10日均線向上＋近10日融資增加前100名＋至少25檔投信基金持股，且須大盤站穩月線才進場。緯創前8月營收2.51兆元年增98%、上半年EPS 7.78元；聯電EPS年增252%為股票期貨未平倉量最大個股；群創營收年增11%具FOPLP題材。來源 ctee 20260912700454-430201
2026-09-12,公司自結數（非券商評等）,－,元大金(2885)/凱基金(2883)/永豐金(2890)/玉山金(2884)/華南金(2880)/第一金(2892),金融－金控,無（公司自結）,無,"7家金控8月合計賺274.37億元、前八月1,988.34億元年增69.39%（去年同期1,173.84億元）。元大金前八月499.41億元EPS 3.6元居冠；凱基金362.9億元EPS 2.11元已超越歷年全年水準（8月FVOCI股票處分利益51.61億元、今年累計500.06億元，凱基人壽8月新契約保費161億元年增201%）；永豐金333.44億元；第一金238.50億元年增21.3%EPS 1.66元創同期新高。來源 ctee 20260912700115-430304；udn 9749622"
2026-09-12,公司端（非券商評等）,－,奇鋐(3017)/雙鴻(3324),散熱－液冷,無（公司說法）,無,奇鋐上半年歸母淨利174.83億元年增1.42倍、EPS 44.54元；雙鴻21.33億元年增2.2倍、EPS 23.01元。雙鴻已取得AWS、Meta等ASIC客戶訂單，年底ASIC占營收比重估達4成，11、12月為今年營運高峰，2027年營收成長幅度有機會優於今年；奇鋐預估最快2027年ASIC客戶營收占比將超越GPU陣營。來源 ctee 20260912700296-430502
2026-09-12,★未具名法人（公司端說法為主）,★未載,台船(2208)/永虹先進(8144),國防－無人載具,無評等,無,"行政院09/11副署立院通過價值2,400億元的國防自主無人載具採購條例，數以萬架無人機、無人船訂單將釋出。台船09/11宣布與美國自主系統商Havoc合作推動無人水面載具在台生產與維保，為首個浮上檯面的台美搶標聯盟；美國國會2026財年國防授權法案已納入與台灣共同生產無人系統內容。來源 ctee 20260912700081-430502"
2026-09-13,高盛 Goldman Sachs（★具名）,外資,美國利率政策／全球股市,總經－利率政策,無（總經觀點）,無,雖美8月CPI僅使其8月核心PCE預估小幅上調至0.26%、未改變通膨基本看法，但市場已反映近90%升息機率；若FOMC按兵不動可能引發市場劇烈反應，故決策官員將希望避免。未來幾次會議仍可能進一步升息，惟這並非高盛目前的基本預測。來源 cnyes 6604989
2026-09-13,花旗 Citi（★具名，經濟學家 Andrew Hollenhorst、Veronica Clark）,外資,美國利率政策,總經－利率政策,無（總經觀點）,無,09/11調整Fed利率展望：預測9月升息1碼，之後維持利率不變至2027年6月再啟動降息，2027年共降息3次。調整理由為美8月核心通膨增幅高於預期、加上能源價格上漲。來源 cnyes 6604989
2026-09-13,TD Securities（★具名，經濟學家 Oscar Munoz 團隊）,外資,美國利率政策,總經－利率政策,★最鷹派（預測啟動新一輪升息循環）,無,8月CPI顯示抗通膨缺乏進展，預測Fed於9月啟動新一輪升息循環：9月、10月及2027年1月各升1碼、全循環共3碼。與WSJ「Fed傳聲筒」Nick Timiraos說法呼應（下週若升息不會是一次性行動）。★市場：9月升息機率由前一日72%升至87%，今年底前至少升息一次機率由94%升至97%。來源 cnyes 6604989
2026-09-13,安聯投信 海外投資首席 許家豪（★具名）,內資,台股／全球股債配置,市場－大盤與資產配置策略,長線不看淡；重點非放棄成長而是提高承受成長波動的能力,無（策略觀點）,高殖利率本身不必然代表危機，關鍵在是否與脆弱金融結構同時出現；美國企業獲利、就業、民間消費仍具韌性。AI明顯處於建設期而非成熟期，需求端未見明顯過剩；市場領導地位正由CSP轉向半導體、先進封裝、HBM及設備材料等上游供應鏈，最真實利潤仍在算力供應鏈。投資焦點已從「有沒有AI故事」轉向「能不能把AI變現」。三大觀察：地緣政治、黏性通膨與能源價格、美國期中選舉。來源 ctee 20260912700075-430201
2026-09-13,花旗 Citi（★具名，Atif Malik 團隊）,外資,光通訊產業（訪談 Lightmatter 管理層）,光通訊－NPO/CPO,無（產業觀點）,無,NPO（近封裝光學）正取代CPO成為近期光通訊市場更受關注的交易主線：NPO預計2027年起進入市場、2028年大量部署，CPO規模化仍需等到2028-2029年。雷射與光纖被形容為「下一個HBM」，供給受限將形成稀缺溢價。CPO遲未放量的瓶頸非技術而是晶圓級測試設備產能不足（現年產僅數千至1萬台，需擴大約100倍）。★09/09稿、本系統先前未收錄，未點名台股個股，惟為大立光3008/旺矽6223/萬潤6187/聯亞3081等CPO光通訊族群題材主線，補收錄為產業背景。來源 cnyes 6601437
2026-09-13,104人力銀行／工研院產科所（研調，非券商）,－,台積電(2330)／半導體產業,半導體－人力與產能,無評等（研調數據）,無,《2026半導體人才報告書》：半導體業每月徵才4.7萬人年增2成；營建製圖類求供比達12.5（全產業平均2），台積電在台13座廠同時興建、建廠工人不足為擴產瓶頸（資深副總侯永清於SEMICON坦言）。演算法工程師年薪中位數141萬元年增15.7%居冠、類比IC設計172萬元最高。WSTS估2026全球半導體市場1.65兆美元。來源 ctee 20260913700008-430501
2026-09-13,櫃買中心（市場公告，非券商）,－,博來科技(7562),電腦及週邊－工業電腦,無評等,無,"櫃買中心審議通過博來科技上櫃案。主營工業電腦研發生產銷售，董事長蔣永慶，推薦券商華南永昌/元大/凱基/第一金，申請時資本額2.2554億元；114年度合併營收7.4975億元、稅後淨利7,479.5萬元、EPS 3.28元。來源 ctee 20260912700598-430201"
2026-09-13,法人（★未具名，工商時報）,★未載,南亞(1303),塑化－電子材料/CCL,買進（維持）,320元（由原先水準上調；前值原文未揭露，★待確認）,"★★本場次最重大：8月電子材料營收占比達59.8%(較7月+2.8pp)，銅箔基板/玻纖布/玻纖絲產能利用率滿載、銅箔與環氧樹脂8-9成。EPS預估由2026年12.02元/2027年16.94元上修至13.82元/21.67元(年增2,325%及57%)，年底每股淨值估69.8元與91.4元。CCL樹林新港廠去瓶頸超前，年底前增約30萬張產能全數投入高階M系列；正洽M6-M8大單，Q4完成協商。法人估2027年獲利結構=電子材料48%/南亞科50%/傳統塑化2%，已轉型為AI電子材料+記憶體公司。已將電子材料評價由高水準下修至20倍(現價隱含僅約10倍)。已做個股摘要；來源 ctee 20260913700433-430201"
2026-09-13,法人（★未具名，工商時報）,★未載,欣興(3037),PCB－ABF載板,正向（維持，★原文未載制式等級）,"1,220元（維持，未調整）","★★次重大：洗產地爭議僅涉PCB與載板無關，暫停生產爭議產品、預估影響整體營收不到1%，故未調整獲利預估。2026 EPS估24.54元、2027年40.77元，以2027年30倍本益比評價。8月營收177.45億元月增9.18%年增56.26%連5月創高，前8月1,143.35億元年增34.16%。Toppan/博通新加坡合資AST主攻博通網通產品、與欣興AI運算類不重疊且Toppan全球市占僅3%。今年ABF產能增40%，2027年KF2、2028年YM2擴產且大比例已獲客戶預約(預約產能非鎖價)。長期ABF合理毛利率估50-60%。光模塊三鶯廠整改年底前產能增50%、2027年龜山擴產。已做個股摘要；來源 ctee 20260913700266-430201；20260913700011-430502"
2026-09-13,分析師／法人機構（★未具名，經濟日報）,★未載,華邦電(2344),半導體－記憶體DRAM/NAND,★原文未載（正面）,★原文未載,★★第三重大：高雄路竹廠原二、三期整併為Module B同步開發，2027年動工興建無塵室、最快2029年初裝機並考慮導入EUV、2029年底前量產。2026記憶體資本支出由405億元小幅下修至約395億元(年增618.1%，生產設備占95%)，因設備交貨延遲部分遞延至2027年付款、惟擴產進度如期甚至超前。台中廠DRAM月產能12K，2027年降至約7K；高雄Module A月產能15K、2026年底提升至24K；16nm月產能2K良率近80%、年底拚90%，長期理想16K，2027年高雄廠位元產出接近倍增。Q3 DRAM與Flash價格仍上行、漲勢較緩但毛利率持續向上，估2026年EPS大幅成長至24.8元。已做個股摘要；來源 money.udn 9751671
2026-09-13,大型法人機構（★未具名，經濟日報）,★未載,台光電(2383)/台燿(6274)/聯茂(6213)/南亞(1303)/欣興(3037)/南電(8046)/臻鼎-KY(4958),電子材料－CCL/載板,看好（★未載制式等級）,★原文未載,日商Panasonic今年二度全面喊漲PCB材料價，本次由一般PCB、超低損耗高速傳輸PCB到IC載板材料均調漲，整體漲幅15~30%(首次為5月)。主因原物料價格攀升且輔材/能源/物流成本維持高檔的成本轉嫁。瓶頸仍以電子玻纖布為主，除高速傳輸E glass外載板原料T glass同樣吃緊，LDK2高階布訂單持續提升、明年有望成為下一個短缺材料。預期台系供應商近期亦將進行轉嫁。來源 money.udn 9751668
2026-09-13,第一金投顧 董事長 黃詣庭（★具名）,內資,台股大盤,市場－大盤策略,看好第四季轉強,"第四季有機會挑戰50,000點","★本則為09/12盤後「下周區間45,200～47,500」之後的新增季度觀點。四大理由：(1)AI基礎建設投資為台灣電子業基本面擴張關鍵，預估2027年美國CSPs資本支出達1.3兆美元 (2)今年上市櫃企業獲利上看7.7兆元、明年9.5兆元 (3)Fed升息與美國期中選舉不確定性陸續落幕後回歸基本面 (4)歷史上台股Q4至隔年農曆年前上漲機率最高。風險：中東戰事延續推升油價影響通膨預期與Fed政策；Fed若採積極鷹派將壓縮本益比擴張力道。來源 ctee 20260913700040-430201"
2026-09-13,富邦投顧 董事長 陳奕光（★具名）,內資,台股大盤,市場－大盤策略/技術面,中秋節後行情慢慢升溫,"中秋節前45,900～47,578點；10/16轉折後站穩48K","量能不足致台股近期攻堅不力(5日均量降至8,052億元、連二日跌破47K)；隨中秋拉近、銷售旺季到來，加上技術面迎向費波南係數第55天(10月16日)轉折，估節後行情升溫並於10/16正式站穩48K後持續向上攻堅。來源 ctee 20260913700040-430201"
2026-09-13,康和證券 投資總監 廖繼弘（★具名）,內資,台股大盤,市場－大盤策略/技術面,中期偏強但非強勁向上趨勢,視中秋節前指數落點而定,"若節前偏向季線至47,500點區間上限則壓縮節後表現；偏向區間下限則節後上漲空間較可期。觀察變數：油價、公債殖利率、Fed是否升息、美股尤其費半指數走勢。來源 ctee 20260913700040-430201"
2026-09-13,台新投顧 總經理 黃文清（★具名）,內資,聯強(2347)/台積電(2330)/世界(5347)/欣興(3037)/聯詠(3034)/統一(1216)/統一證(6004)/長榮(2603)/長榮航(2618)/遠傳(4904)/華碩(2357)/台灣大(3045)/景碩(3189)/永豐金(2890)/佳世達(2352),市場－族群策略（集團作帳股）,選股宜傾向防守策略,★原文未載,"本波自7/29盤中低點39,384.85點反彈至波段高點47,578.24點漲幅已達20.8%，但量能未有效放大、單日成交值一直落在兆元以下，後市隨升息議題升溫市場憂心順勢修正。篩選條件=8月營收年月雙增＋前8月營收成長＋9月以來三大法人買超逾千張之集團股共15檔。買超逾萬張5檔：世界、統一、長榮航、永豐金、台灣大，永豐金31,365張居冠。業績面統一證前8月營收年增217.4%、聯強89.66%居前；永豐金前8月稅後純益333.44億元年增84%、EPS 2.26元。來源 ctee 20260913700019-430201"
2026-09-13,法人（★未具名，經濟日報）,★未載,台積電(2330)/聯電(2303)/華邦電(2344)等15檔,市場－選股名單（高毛利成長股）,選股不選市,★原文未載,8月美國核心CPI月增0.3%高於預期，強化市場對Fed本周升息預期；法人認為升息議題恐延續，操作應選股不選市，篩選足以對抗升息壓力的高毛利率成長股且有法人卡位者。★付費牆僅取得導言、完整15檔名單未取得，列為下場次待補。來源 money.udn 9750978
2026-09-14,摩根士丹利 Morgan Stanley（大摩）（★具名）,外資,玉晶光(3406),光學－手機鏡頭/CPO,劣於大盤（Underweight）★補正09/12紀錄遺留之評等等級文字,910 元（前值 425 元；沿用09/12紀錄）,★補正：工商時報09/14刊出大摩分別將大立光/玉晶光降評至「中立」與「劣於大盤」，補齊09/12紀錄待補之玉晶光評等等級。大摩指玉晶光股價表現與CPO發展相關但營運規模較小、給予較低評價，即使加計新業務仍過度高估。已做個股摘要；來源 ctee 20260914700064-430201
2026-09-14,摩根士丹利 Morgan Stanley（大摩）（★具名）,外資,大立光(3008),光學－手機鏡頭/CPO,中立（自優於大盤降評；09/12已收錄）,"7,100 元（前值 4,836 元；09/12已收錄）","★補充：推測合理股價7,100元拆解＝傳統業務3,000元＋CPO/FAU新業務4,100元；估算現價已反映大立光在FAU取得逾30%全球市占且產品尚未量產，CPO/FAU進度延遲即為股價波動來源；iPhone 18上市不太可能再推升股價。瑞銀艾蘭迪為外資第一槍降評「賣出」、大摩為第二槍。已做個股摘要；來源 ctee 20260914700064-430201"
2026-09-14,大和資本 Daiwa（★具名）,外資,欣銓(3264),半導體－晶圓測試,買進（初評；09/10已收錄）,340 元（初評無前值）,★補充：2026/2027/2028 EPS估10.5/14.8/19.56元，2025-2028營收CAGR 35%、2028毛利率擴至45%；龍潭七層mega-fab每季開一層、每層每季貢獻逾4.5億元營收；ASIC先進晶圓測試每小時計價近傳統2倍；同業優先接AI GPU測試、遭排擠之手機/RF/網通訂單轉由欣銓承接；與全智科/瑞峰/Fabrinet建構電光測試流程接軌台積電COUPE，CPO測試短期占營收<5%。中信投顧/群益投顧均買進。已做個股摘要；來源 ctee 20260914700178-430201
2026-09-14,本土投顧（★未具名，工商時報）,內資,京鼎(3413),半導體－設備製造服務,買進（★未載新評/維持）,★原文未載,8月營收22.49億元月增4.02%年增23.54%創同期新高；訂單能見度9-12個月、動能延續至2027；微污染防治設備完成驗收、檢測設備交易模式調整＋春武里廠規模效應改善毛利率；泰國二期資本支出2.34億美元、Q4泰國廠產能占比升至20%、長期占製造服務產能50%。已做個股摘要；來源 ctee 20260914700221-430203
2026-09-14,本土投顧（★未具名，工商時報）,內資,弘塑(3131),半導體－濕製程設備,買進（維持）,"★原文未載（cnyes 20260903 FactSet 4,000元為既有紀錄）",8月營收6.81億元月減14.07%年增43.35%同期新高；2026出機量估220-240台、2027年上修至340台；2027主要動能為國內外OSAT客戶，PLP/SoIC設備拉高ASP、外包比例下滑帶動獲利改善。已做個股摘要；來源 ctee 20260914700221-430203
2026-09-14,法人（★未具名，工商時報）,★未載,聯發科(2454),IC設計－AI ASIC,看好（★未載制式等級）,★原文未載,"8月營收641.8億元創單月新高（月增32.4%年增44.1%）；天璣9600(N2)9/15發表、9月營收因首波拉貨結束將下滑，Q3營收1,522-1,598億元財測可輕鬆達成；法人估Q4 ASIC正式出貨貢獻20億美元、營收季增36.5%、EPS跳升至23.14元；2027年TPU出貨倍增、聯發科取得50%供貨比重，ASIC占營收比重10%→37%。來源 ctee 20260914700230-430203"
2026-09-14,法人（★未具名，工商時報）,★未載,中砂(1560)/騰輝電子-KY(6672),半導體材料－鑽石碟/CCL,★未載（列為績優成長股；中砂09/10本土法人買進840元）,★原文未載,中砂Q2營收25億元季增8.7%、N2相關營收季增84%、毛利率40%季增5pp；鑽石砂輪營收占比升至40%；2026 DBU/SBU營收估+41%/+23%、全年營收+30~40%；DBU占比2027年升至37%。騰輝電子-KY上半年EPS 4.75元年增107%、8月營收8.1億元創新高，切入AI伺服器HVDC電源特殊基板Q4量產、2027貢獻20%營收。來源 ctee 20260914700223-430203
2026-09-14,富邦投顧 董事長 陳奕光（★具名）,內資,台股大盤,市場－大盤策略,FOMC三情境兵推,"本周45,900～47,500點；9月底挑戰48,000點","情境一利率不變＋點陣圖中性（機率偏高）：恐先破月線再反彈、支撐45,900；情境二不變但前瞻偏鷹：跌深至月線～季線、利空有限；情境三升息：市場已提前反映、利空出盡不跌反漲。自7/29低點39,384起第34天轉折落在9/16、指數有機會挑戰47,000；Q3獲利估破2兆元、全年挑戰8兆元。來源 ctee 20260914700032-430201"
2026-09-14,第一金投顧 董事長 黃詣庭（★具名）,內資,台股大盤,市場－大盤策略,最可能情境：升息1碼＋後續視數據,"中性→反彈後震盪、10月再戰歷史高點；鷹派→回測季線45,220點；短線下檔月線46,025點",本周聯準會與日銀決策牽動資金，焦點為點陣圖與前瞻指引；台積電9/16除息（單季7元）可吸引資金，惟FOMC結果17日凌晨才出爐、觀望壓抑量能；沙國輸油管關閉恐推升油價，10年期美債殖利率逾5%將引發股轉債風險。來源 ctee 20260914700032-430201
2026-09-14,中國信託證券投顧 總經理 陳柏州（★具名）,內資,台股大盤,市場－大盤策略,震盪偏多,"第四季仍有挑戰50,000點機會",研判9月FOMC升息機會不高、全年按兵不動可能性較大（華許「貌鷹實鴿」）；S&P500獲利成長估28.5%、2027近2成；台股8月出口連34月正成長、以2027年獲利近3成成長約8.8兆元估本益比無泡沫；選股以AI為主軸（台積電設備耗材、PCB、散熱、記憶體、CPO、功率半導體、PMIC），由追價轉逢回布局。來源 ctee 20260914700185-430205
2026-09-14,法人分析（★未具名，工商時報）,★未載,萬潤(6187)/上詮(3363)/漢測/高明鐵(5439)/鴻勁(7769),半導體－CPO測試設備(自選股),無（產業分析）,無,★自選股萬潤：CPO測試分四節點（PIC晶圓級光測→EIC/PIC鍵合光電測→光引擎FAU/透鏡對位耦合→系統級Final Test）。萬潤布局FAU、光引擎耦合、點膠貼合、AOI與自動化組裝設備；上詮光纖陣列探針卡、漢測薄膜探針卡、高明鐵1.6T主動對位、鴻勁FT/SLT Handler卡位Final Test；ficonTEC指「光、電、熱三合一」為下階段設備門檻。無評等與目標價。來源 ctee 20260914700056-430502
2026-09-14,市場數據(非券商評等),－,台積電(2330)/台達電(2308)/緯創(3231)/華邦電(2344)/世芯-KY(3661)/南亞科(2408)/頎邦(6147)/威剛(3260)/聯電(2303)/台塑化(6505)/國巨(2327)/友達(2409)/群創(3481)/玉晶光(3406)/環球晶(6488),市場－籌碼,無(公股行庫買超),無,"外資9/10-11連兩日賣超逾1,200億元（台指期淨空單逾8.5萬口）、八大公股行庫連兩日買超308億元（11日207.73億元）、投信連三買136.49億元；上述15檔外資賣超均逾15億元、公股買超均逾3億元；今年公股累計買超2,576.91億元歷年第三高。來源 ctee 20260914700175-430201"
2026-09-14,摩根士丹利 Morgan Stanley（大摩）（★具名，報告日9/13）,外資,台光電(2383),PCB上游材料－銅箔基板CCL,加碼（維持）,"8,400 元（前值★原文未載）",「AI's Hidden Backbone」報告：需求週期由材料規格升級驅動、比過往更具結構性；高階CCL有效供給到2028年前偏緊、E-glass仍有漲價空間；★原文未載個別EPS。來源 wantrich.chinatimes.com/news/20260914900134-420101
2026-09-14,摩根士丹利 Morgan Stanley（大摩）（★具名，報告日9/13）,外資,台燿(6274),PCB上游材料－銅箔基板CCL,加碼（維持）,"2,700 元（前值★原文未載；日系外資06/30為2,115元）",同份CCL四雄報告；09/14盤中一度漲逾5%。來源 wantrich 20260914900134
2026-09-14,摩根士丹利 Morgan Stanley（大摩）（★具名，報告日9/13）,外資,金居(8358),PCB上游材料－電解銅箔RTF/HVLP,加碼（維持）,730 元（前值★原文未載）,RTF與HVLP3/4認證、AI銅箔僅次於三井的第二供應商；HVLP4 2025進輝達鏈；2026-2028產能200/700/800噸、2028全球市占21%；EPS估9.3/18.6/31.6元；09/14收518元(+6.8%)隱含+40.9%。來源 wantrich 20260914900134
2026-09-14,美系外資（★未具名，工商時報）,外資,昇達科(3491),通訊網路－低軌衛星微波/毫米波元件,買進（維持）,"2,557 元（前值 2,513 元 ★調升）",8月營收3.21億月增40%高於預估3%；Starlink 8月發射261顆、Starship V3 9/18第三飛；估9-12月營收逐月成長17-19%、Q3/Q4營收年增91%/90%；2026-2028獲利上修約1%、目標價=2027 PE 61倍；毛利率假設下修。來源 ctee.com.tw/news/20260914700739-430201
2026-09-14,本土投顧（★未具名，旺得富）,內資,創意(3443),IC設計服務－ASIC,買進,"7,881 元（前值★原文未載；2027 EPS 131.35元×60倍）","8月營收58.4億年增111%；2026/2027營收645.38/1,363.47億、EPS 57.68/131.35元；美系客戶雲端CPU放量＋車用；另一法人指輝達NVHBM架構下創意具台積電背景、NVLink Fusion夥伴、HBM IP已矽驗證；09/14收6,400元創天價(+4.58%)隱含+23.1%。來源 wantrich 20260914900266"
2026-09-14,券商龍頭旗下投顧（★未具名，推測元大）,內資,一詮(2486),AI伺服器零組件－散熱/導線架,推薦（★未載制式等級）,275 元（前值★原文未載）,「組裝及零組件」報告推薦緯穎/奇鋐/富世達/健策/一詮，僅一詮揭露目標價；零組件8月營收年增42%、Q3估季增22%；AWS TR3放量、輝達VR Q4量產。來源 wantrich 20260914900209
2026-09-14,券商龍頭旗下投顧（★未具名）,內資,緯穎(6669)/奇鋐(3017)/富世達(6805)/健策(3653),AI伺服器－組裝/散熱,推薦,★原文未載（表格為圖片）,緯穎Q3/Q4估季增26%/9%、2027 AWS TRN3水冷機櫃單價翻倍；奇鋐Q3估季增22%；富世達Q3/Q4估季增20%/31%；健策8月營收年增91%；勤誠/新日興/邁科/牧德8月營收低於預期。來源 wantrich 20260914900209
2026-09-14,統一投顧（★具名，9/14出具）,內資,長榮(2603),航運－貨櫃,正向,280 元（前值★原文未載；2026年底淨值×P/B 1.0倍）,"2026 EPS估38.74元(+22.3%)；SCFI連7週漲至3,662點；十一長假前出貨潮與港口壅塞支撐9月美國線，效益部分遞延Q4；09/14收237元隱含+18.1%。來源 wantrich 20260914900208"
2026-09-14,統一投顧（★具名）,內資,陽明(2609),航運－貨櫃,正向,76 元（前值★原文未載；P/B 0.8倍）,2026 EPS估7.29元(+48.9%)。來源 wantrich 20260914900208
2026-09-14,統一投顧（★具名）,內資,萬海(2615),航運－貨櫃,正向,134 元（前值★原文未載；P/B 1.2倍）,2026 EPS估17.88元(+59.5%、三雄最高)。來源 wantrich 20260914900208
2026-09-14,中信投顧（★具名）,內資,長榮(2603),航運－貨櫃,中立,257 元（前值★原文未載）,高檔運價至少維持到9-10月，但長期供過於求、紅海復航，運價最快年底回落；2026/2027 EPS 37.13/19.29元，建議區間操作。同稿富邦投顧對長榮維持正向（巴拿馬運河通行降至32艘）、群益投顧「中立」（歐洲線疲弱、Q4塞港紓解）。來源 wantrich 20260914900208
2026-09-14,大型本國投顧（★未具名，聯合新聞網；內容與凱基09/09報告高度一致）,內資,禾伸堂(3026),被動元件－NP0 MLCC,調升（★未載數字）,"調升（★未載數字；凱基09/09已收錄1,000元）",18.3kW PSU單顆用NP0達400顆；2026/2027 AI伺服器NP0市場49/230億元；產能各擴30-40%；估市占44%/48%。★疑為既有報告重述。來源 udn.com/news/story/7252/9753376
2026-09-14,投顧研究機構（★未具名）／凱基投顧（智邦）,內資,頎邦(6147)/智邦(2345),封測/網通交換器,頎邦 買進（重申）；智邦 重啟研究（★未載等級）,頎邦 250 元（與09/02初評相同）；智邦★原文未載,頎邦矽光子金凸塊2026占營收5%、2027達15-20%、DDIC承接韓系訂單；凱基估智邦2026/2027營收+62.3%/+35.2%、獲利+82.4%/+45.8%，AWS三線並進、重回Meta 800GbE。來源 wantrich 20260914900447
2026-09-14,美銀證券 BofA（★具名）,外資,富邦金(2881)/台灣金融股,金融－壽險金控,正向（★未載制式等級）,★原文未載,科技與AI占台股市值逾60%，回檔時壽險金控通常優於大盤、市場對台灣金融股興趣上升；富邦金09/14收154元創收盤新高。來源 udn.com/news/story/7252/9753822
2026-09-14,里昂證券 CLSA（★具名）＋華冠投顧劉炯德／顧德投顧黃紫東／本土投顧（★未具名）,外資＋內資,記憶體族群（南亞科(2408)/華邦電(2344)等）,半導體－記憶體,里昂維持產業正面（個股★未載）,★原文未載,里昂：DeepSeek稱HBM需求降75%僅限推理局部快取，Token總量激增可抵銷；本土投顧：鎧俠由暴力漲價轉高檔控價；法人建議避開下游模組廠、留意南亞科/華邦電低接；9/30美光財報為驗證關鍵。來源 wantrich 20260914900300
2026-09-14,美系外資（★未具名，工商時報）,外資,東元(1504),重電－電機/模組化資料中心MDC,看好（★未載制式等級）,★原文未載（龍頭券商投顧09/09持有80元為既有紀錄）,東南亞CSP擴建資料中心（馬來西亞、泰國各1GW）；MDC縮短部署時間50%、建置最快9個月、資本支出降15-20%；單一模組約2.7MW。來源 ctee.com.tw/news/20260914700833-430201
2026-09-14,美系外資（=大摩，09/12已收錄）＋高盛 Goldman Sachs（★具名）,外資,大立光(3008)/玉晶光(3406),光學－手機鏡頭/CPO,大立光：大摩 中立（自優於大盤降評）；高盛 買進（維持）,"大摩7,100元；高盛★原文未載","外資第二槍後大立光09/14跌停5,995元、玉晶光跌停失守千元；高盛蘋果供應鏈報告列大立光為iPhone Duo螢幕下鏡頭受惠股、CPO仍在起步。★本則為市場反應與高盛補充，不重複計數大摩紀錄。來源 ctee 20260914700852、ustv 20260914A001012"
2026-09-14,法人（★未具名，經濟日報）／資深分析師簡伯儀／國泰投信00881經理人蘇鼎宇（★具名）,內資,台股大盤,市場－大盤策略,FOMC前觀望、短線偏空但未見中期轉空訊號,"45,000～季線45,200點支撐；站回46,000屬技術性修正","加權收45,862.52點(-322.33、-0.70%)失守46K與月線，量6,309億為8/21以來新低；三大法人賣超497億(外資-370億)；做多留意AI伺服器、金融、資安；漢測IPO抽籤估凍結9,000億。來源 udn 9753156、cnyes 6605630、wantrich 20260914900351"
2026-09-15,摩根士丹利 Morgan Stanley（大摩）分析師高燕禾（★具名）,外資,金居(8358),PCB上游材料－電解銅箔RTF/HVLP,加碼（★初評納入研究；補正09/14盤後紀錄之「維持」）,730 元（初評無前值）,"★補正：工商時報09/15見報確認為初評。大摩估全球CCL市場2025年190億美元→2030年470億美元、AI/資料中心占2/3；HVLP4市場<5,000萬→28億美元(CAGR 123%)；材料升級貢獻AI相關CCL成長84%；金居EPS 2026/27/28估9.34/18.59/31.63元(CAGR 96%)；先前僅統一投顧與高盛喊買、最高940元；09/14逆勢+6.8%並公告赴東南亞尋地設子公司擴產。已做補正個股摘要；來源 ctee 20260915700084-430201、20260914701789、20260915700482"
2026-09-15,摩根士丹利（大摩）（★具名）,外資,台光電(2383)/台燿(6274),PCB上游材料－CCL,加碼（★初評，補正09/14「維持」）,"8,400 元／2,700 元（初評無前值）",★補正：同份AI's Hidden Backbone報告為初評納入研究；台燿09/14逆勢+3.3%。09/14已做個股摘要，本場次不另建；來源 ctee 20260915700084
2026-09-15,法人（★未具名，工商時報權證專欄）,★未載,台積電(2330),半導體－晶圓代工,正向（★未載制式等級）,★未載,7~8月美元營收305.9億、Q3有望達財測446~458億美元上緣；Q3新AI ASIC與旗艦手機晶片升級、Rubin遞延但Blackwell補上；Q4 Google新TPU與Rubin出貨，先進製程/CoWoS供不應求；估2027毛利率>68%、2028>70%。無目標價不建摘要；來源 ctee 20260915700289-430203
2026-09-15,本國投顧（★未具名，工商時報）,內資,聯電(2303),半導體－晶圓代工,正向（★未載制式等級）,★未載,營收連六個月年月雙增；22/28奈米與8吋高壓特殊製程黏著度高；今年資本支出上調至20億美元(新加坡P4、台南新廠)；7月交付首批12吋矽光子量產晶片、2027建置完整平台；AI營收逼近3億美元。無目標價不建摘要；來源 ctee 20260915700286-430203
2026-09-15,本國投顧（★未具名，工商時報）,內資,鴻海(2317)/緯創(3231),AI伺服器－組裝ODM,正向（★未載制式等級）,★未載,"鴻海8月營收9,217.66億元(月-2.61%年+51.98%)，打入Google TPU L11機櫃Q4放量、2027混合架構機櫃出貨2.8萬台、Q4營收估改寫新高；緯創GDR募資14.72億美元為Vera Rubin備料與近岸製造，股本稀釋約8%致股價承壓。無目標價不建摘要；來源 ctee 20260915700280-430203"
2026-09-15,法人（★未具名，工商時報）,★未載,南亞(1303),塑化/電子材料,正向（★未載制式等級）,★未載,EG利差顯著擴大、Q4獲利貢獻更明顯；2027年電子相關獲利占比升至98%；09/14收234元。無目標價不建摘要；來源 ctee 20260915700283-430203
2026-09-15,法人（★未具名，工商時報）,★未載,環球晶(6488)/合晶(6182)/台勝科(3532),半導體材料－矽晶圓,無（產業分析）,無,"矽晶圓供需缺口2026底8%→2027 15%→2028 24%，2027年中為轉折；12吋月產能2026 1,069萬片(+7%)、2027僅+3%、2028 1,170~1,176萬片；HBM晶圓消耗2027/28年增23%/28%；邏輯製程+12%/+11%；客戶庫存100~120天待去化。無評等不建摘要；來源 ctee 20260915700088-430501"
2026-09-15,投顧研究機構（★未具名）／凱基投顧／統一投顧,內資,頎邦(6147)/智邦(2345)/長榮(2603),封測/網通/航運,頎邦買進250、智邦重啟研究、長榮正向280（★均為09/14已收錄之重刊）,250 元／★未載／280 元,工商時報09/15權證專欄重刊09/14內容，不重複計數、不另建摘要；來源 ctee 20260915700277、20260915700283
2026-09-15,★既有報告重述（大摩/花旗/高盛，7月底報告）,外資,國巨(2327),被動元件－MLCC,買進/增持（重述）,"大摩1,465／花旗1,450／高盛1,280（均為既有紀錄）",旺得富09/14 14:58村田淡出MLCC稿引述；經查與07/23、07/30紀錄相同，非新報告，不計入新增、不建摘要；本土券商參考區間620~688元；來源 wantrich 20260914900358
2026-09-15,萬寶投顧 董事長朱成志／群益投信 許育誌（★具名）,內資,台股大盤,市場－大盤策略,偏正向（拉回布局）,無,朱成志：9月升息不可怕、關鍵在是否只升一次，油價回檔、14日開低走高顯多頭抵抗，外資現貨賣超減輕且期貨空單回補未追空；許育誌：股債已反映升息、若升息反有利空出盡，華許尚有QT工具，留意9/24習川會放寬電子零組件進出口變數；法人綜合看中秋後量能回升、季底作帳、向上變盤機率高。來源 ctee 20260915700068-430201
2026-09-15,永豐投顧 總經理黃柏棠／國泰證期 協理郭經緯（★具名）,內資,台股大盤,市場－大盤策略,降槓桿、現金≥30%,無,"點陣圖僅年底前升一次＝保險式升息；升兩次以上＝新升息循環；日銀升息對高Beta半導體/AI股殺傷最大、盯美元兌日圓150；四大CSP 2026資本支出8,744億美元、2027自由現金流-2,207億美元、增量債務占資本支出32%，利率走高恐使AI股由成長股轉重資產股；避開靠外部融資且無預付款保障之算力業者。來源 ctee 20260915700219-430201"
2026-09-15,兆豐期貨 郭偉政／富邦投顧 董事長陳奕光／第一金投顧 黃詣庭／台新投顧 黃文清（★具名）,內資,台股大盤,市場－大盤策略,偏正向（FOMC後反彈）,無,"台股自9/8高點回檔2,180點、外資14日賣超369億但回補台指期淨空單2,409口，後市軋空可期；今年外資賣超集中台積電、扣除後仍淨買超；若升息但聲明偏鴿17日後反彈、若未升息報復性反彈；台積電連三日鉅額交易以漲停價2,650元成交。來源 ctee 20260915700053-430201"
2026-09-19,花旗環球,外資,奇鋐(3017),電子零組件－散熱,買進(維持),4350(前值3800 +14.4%),"水冷板產能與出貨量上修＋對ASIC水冷需求更積極；2026/2027/2028獲利預測分別調升3%/13%/16%；預估2027營收年增50%、毛利率升至34.9%(+2.2pp)，2027年ASIC占水冷營收比重可能突破50%。09/18收3,430元(+245)，距TP尚有26.8%。★文中另載麥格理給奇鋐4,600元為外資圈最高(評等與報告日待確認)。來源 money.udn 9764013(2026/09/19 00:22)"
2026-09-19,花旗環球,外資,雙鴻(3324),電子零組件－散熱,買進(維持),1800(前值1550 +16.1%),"水冷板出貨量上修＋ASIC水冷需求積極；2026/2027/2028獲利預測分別調升2%/14%/17%；8月營收自7月高基期回檔但Q3營收季增至少15%的軌道明確，預估Q3/Q4營收分別季增17%/16%、毛利率上揚；Q4 Vera Rubin出貨＋ASIC專案水冷板量產支撐成長。09/18收1,480元(+95)，距TP 21.6%。來源 money.udn 9764013 / 9764569"
2026-09-19,FactSet共識(非單一券商),外資,奇鋐(3017),電子零組件－散熱,無(共識值),4000,"cnyes外資評等表 評等日20260918 新目標價4,000元(現價3,430)；為FactSet彙總共識非單一券商出具，僅供對照花旗4,350與麥格理4,600。來源 cnyes.com/twstock/board/ratediff.aspx"
2026-09-19,高盛,外資,上詮(3363)聯亞(3081)全新(2455),光通訊－光模組/矽光子,買進(3檔),★待確認(上詮833 聯亞4401 全新793 疑為09/11前稿數字),"09/18稿重申看好光模組需求持續擴張，估全球光模組市場2026年680億美元、2027年1,310億、2028年1,480億美元。★三檔目標價係WebSearch摘要合併自『全新、上詮 高盛喊買』(udn 9754231)等前稿，本場次未能逐篇驗證是否為09/18新數字，標為待確認。來源 money.udn 9762994(2026/09/18)"
2026-09-19,－(近24小時無新券商觀點),－,萬潤(6187),半導體－封裝自動化設備(自選股),無新評等,無新目標價,自選股本場次追蹤；WebSearch『萬潤 6187 外資 目標價 評等』僅回傳聚合站與舊稿，無09/18後新券商觀點。既有紀錄不變=美銀買進1500、大摩增持(CPO題材)、瑞銀1700(08/18)、高盛1550(07/10)。2026Q2 EPS 8.53元。
2026-09-19,FactSet共識(非單一券商),外資,南亞科(2408),半導體－記憶體DRAM,無(共識值),637.5(前值617.5 +3.24%),"09/18 FactSet最新調查：目標價中位數617.5→637.5元，共14位分析師提出估值，最高850元、最低280元；EPS預估同步上修至66.98元。為彙總共識非單一券商出具，不另建個股摘要。09/18外資單日買超南亞科32,233張。來源 cnyes 6610538 / 6610540"
2026-09-19,安聯投信 台灣大壩基金經理人 蕭惠中(★具名),內資,產業觀點(多族群),市場－產業策略,正向,無,經濟日報09/18 23:08『就市論勢』專欄。看好AI供應鏈中先進封裝測試、ASIC、高階PCB與ABF載板、CPO光通訊、散熱模組、檢測設備與導軌，稱其2027~2028成長能見度突出；認為升息不確定性消除後市場焦點重回AI產業趨勢與基本面；市場普遍預期2027年企業獲利仍有20~30%成長空間。無個股目標價不建摘要。來源 money.udn 9763847
2026-09-19,大和資本(Daiwa),外資,金像電(2368),PCB－AI伺服器板,買進,1380(前值1100 +25.5%),"★報告日待確認：本場次僅由WebSearch摘要取得，未能逐篇驗證是否為09/18新報告，不排除為前稿重述。內容：金像電下半年台灣產能拚增50%、泰國產能年增5~6倍；上半年累計淨利約82.67億元年增140%、Q1 EPS 6.87元；外資圈最高目標價1,585元。★因報告日未確認，個股摘要暫不產出，待下場次驗證。來源 money.udn 9763767 + WebSearch"
2026-09-19,法人(★未具名，經濟日報),★未載,台積電(2330)/聯發科(2454)等10檔,半導體－族群,正向(★未載制式等級),★未載,09/18 23:09『半導體帶勁 法人點將』：整體半導體族群8月營收年增61%、優於五年歷史平均，法人圈看好台積電、聯發科等十檔營運後市。★全文付費牆，十檔完整名單未能取得；無目標價不建摘要。來源 money.udn 9763837 / 9763711
2026-09-19,法人(★未具名，經濟日報),★未載,健鼎(3044),PCB－伺服器板,正向(★未載制式等級),★未載,與金像電同篇比價行情稿：健鼎前三季合併營收544.2億元、EPS 14.75元為歷史最強，09/18收518元(+16)。無制式評等與目標價，不建摘要。來源 money.udn 9763767
2026-09-20,野村證券 Nomura（★具名）,外資,頎邦(6147),半導體－封測/驅動IC/矽光子金凸塊,買進（由「中立」強勢調升）,270 元（前值 171 元 +57.9%）,經濟日報09/20 02:18『Q4投資攻略』彙整近月外資報告。野村升等理由：矽光子市場需求強勁與新案進展，加上韓國驅動IC(DDIC)大廠供應鏈重組帶來『AI漣漪效應』；大幅上調財務預測，2026/2027/2028 EPS分別估5.77/9.04/10.60元。今年來股價+324.8%。本場次9檔中唯一評等升等者。已做個股html摘要(docx待補)。來源 money.udn 9765424
2026-09-20,摩根大通 J.P. Morgan（小摩，★具名）,外資,南亞(1303),塑化/電子材料－CCL與玻纖布,優於大盤（維持）,350 元（前值 300 元 +16.7%）,經濟日報09/20『Q4投資攻略』名單。★本次上修之細部理由原文未載。今年來股價+295.3%。既有背景：法人估南亞2027年電子相關獲利占比升至98%、EG利差擴大使Q4獲利貢獻更明顯。已做個股html摘要(docx待補)。來源 money.udn 9765424
2026-09-20,高盛 Goldman Sachs（★具名）,外資,全新(2455),光通訊－砷化鎵磊晶/AI資料中心光模組,買進（維持）,793 元（前值 505 元 +57.0%）,★補正：09/19場次記為『待確認』之高盛全新793元，本稿明確載為505→793元、維持買進，待確認解除。高盛：月營收動能旺到12月，2026 Q3/Q4營收分別季增44%/23%；高毛利AI資料中心光通訊產品比重提升帶動毛利率優化。今年來股價+267%。★上詮(3363)833元、聯亞(3081)4401元仍為待確認。已做個股html摘要(docx待補)。來源 money.udn 9765424 + 9762994
2026-09-20,摩根士丹利（大摩，★具名）,外資,創意(3443),半導體－ASIC設計服務,優於大盤（維持）,6288 元（前值 5688 元 +10.5%）,"經濟日報09/20『Q4投資攻略』名單。★本次上修之細部理由原文未載。今年來股價+236.4%。★另有網路流傳『大摩調升創意至4,888元、與Google自研CPU及特斯拉AI5有關』之說法，數字與本稿不符且無法逐篇驗證出處日期，不予採用，列為待查。已做個股html摘要(docx待補)。來源 money.udn 9765424"
2026-09-20,瑞銀 UBS（★具名）,外資,研華(2395),工業電腦IPC/邊緣運算,買進（維持）,782 元（前值 744 元 +5.1%）,經濟日報09/20『Q4投資攻略』名單。★本次上修之細部理由原文未載。今年來股價+139.5%，上修幅度僅5.1%屬相對保守。對照FactSet共識評等日09/15為742.5元(現價690)，瑞銀高於共識。已做個股html摘要(docx待補)。來源 money.udn 9765424
2026-09-20,高盛 Goldman Sachs（★具名）,外資,昇達科(3491),微波通訊元件/光通訊,買進（維持）,2557 元（前值 2513 元 +1.8%）,"經濟日報09/20『Q4投資攻略』名單。★本次上修之細部理由原文未載。今年來股價+130.4%但目標價僅上修1.8%，為本場次調整幅度最小者之一。★補正：09/14場次記為『美系外資』之昇達科報告，本稿具名為高盛並首次載明前值2,513元。已做個股html摘要(docx待補)。來源 money.udn 9765424"
2026-09-20,野村證券 Nomura（★具名）,外資,矽力*-KY(6415),半導體－類比IC/電源管理,買進（維持）,590 元（前值 585 元 +0.9%）,經濟日報09/20『Q4投資攻略』名單。★本次上修之細部理由原文未載。今年來股價+128.4%而目標價僅上修0.9%，為本場次上修幅度最小者。★本檔為processed.csv首次出現之個股。已做個股html摘要(docx待補)。來源 money.udn 9765424
2026-09-20,麥格理 Macquarie（★具名）,外資,奇鋐(3017),電子零組件－散熱/伺服器水冷,優於大盤（維持）,4600 元（前值 4250 元 +8.2%）,"★★補正09/19待確認項目：09/19由花旗報告轉述『麥格理4,600元為外資圈最高』但評等與報告日未確認，本稿確認為優於大盤、前值4,250元，待確認解除。今年來股價+127.1%。奇鋐目前三組數字並存：麥格理4600(優於大盤)、花旗4350(買進，09/19，前值3800)、FactSet共識4000(評等日09/18)，分歧約15%。已做個股html摘要(docx待補)。來源 money.udn 9765424 + 9764013 + cnyes ratediff"
2026-09-20,野村證券 Nomura（★具名）,外資,強茂(2481),半導體－功率半導體/二極體,買進（維持）,214 元（前值 195 元 +9.7%）,經濟日報09/20『Q4投資攻略』名單。★本次上修之細部理由原文未載。今年來股價+110.3%。功率半導體與電動車/工控/電源供應器景氣連動，非純AI題材。★本檔為processed.csv首次出現之個股。已做個股html摘要(docx待補)。來源 money.udn 9765424
2026-09-20,－（近24小時無新券商觀點）,－,萬潤(6187),半導體－封裝自動化設備(自選股),無新評等,無新目標價,自選股本場次追蹤；WebSearch未取得09/19之後的新券商評等或目標價。既有紀錄不變＝美銀買進1500、大摩增持(CPO題材)、瑞銀1700(08/18)、高盛1550(07/10)。2026Q2 EPS 8.53元。
2026-09-20,永豐投顧,內資,台股大盤,市場－大盤策略,偏正向（建議積極布局）,無,"09/20 14:50 經濟日報。聯準會如預期升息1碼、公債殖利率逐步抬高以適應通膨與高漲油價；市場普遍認為最快12月才可能再升息，非急遽收縮環境。下次FOMC在10/28，至少10月下旬前可暫時擺脫利率政策干擾。漢測抽籤凍結資金回流使量能放大、週五站上47,000點，意味擺脫盤整態勢。本周短線區間估46,000～48,000點。★另提醒美國期中選舉為下一個政經不確定性，市場通常提前約一個月反應。來源 money.udn 9766254"
2026-09-20,第一金投顧 董事長黃詣庭（★具名）,內資,台股大盤,市場－大盤策略,偏正向但建議控持股,無,"09/20 09:54 經濟日報/中央社。上週美、台、日央行接連開會加上漢測IPO抽籤凍結逾8,600億元，台股量能急凍；隨升息落地、台灣央行10連凍、抽籤結束，週四五補量上攻。本周上半週量能可望續回升，★若上市成交值穩步增至1.2兆元以上，指數有挑戰47,500～48,000的可能；但週末適逢中秋長假，節前不排除震盪量縮。建議以大型績優權值股為主、持股水位70%以下。★與永豐投顧「積極布局」在持股節奏上存在分歧。來源 money.udn 9765780"
2026-09-20,富邦投信,內資,資產配置（跨市場）,市場－資產配置,中性偏謹慎,無,09/20 經濟日報同篇。全球經濟仍受通膨變化、主要央行政策與地緣政治風險影響，市場波動恐成常態；建議2026年第4季重視跨資產與跨市場配置，透過景氣循環架構定期檢視市場訊號，依循環階段調整股票、債券、黃金ETF、不動產REITs及其他另類資產比重。無個股標的與目標價。來源 money.udn 9766254
2026-09-20,法人(★未具名，經濟日報),★未載,京元電(2449)/欣銓(3264)/頎邦(6147)/陽明(2609)等14檔,市場－選股策略(業績三增),正向(★未載制式等級),★未載,09/20 02:21『14檔業績三增超吸金』。以月增、年增、累計年增「三增」加上法人買超篩選，認為可望引領大盤攻高。★全文付費牆，14檔完整名單與各檔目標價未能取得；無制式評等與目標價，不建個股摘要。來源 money.udn 9765421
2026-09-20,法人(★未具名，經濟日報),★未載,力積電(6770)/聯電(2303)/陽明(2609)/南亞科(2408)等10檔,市場－選股策略(低本益比補漲),正向(★未載制式等級),★未載,09/20 01:56『低本益比族群伺機補漲』。篩選條件＝8月營收月增＋本益比低於25倍，依近5日法人買超排序，前十名為力積電、聯電、陽明、南亞科、矽統、宏碁、萬海、廣達、潤泰全、安集；電子占7檔(記憶體/封測/成熟製程)，傳產以航運為主。近5日漲幅矽統+15.6%居首、聯電+11%、安集+10.7%；本益比潤泰全6.4倍最低。★無制式評等與目標價，不建個股摘要。來源 money.udn 9765439
2026-09-20,台股擂台分析師 陳奇琛／劉良梅／劉彥良／何文高（★具名）,內資,聯亞(3081)聯電(2303)強茂(2481)合晶(6182)聯發科(2454)南亞(1303)智原(3035)高力(8996),市場－分析師選股,各自偏多(非制式評等),無,09/20 經濟日報台股擂台本周選股：周冠軍陳奇琛看好聯亞、聯電；劉良梅青睞強茂、合晶；劉彥良選聯發科、南亞；何文高押寶智原、高力。★為擂台競賽形式之個人選股，非券商研究報告，無制式評等與目標價，僅供觀察法人以外的市場關注方向，不建個股摘要。來源 money.udn 9765215/9765222/9765232/9765229
2026-09-20,－（近24小時無新券商觀點）,－,萬潤(6187),半導體－封裝自動化設備(自選股),無新評等,無新目標價,自選股本場次追蹤；09/20為週日，WebSearch未取得新券商評等或目標價。既有紀錄不變＝美銀買進1500、大摩增持(CPO題材)、瑞銀1700(08/18)、高盛1550(07/10)。2026Q2 EPS 8.53元。
2026-09-21,摩根士丹利（大摩，★具名）,外資,台積電(2330)/聯發科(2454)等23檔,半導體－全產業(AI/記憶體/封測/設備/成熟製程),看好（★未載制式評等）,★未載,"經濟日報09/20 21:51。大摩60頁報告『2028年全球AI半導體vs CSP資本支出成長』：全球前14大上市CSP(不含主權AI)2028年總雲端資本支出近1.6兆美元但年增率放緩至12%(2027年60%、2026年99%)；AI半導體2023-2030年TAM CAGR達30%、2030年上看7,530億美元(占全球半導體市場一半)，樂觀情境雲端AI半導體TAM今年即可能上看4,850億美元。看好23檔＝台積電2330、聯電2303、力積電6770、南亞科2408、華邦電2344、旺宏2337、日月光投控3711、京元電子2449、上詮3363、鴻勁7769、旺矽6223、穎崴6515、家登3680、萬潤6187、聯發科2454、世芯-KY3661、創意3443、愛普*6531、信驊5274、譜瑞-KY4966、義隆2458、大聯大3702、文曄3036。細節：輝達2027年營收估+70%；京元電子與穎崴今年輝達相關營收比重各40%、台積電25%；含長鑫存儲產能後2026/2027年HBM供需缺口仍達-17%/-15%。風險＝IC設計廠成本上升面臨毛利率逆風、非AI半導體資源遭排擠。★原文未載各檔評等與目標價，不建個股摘要。來源 money.udn 9766731"
2026-09-21,瑞銀 UBS（★具名）,外資,AI基礎建設／記憶體族群,產業－AI資本支出,正向（產業觀點）,★未載,"瑞銀最新報告大幅上修全球AI資本支出預測：2026年估9,980億美元、2027年估1.447兆美元(2025年5,060億)；2025-2027新增近1兆美元投資中約90%來自記憶體支出攀升。記憶體支出估2025年710億、2026年3,670億、2027年9,230億美元，占AI總資本支出比重由2025年14%→2026年37%→2027年64%。全球主要記憶體業者集中亞洲，資金與獲利流向將直接挹注亞洲記憶體產業。台股交易員指此為推升記憶體股與櫃買市場短線信心的來源。無個股目標價不建摘要。來源 cnyes 6611005 + 6611485"
2026-09-21,永豐投顧 總經理黃柏棠／台新投顧 總經理黃文清（★具名）,內資,台積電(2330),晶圓代工－權值,正向（★未載制式等級）,★未載,"經濟日報09/21 01:21。法人圈走訪供應鏈後初步預估台積電9月營收有機會再創歷史新高、來到5,200億元，本業獲利能力優於第2季，有望吸引外資與投信長線買盤；在大盤站穩47K後，10月上旬將向48K發起攻擊。連帶PCB、散熱、記憶體、組裝、伺服器等AI供應鏈業績維持新高水準，台股9月營收有望首度突破6兆元、創新高家數連續第四個月維持150家以上。無目標價不建摘要。來源 money.udn 9766832"
2026-09-21,富邦投顧 董事長陳奕光／兆豐國際投顧 董事長留政鈺（★具名）,內資,台股大盤,市場－大盤策略,偏正向,無,"工商時報09/21 03:00『抱股賞月 台股8利多護航』。陳奕光：本周若突破9/8高點47,578點且突破0.809黃金分割位階將挑戰48,218點；本周區間46,257～48,000點，上半周走勢強勁。八大利多＝(1)台積電09/18突破前高2,445元、期貨夜盤達2,469元、ADR逆勢上揚 (2)美國利率政策非連續性緊縮 (3)白宮駁斥AI末日論 (4)台灣央行管量不管價 (5)Q3財報展望佳、獲利估破2兆元 (6)周KD 8/14與日KD 9/18黃金交叉 (7)外資台指期淨空單降至7.61萬口、投信多單7.51萬口，軋空與籌碼回補持續 (8)Q4各月上漲機率高、美國期中選舉前20-40天偏多。留政鈺：節後進入Q4傳統旺季，近十年中秋節後20個交易日上漲機率60%、後60日達90%、平均漲幅4.8%。來源 ctee 20260921700046 + money.udn 9766832"
2026-09-21,第一金投顧 董事長黃詣庭（★具名）,內資,台股大盤,市場－大盤策略,偏正向但留意連假,無,"工商時報09/21。本周適逢中秋連假前夕、觀望氣氛可能升溫，預期上半周表現優於下半周；隨市場重新聚焦基本面、量能回溫，若權值股維持強勢且外資持續回補，看好中秋假期過後突破前波反彈高點47,500點、10月挑戰歷史新高，本周區間估46,000～48,000點。風險＝中東局勢升溫、俄烏戰火、歐洲面臨俄羅斯混合攻擊不確定性、北韓09/20向東部海域發射不明飛行器；地緣政治主要透過油價波動引發通膨預期，若美債殖利率再突破前波高點引發美股拉回將干擾台股。★與09/20其『持股70%以下』建議並行參照。來源 ctee 20260921700046"
2026-09-21,富邦期貨 分析師曹富凱（★具名）,內資,台股大盤,市場－盤勢分析,偏多（非制式評等）,無,工商時報09/21『科技股吸金 台股多頭有撐』。原油價格與美債殖利率雙雙回落，暫時移除壓抑科技股估值的兩項主要風險，美國科技股重獲資金青睞、台積電ADR走強。大型科技與半導體類股對利率變化敏感，率先成為資金回流焦點。籌碼面：外資現貨操作由賣轉買但期貨空方部位仍偏高，現貨與期貨籌碼分歧；散戶操作仍偏多。後續觀察＝外資現貨能否延續買超、AI/光通訊/記憶體能否輪番接棒。來源 ctee 20260921700217
2026-09-21,摩根士丹利（大摩，★具名）,外資,萬潤(6187),半導體－封裝自動化設備(自選股),入列看好名單（★未載制式評等）,★未載,自選股本場次追蹤：★有新進展——萬潤入列大摩09/20『2028年全球AI半導體vs CSP資本支出成長』報告看好的23檔台股名單，為近期首次出現在具名外資產業報告名單中。惟該報告未載萬潤之個股評等與目標價，不建個股摘要。既有紀錄不變＝美銀買進1500、大摩增持(CPO題材)、瑞銀1700(08/18)、高盛1550(07/10)。2026Q2 EPS 8.53元。來源 money.udn 9766731
2026-09-21,高盛 Goldman Sachs（★具名）,外資,緯穎(6669),伺服器代工－ODM(AI伺服器/ASIC),★原文未載制式評等（上調目標價）,3777 元（前值★未載）,"經濟日報09/21 18:33。高盛上修緯穎目標價至3,777元，若還原至配股前為首次突破萬元大關。北美CSP對通用伺服器需求維持強勁，主要客戶AWS新款氣冷與水冷ASIC AI伺服器放量；代理型AI(Agentic AI)帶動通用型伺服器終端需求穩健。搭載NVIDIA與AMD平台的全新GPU AI伺服器機櫃預計Q4進入量產為新成長動能。緯穎8月營收強勁，營收成長趨勢可望延續至年底。資本支出：公司公布2026下半年9.42億美元、全年可能達13億美元(近400億台幣)，高盛預估440億台幣且高投資延續至2028年，支撐美國/墨西哥/馬來西亞生產基地多元化。★已做個股docx+html摘要。來源 money.udn 9768749"
2026-09-21,亞系外資（★未具名）,外資,健策(3653),電子零組件－散熱/均熱片,正向（重申）,★未載數字（同步調高）,"經濟日報09/21 09:20。亞系產業調研指可拆式均熱片會用於Vera Rubin或Rubin Ultra，ASP將較目前一體式高出五至六倍，並有可能促使其ASIC客戶採用可拆式。券商上修2026-2028年EPS至68/156.4/236元，以今年Q4至2027年Q3之73倍PE評價，同步升目標價、重申正向。股價21日開高走高越過5,800元、早盤最高5,885元漲逾6.2%。★原文未載目標價數字，列為待確認。已做個股docx+html摘要。來源 money.udn 9767237"
2026-09-21,高盛 Goldman Sachs（★具名）,外資,欣興(3037)/南電(8046)/景碩(3189),IC載板－ABF,正向（產業觀點）,★未載,"鉅亨網09/21 10:00。高盛報告指出ABF載板供需缺口擴大之中、明後年缺口尤甚，刺激欣興、南電及景碩。欣興盤中最高1,055元重返千金、終場收1,020元漲3.98%；南電終場1,060元跌3.64%，同族群內部分歧。欣興8月營收177.46億元創新高(月增9.18%、年增56.26%)，1-8月營收1,143.35億元年增34.16%；2026上半年AI產品占比已逾60%、下半年可望提升至70%；Q2毛利率24.08%、稅後純益131.15億元、EPS 8.45元。★原文未載各檔目標價與制式評等，不建個股摘要。來源 cnyes 6611712"
2026-09-21,投顧法人（★未具名，經濟日報）,內資,欣銓(3264),半導體－封裝測試,正向（調高獲利預估與目標價）,★未載數字,經濟日報09/21 13:10。欣銓受益龍潭廠ASIC訂單稼動率維持高檔、毛利率展望佳，法人調高獲利預估值及目標價。Q2毛利率攀升至40.1%為第一家毛利率突破40%的封測廠；龍潭廠一樓7月起量產，推估Q3該廠整體平均月產值1.5-2億元、稼動率90-95%，單季毛利率進一步達45%。ASIC訂單毛利率有機會達56%以上。Q4受CSP ASIC新品迭代與消費性淡季影響，稼動率微降至75-80%、營收季增低個位數百分比，但毛利率預估仍可維持44%以上；2027Q1仍可繳出營收季增。★未具名法人且未載目標價數字，不建個股摘要。來源 money.udn 9767834
2026-09-21,美系外資（大摩，09/20報告盤面發酵）,外資,日月光投控(3711)/京元電子(2449)/南茂(8150)/華東(8110),半導體－封測,看好（產業名單）,★未載,經濟日報09/21 11:52。大摩09/20『2028年全球AI半導體vs CSP資本支出成長』報告的23檔名單於21日盤面發酵，封測股由龍頭日月光投控領軍、盤中上漲逾3%終場收663元漲3.92%；京元電子以298元開出盤中一度拉升至310元；菱生(2369)盤中漲逾5%；南茂衝上漲停103元鎖死站上百元、排隊買單逾萬張，華東亦鎖漲停52.1元、排隊買單近萬張。★屬既有報告之盤面反應，非新出爐評等。來源 money.udn 9767634
2026-09-21,－（本場次無新券商觀點）,－,萬潤(6187),半導體－封裝自動化設備(自選股),無新評等,無新目標價,自選股本場次追蹤：WebSearch未取得09/21新的具名券商評等或目標價。萬潤仍在大摩09/20報告的23檔看好名單內。既有紀錄不變＝美銀買進1500、大摩增持(CPO題材)、瑞銀1700(08/18)、高盛1550(07/10)。2026Q2 EPS 8.53元。
2026-09-21,花旗 Citi（分析師陳佳儀，★具名）,外資,台積電(2330),晶圓代工－先進製程/先進封裝,買進,★原文未載,經濟日報09/21 17:36。花旗半導體分析師陳佳儀最新「台灣半導體產業」報告，赴美路演後整理投資人反饋：AI硬體成長動能正從GPU擴展至網路晶片、ASIC、CPO、先進封裝及電力基礎設施；ASIC出貨量將從低基期快速成長但輝達仍占系統價值大部分，下一個主要成長引擎轉向網路晶片與CPU。核心問題已從「GPU需求是否依然強勁」轉為「雲端巨頭資本支出與AI模型變現能力能否維持巨大基建投入」。★原文未載各檔目標價。來源 money.udn 9768614 台積電：幾乎處於所有重大AI硬體轉型核心，AI商機比傳統GPU/ASIC範疇更廣；2027年成長更強勁（2奈米全年貢獻、3奈米AI晶片出貨增加、潛在價格上調）；先進製程與CoWoS吃緊下將專注高價值晶圓製造與SoIC、後段工序外包。★已做個股docx+html摘要。
2026-09-21,花旗 Citi（分析師陳佳儀，★具名）,外資,日月光投控(3711),半導體－封裝測試/先進封裝,買進,★原文未載,經濟日報09/21 17:36。花旗半導體分析師陳佳儀最新「台灣半導體產業」報告，赴美路演後整理投資人反饋：AI硬體成長動能正從GPU擴展至網路晶片、ASIC、CPO、先進封裝及電力基礎設施；ASIC出貨量將從低基期快速成長但輝達仍占系統價值大部分，下一個主要成長引擎轉向網路晶片與CPU。核心問題已從「GPU需求是否依然強勁」轉為「雲端巨頭資本支出與AI模型變現能力能否維持巨大基建投入」。★原文未載各檔目標價。來源 money.udn 9768614 日月光投控：已參與台積電後段工序外包，隨生態系成熟將獲得更多機會，超微(AMD)為重要客戶與催化劑。★已做個股docx+html摘要。
2026-09-21,花旗 Citi（分析師陳佳儀，★具名）,外資,聯發科(2454),IC設計－ASIC/手機晶片,買進,★原文未載,"經濟日報09/21 17:36。花旗半導體分析師陳佳儀最新「台灣半導體產業」報告，赴美路演後整理投資人反饋：AI硬體成長動能正從GPU擴展至網路晶片、ASIC、CPO、先進封裝及電力基礎設施；ASIC出貨量將從低基期快速成長但輝達仍占系統價值大部分，下一個主要成長引擎轉向網路晶片與CPU。核心問題已從「GPU需求是否依然強勁」轉為「雲端巨頭資本支出與AI模型變現能力能否維持巨大基建投入」。★原文未載各檔目標價。來源 money.udn 9768614 聯發科：在Google TPU生態系角色顯著提升，TPU v8負責I/O、SerDes與晶圓處理，下世代擴展至部分計算；先進製程大幅提升單一裝置美元價值，收入成長遠快於單位出貨量。09/21終場5,010元+6.37%創歷史新高、市值破8兆。★已做個股docx+html摘要。"
2026-09-21,花旗 Citi（分析師陳佳儀，★具名）,外資,鴻海(2317),電子代工－AI伺服器機櫃,買進,★原文未載,經濟日報09/21 17:36。花旗半導體分析師陳佳儀最新「台灣半導體產業」報告，赴美路演後整理投資人反饋：AI硬體成長動能正從GPU擴展至網路晶片、ASIC、CPO、先進封裝及電力基礎設施；ASIC出貨量將從低基期快速成長但輝達仍占系統價值大部分，下一個主要成長引擎轉向網路晶片與CPU。核心問題已從「GPU需求是否依然強勁」轉為「雲端巨頭資本支出與AI模型變現能力能否維持巨大基建投入」。★原文未載各檔目標價。來源 money.udn 9768614 鴻海：輝達機櫃級轉型核心受惠者，供應鏈由GB300轉向Vera Rubin，更高ASP推動明年營收與利潤顯著成長；另布局ASIC與雲端巨頭系統(含CPU與TPU機櫃)。09/21收250元-0.2%。★已做個股docx+html摘要。
2026-09-21,美系大行（★未具名）／永豐投顧（具名）,外資+內資,台光電(2383)/台燿(6274),電子零組件－銅箔基板CCL,正向（重申不變）,★原文未載,經濟日報09/21 08:48（★盤後場列為待確認，本場次回補）。美系大行認為銅箔基板韓廠Doosan宣布在韓國與中國大陸擴產，進一步證明高階CCL需求強勁，重申高階供給短缺現象不變，對覆蓋內台廠台光電、台燿產業觀察正向。永豐投顧補充：台光電是唯一在做價值承接的一家，M9已於2026Q3量產、M10送樣中，高階樹脂配方能力橫向平移至載板材料，ABF載板CCL認證結果最快今年Q4出爐，2026Q2營收472.76億元、毛利率33.8%；台燿衝擊落在下一代但獲利落在這一代，主力為800G與1.6T交換器材料，CPO首波衝擊落在3.2T以上與交換器，厚銅CCL約占營收14%、銅厚升級與訊號走光或走電無關，2026Q2營收142.99億元、毛利率29.7%。★無制式評等與目標價數字，不建個股摘要。來源 money.udn 9767179
2026-09-21,法人（★未具名，經濟日報）,★未載,台塑化(6505),塑化－煉油,維持買進,★未載數字（調升）,經濟日報09/21（★盤後場列為待確認，本場次回補）。法人以煉油利差維持高檔有利後續獲利表現為由，維持買進建議並調升目標價。汽油利差維持每桶20美元以上高檔，預期隨氣候轉冷汽油需求逐步降低但仍可望維持雙位數以上；中東地區與俄羅斯多座煉油廠受戰爭衝擊產能受損不少，美國煉廠開工率已達98%、成品油庫存處於低水位，供應仍相當吃緊，煉油利差維持歷年同期新高水準。★未具名法人且原文未載調升後目標價數字，列為待確認，不建個股摘要。來源 money.udn 9767906
2026-09-21,摩根士丹利（美國首席股票策略師 Wilson，★具名）,外資,標普500指數（美股）,市場－美股策略,短線偏謹慎／中期偏多,"年底 8,000 點","經濟日報09/21 21:04。大摩策略師Wilson示警：若能源價格再度攀升、債券市場波動加劇，或金融情勢進一步收緊，標普500指數短期內可能下跌多達7%、跌至7,100點（較上週五收盤約-7%）。惟Wilson仍看好企業盈利前景，認為強勁盈利成長將推動股市在年底前反彈至8,000點目標位。同時間美股盤前因油價下跌走強：道瓊期貨漲逾400點、標普500期貨+0.7%、那斯達克100期貨+1.2%。★美股指數觀點，非台股個股評等。來源 money.udn 9768939"
2026-09-21,－（本場次無新券商觀點）,－,萬潤(6187),半導體－封裝自動化設備(自選股),無新評等,無新目標價,自選股夜間場追蹤：WebSearch未取得09/21夜間新的具名券商評等或目標價。萬潤仍在大摩09/20報告的23檔看好名單內。既有紀錄不變＝美銀買進1500、大摩增持(CPO題材)、瑞銀1700(08/18)、高盛1550(07/10)。2026Q2 EPS 8.53元。
2026-09-22,外資（★未具名，統一證券盤前稿轉述）,外資,台達電(2308),電子零組件－電源管理/散熱,調升目標價（★未載制式評等）,★未載數字,"經濟日報／統一證券 09/22 08:45 盤前稿：「台達電獲外資調升目標價，電源管理族群買盤增溫」。台達電 09/21 終場 1,875 元、上漲 8.07%，為當日權值股漲幅之冠，並帶動電源管理族群買盤。★未具名券商、原文未載調升後目標價數字與制式評等，列為待確認，依規則不建個股摘要。來源 money.udn 9769577"
2026-09-22,凱基投顧 朱晏民／富邦投顧 陳奕光／台新投顧 黃文清（★具名）,內資,台股大盤,市場－大盤策略,偏正向（短線攻擊訊號）,無,"經濟日報 09/22 02:33。三位市場名師同步指出：台股連四漲、趨勢轉偏多，上周大盤連漲三日累計飆升逾千點並收復 47K；09/21 多方再度表態上攻，飛越前高 47,578 點，出現短線攻擊訊號。★若今日持續站穩 47,578 點，上檔將直接挑戰 6 月 23 日歷史高點 48,218 點。美中不足＝09/21 成交量雖超過月均量 8,358.4 億元但仍不及 1 兆元。新台幣匯率持續走升有利外資買盤。來源 money.udn 9769177"
2026-09-22,統一證券（★具名）,內資,台股大盤,市場－盤勢分析,偏多（震盪盤堅）,無,經濟日報 09/22 08:45 盤前稿。AMD 市值突破 1 兆美元、聯準會升息後利空出盡、國際油價回檔，風險資產偏好持續回升。技術面 KD、RSI 向上延伸，MACD 轉為紅柱體，整體技術面穩健強勢；後續觀察費半與台股權值股走勢、外資期現貨態度。盤面資金聚焦 ASIC、封測、電源管理、太陽能。★本週五起適逢中秋節及教師節長假效應，須留意盤中高波動。長線追蹤族群＝台積電及先進封測、半導體設備、PCB、光傳輸、散熱、連接器、貨櫃散裝、特用化學、高殖利率銀行及壽險股。來源 money.udn 9769577
2026-09-22,－（本場次無新券商觀點）,－,萬潤(6187),半導體－封裝自動化設備(自選股),無新評等,無新目標價,自選股本場次追蹤：WebSearch 未取得 09/22 新的具名券商評等或目標價。萬潤仍在大摩 09/20 報告的 23 檔看好名單內。既有紀錄不變＝美銀買進1500、大摩增持(CPO題材)、瑞銀1700(08/18)、高盛1550(07/10)。2026Q2 EPS 8.53元。
2026-09-22,日系外資（★未具名）,外資,信驊(5274),IC設計－伺服器BMC,★原文未載制式評等（大幅調升目標價）,"26,660 元（前值 19,800 元）","經濟日報 09/22 10:56（午間場．盤中）。日系外資指出代理式 AI（Agentic AI）可望成為一般伺服器需求的新催化劑，預估 2026 年伺服器 BMC 出貨量年增約 50%，成長動能延續至 2027 年；據此將信驊 2026–2028 年 EPS 預估上修 9% 至 36%，12 個月目標價由 19,800 元調升至 26,660 元（+34.6%）。信驊 09/22 盤中亮燈漲停攻上 21,800 元新天價，創台股個股價格新紀錄。★本場次唯一具名數字之個股目標價，已做個股 docx+html 摘要。來源 money.udn 9769921"
2026-09-22,外資（★未具名，CSP AI半導體報告）,外資,聯發科(2454)/愛普(6531)/信驊(5274)/譜瑞-KY(4966)/義隆(2458)/世芯-KY(3661)/創意(3443),IC設計－AI ASIC,看好（產業名單）,★未載,經濟日報 09/22 10:56。另一份外資報告預估全球前 14 大 CSP 至 2028 年 AI 半導體年複合成長率（CAGR）仍高達 30%，看好上列 IC 設計股。美系外資近期路演後指出 AI 硬體成長動能正從 GPU 延伸至網路晶片、ASIC、CPO 及先進封裝。★原文未載各檔目標價與制式評等，不建個股摘要。來源 money.udn 9769921
2026-09-22,安聯投信 蕭惠中（00412A 經理人，★具名）,內資,亞洲半導體供應鏈,半導體－產業策略,正向（中長期）,無,經濟日報 09/22 10:54。油價回落與美債殖利率收斂，過去壓抑科技股表現的兩大逆風同步解除：布蘭特原油回落至每桶 100 美元附近、美國 10 年期公債殖利率降至 4.95%。安聯強調「市場修正的是評價而非 AI 需求」，半導體設計、晶圓代工、封裝測試及 IC 設計族群有望同步受惠，AI 伺服器供應鏈可望持續吸金。三大長期支撐＝全球 AI 資本支出擴張、HBM 與先進封裝需求成長、亞洲半導體供應鏈戰略地位提升。★無個股目標價。來源 money.udn 9769914
2026-09-22,台新臺灣半導體30 ETF 投資團隊（★具名）,內資,台股大盤,市場－盤勢分析,偏多但短線審慎,無,經濟日報 09/22 00:44「就市論勢」。技術面重新翻多，半導體主要指標股吸引資金歸隊。惟本周面臨中秋長假前夕避險壓力與川習二會不確定性；中東戰局訊息混亂（伊朗停戰協議內容乏善可陳、胡賽組織襲擊沙烏地首都、烏克蘭無人機攻入莫斯科周邊煉油廠），地緣政治風險仍高，市場資金可能以靜制動。另須留意科技業供應鏈庫存偏高與美國年底選舉後變數。來源 money.udn 9768887
2026-09-22,日系外資（★未具名）,外資,健策(3653),電子零組件－散熱/均熱片,買進（維持）,"9,420 元（前值 6,770 元）","時報資訊 09/21 09:39（記者張漢綺），★09/22 盤後場回補 09/21 待確認缺口。日系外資預期健策用於 Vera Rubin 或 Rubin Ultra 的可拆卸均熱片（Removable Lid, LID）ASP 將是現行一體式的 5 至 6 倍，且 GPU 導入後可能帶動 ASIC 客戶採用；針對 ASIC 客戶的產品路線圖更具潛力，現有「加強板」(stiffener)方案可望帶來 ASP 提升。鑑於 Vera Rubin 產能爬坡階段出貨優於預期，2026Q3／Q4 營收預估分別上調至 96.5 億元與 106.2 億元。2026-2028 年 EPS CAGR 預估由 78.8% 上調至 86.1%、EPS 預估上修 6%-15%，維持買進評等，目標價由 6,770 元大幅調升至 9,420 元。★已做個股 docx+html 摘要。來源 chinatimes 20260921001410"
2026-09-22,亞系外資（★未具名）,外資,健策(3653),電子零組件－散熱/均熱片,看好,"8,800 元","時報資訊 09/21 09:39 同稿轉述：上週亞系外資已先看好健策可拆卸三片式均熱片(Removable Lid)並給予目標價 8,800 元，日系外資本次跟進並再上調至 9,420 元。★此為同稿內轉述之既有觀點。來源 chinatimes 20260921001410"
2026-09-22,外資（★未具名）,外資,研華(2395),電腦及週邊設備－工業電腦,★原文未載制式評等（上修目標價）,782 元（前值★未載）,時報資訊 09/21 11:19。《電週邊》研華 BB Ratio 逐月走升，外資上修目標價至 782 元。BB Ratio（接單出貨比）連續走升代表新接訂單金額持續高於同期出貨金額，為工業電腦產業景氣領先指標之一，通常反映客戶端庫存去化告一段落、拉貨動能回溫。★原文未載目標價前值與制式評等，列為待確認。★已做個股 docx+html 摘要。來源 chinatimes 20260921001898
2026-09-22,高盛 Goldman Sachs（★具名）,外資,廣達(2382),電腦及週邊設備－AI伺服器ODM,★未載,★未載,經濟日報 09/22 14:30。高盛預估廣達 2026 下半年營收持平，股價當日小幅震盪。★本場次僅取得標題層級資訊，內文細節、評等與目標價均未取得，列為待確認，不建個股摘要。來源 money.udn 9770503
2026-09-22,法人（★未具名，經濟日報）,★未載,富世達(6805),機構件－轉軸/摺疊機,調升（獲利預估與目標價）,★未載數字,經濟日報 09/22 13:20。法人認為成長動能可延續至 2028 年，調升富世達獲利預估值及目標價。★未具名法人且原文未載調升後目標價數字，列為待確認，不建個股摘要。來源 money.udn 9770383
2026-09-22,大和資本 Daiwa（★具名，本場次回補）,外資,信驊(5274),IC設計－伺服器BMC,★原文未載制式評等（大幅調升目標價）,"26,660 元（前值 19,800 元）","經濟日報 09/22 16:30（夜間場）。★★ 回補午間場待確認項：該則「日系外資」經本稿確認為大和資本（Daiwa）。大和指出信驊受惠代理型AI（Agentic AI）前景看好，今年遠端伺服器管理晶片（BMC）出貨量將年增約50%，帶動獲利遠優於預期，據此上調2027、2028年EPS預估值各達36%、34%；目標價由19,800元調升至26,660元、調幅34.6%，居法人圈最高。信驊09/22收20,905元、大漲1,085元，創歷史收盤新高，成為台股史上首檔收盤逾2萬元個股。★已做個股docx+html摘要。來源 udn 9770936"
2026-09-22,花旗證券（★具名）,外資,信驊(5274),IC設計－伺服器BMC,★同稿揭露，未載制式評等,"25,000 元",經濟日報 09/22 16:30 同稿揭露之法人圈目標價梯度第二高。★原文僅列數字，未載報告日期、評等與論點細節，列為待確認。來源 udn 9770936
2026-09-22,富邦投顧（★具名）,內資,信驊(5274),IC設計－伺服器BMC,★同稿揭露，未載制式評等,"24,000 元",經濟日報 09/22 16:30 同稿揭露。★原文僅列數字，未載報告日期、評等與論點細節，列為待確認。來源 udn 9770936
2026-09-22,永豐投顧（★具名）,內資,信驊(5274),IC設計－伺服器BMC,★同稿揭露，未載制式評等,"23,590 元",經濟日報 09/22 16:30 同稿揭露。★原文僅列數字，未載報告日期、評等與論點細節，列為待確認。來源 udn 9770936
2026-09-22,Aletheia 資本（★具名）,外資,旺矽(6223),半導體設備－晶片測試,買進,"12,000 元","經濟日報 09/22 16:30（夜間場．新增個股）。Aletheia資本將旺矽列為晶片測試上升趨勢中的首選標的（top pick），給予「買進」評等、目標價上看12,000元，居法人圈最高。核心論點＝受惠於台系同業競爭對手市占率下滑，旺矽在輝達（NVIDIA）與Mellanox的市占率進一步提升。★原文未載目標價前值、EPS與營收預估假設。★已做個股docx+html摘要。來源 udn 9770936"
2026-09-22,瑞銀 UBS（分析師蘇厚合，★具名）,外資,創意(3443),半導體－ASIC設計服務,看多（★CMoney彙整分類，未載制式評等用語）,"8,660 元",CMoney 09/22 券商評等彙整＋工商時報 09/23 03:00。瑞銀認同創意將大啖AI商機，客戶組成多元、有台積電有力支援，有助奪得更多先進製程專案；預估2026年營收約662.54億元、EPS約58.23元。★目標價前值未載。★已做個股docx+html摘要。來源 cmoney nid=1271930、ctee 20260923700079
2026-09-23,大和資本 Daiwa（★具名．回補券商名）,外資,健策(3653),電子零組件－散熱/均熱片,買進（維持）,"9,420 元（前值 6,770 元）","工商時報 09/23 03:00 確認09/22午間場記為「日系外資」之健策9,420元即大和資本；估值採73倍預估本益比×2026Q4-2027Q3滾動EPS；可拆卸蓋板ASP較一體式高5-6倍，用於Vera Rubin/Rubin Ultra；規格升級強於預期。★待確認結案。★已做個股docx+html摘要。來源 ctee 20260923700079、ebc 572264"
2026-09-22,瑞銀 UBS（★具名）＋中信投顧（★具名）,外資,南亞科(2408),半導體－DRAM,正向（★原文未載制式評等）,★原文未載（內外資樂觀派共識6字頭以上，樂觀情境800元）,工商時報 09/22 03:00。瑞銀上修Q3 DRAM位元出貨至季增5%（原估季減8%）、ASP季增50%（原估32%），Q4再漲1成；法人估毛利率Q2 79.5%→Q3 86.1%；外資估EPS 2026/27/28=76.97/116.41/125.68元。中信投顧指AI基礎設施與伺服器營收占比已逾20%。★無具體目標價，不另做個股摘要。來源 ctee 20260922700066
2026-09-22,法人（★未具名，工商時報）,★未載,富喬(1815),電子材料－玻纖紗/玻纖布,買進,185 元,工商時報 09/22 03:00。富喬具紗布垂直整合與自有配方能力，下半年受惠二代低介電布放量、報價調漲與良率改善，營收獲利可望逐季創高；以2027年獲利評價。★已做個股docx+html摘要。來源 ctee 20260922700278
2026-09-22,法人（★未具名，工商時報）,★未載,南亞(1303),塑化/電子材料－玻纖布/CCL,買進,320 元,工商時報 09/22 03:00。中低階電子材料依然緊缺、南亞電子材料漲價延續；2027年電子相關獲利占比估提升至98%；評價處低檔。★已做個股docx+html摘要。來源 ctee 20260922700278
2026-09-23,美系外資（★未具名）,外資,廣達(2382),電腦及週邊設備－AI伺服器ODM,中立（維持）,299 元（維持）,時報資訊 09/22 12:10（張佳琪）。★回補 09/22 待確認項。美系外資(★原文未具名；經濟日報同日稿提及高盛看廣達，是否同一份待確認)維持廣達中立、目標價299元不變；上調2026-2028 EPS至27.64/29.32/33.06元；7、8月PC出貨年減30%/37%，Q3/Q4各季增約2%；新一代AI伺服器機櫃爬坡，12月營收估月增54%；資本支出2026/2027估440億/320億；目標本益比由11倍調為2027年EPS 10.7倍；風險＝AI機櫃毛利率較低拉低綜合毛利率。★已做個股docx+html摘要。來源 chinatimes 20260922002409
2026-09-23,瑞銀 UBS（★具名）,外資,大立光(3008),光學－手機鏡頭,賣出,★原文未載,經濟日報 09/23 00:39。瑞銀「智慧型手機產業」報告：記憶體價格與供應在2027年持續壓抑手機產業，2027年出貨預估下修至11.1億支(-3%)、2028年11.3億支(+2%)；Q4記憶體占旗艦BOM 35%、低階56%。台廠買進台積電、聯發科、日月光投控、鴻海，大立光賣出。★已做個股docx+html摘要。來源 udn 9771321
2026-09-23,瑞銀 UBS（★具名）,外資,台積電(2330)/聯發科(2454)/日月光投控(3711)/鴻海(2317),半導體/電子代工－手機供應鏈,買進,★原文未載,經濟日報 09/23 00:39。同份手機產業報告之擇優名單，蘋果與三星高階鏈較具韌性。★無目標價，不另做個股摘要。來源 udn 9771321
2026-09-23,法人（★未具名）,★未載,奇鋐(3017),電子零組件－散熱/水冷板,買進（維持）,"4,500 元（前值待確認）",經濟日報 09/23 12:51。VR平台GPU水冷板市占率高於預期、水冷板均價提升、AWS Trainium3貢獻、良率約八成；上修2026/2027獲利4%/17%；2027年液冷營收占比過半。★數字依WebSearch摘要，內文未直接讀取，待確認。★已做個股docx+html摘要。來源 udn 9772807
2026-09-23,投顧法人（★未具名）,內資,全新(2455),光通訊－砷化鎵磊晶,調高目標價（★未載評等）,★原文未載數字,經濟日報 09/23 12:11。7、8月營收合計8.9億元年增57.8%；光電子占比8月逾45%，2027年估60%；發射端CW Laser/EML為2027主要動能；MOCVD採購由5台增至7台。★無具體目標價，不另做個股摘要。來源 udn 9772709
2026-09-23,亞系外資（★未具名）,外資,健策(3653),電子零組件－散熱/均熱片,★未載,"8,800 元","經濟日報 09/23 12:36 健策漲停稿附帶提及，報告日與評等未載；同稿日系外資9,420元即大和資本(已收錄)。★未另做個股摘要(資訊不足)。來源 udn 9772772"
2026-09-23,瑞銀 UBS（★具名）,外資,台積電(2330)/世芯-KY(3661)/信驊(5274)/創意(3443)/聯發科(2454)/日月光投控(3711)/京元電子(2449)/萬潤(6187)/弘塑(3131)/致茂(2360)/鴻勁(7769),半導體－CoWoS/先進封裝供應鏈,買進,★原文未載,經濟日報 09/23 20:16（夜間場）。瑞銀「半導體產業」報告：ASIC與CPU成為下一波CoWoS擴產關鍵動能，2027年底全球CoWoS月產能預估由26萬片上修至27萬片（2026年底估16萬片）；即使英特爾EMIB-T與台積電CoPoS於2028-2029年量產，2028年仍有CoWoS擴產需求。日月光投控CoW產能2027年底估每月7萬片（2026年底2萬片），台積電18萬片、艾克爾2萬片；台積電2028年可能引入新OSAT夥伴量產WoS。11檔台股均給予買進。★無目標價；萬潤(6187)為自選股，另做個股docx+html摘要。來源 udn 9773857
2026-09-24,法人（★未具名）,★未載,日月光投控(3711),半導體－封測/先進封裝,調高目標價（★未載評等）,★原文未載數字,經濟日報 09/24 13:39。先進封裝與一般封裝需求同步增溫，美系大客戶CPU 9月開始出貨；Q2毛利率21.0%、EPS 4.8元創近四年新高；Non-LEAP稼動率85%以上；上調毛利率預估0.6個百分點並調高獲利預估與目標價。★無具體目標價，不另做個股摘要。來源 udn 9775389
2026-09-24,美系券商（★未具名）,外資,景碩(3189),電子零組件－ABF/BT載板,正向（重申）,★原文未載,經濟日報 09/24 開盤稿。8月自結利潤率優於預期，來自持續漲價與CPU用ABF出貨提升；估Q3毛利率28-29%、Q4再升；ASIC用ABF 2027年估占營收5%、光模組BT載板3-5%。★無具體目標價，不另做個股摘要。來源 udn 9774627
2026-09-24,美系大行（★未具名）,外資,台光電(2383)/台燿(6274),電子零組件－CCL銅箔基板,正向觀察（維持）,★原文未載,經濟日報 09/24 09:10。聯茂(6213)8月單月稅後淨利已達市場共識Q3預估52%（該行未覆蓋聯茂），對CCL產業有正面延伸意義，重申台光電、台燿正向觀察不變。★無目標價，不另做個股摘要。來源 udn 9774613
2026-09-24,法人（★未具名）,★未載,鈊象(3293),遊戲軟體－授權,調高目標價（★未載評等）,★原文未載數字,經濟日報 09/24 13:51（收盤場漏收，盤後補錄）。美國與TaDa Gaming授權放量優於預期，Q2營運亮眼；東南亞等海外市場成長動能仍強、緩解國內趨緩壓力；具高殖利率題材；調高獲利預估值及目標價。★無具體目標價，不另做個股摘要。來源 udn 9775423
2026-09-24,瑞銀 UBS（分析師林莉鈞，★具名）,外資,聯發科(2454),IC設計－ASIC/手機晶片,買進（重申）；調升目標價,"7,300 元（前值 6,500 元）","經濟日報 09/24 19:16（夜間場）。市場未充分反映谷歌TPU戰略價值；2028/2029 TPU銷售額預估由350/400億美元上修至435/525億美元；SpaceX Dojo 3、特斯拉AI6 可望帶來100-150億美元ASIC營收機會；2028/2029 EPS 上調21%/28%至362.63/432.81元；法人圈次高（最高麥格理10,000元）。來源 udn 9776183"
